accession	bac_trans_count	bac_trans_all	bac_not_trans_count	bac_not_trans_all	bac_trans_proportion	bac_not_trans_proportion	bac_trans_fold_change
COG3847	68744.0	455582.0	997.0	4292445.0	0.15089270427716636	0.00023226855556681566	649.647576741225
COG2261	47736.0	455582.0	3.0	4292445.0	0.10478025909715485	6.989023738219127e-07	149921.1664200956
COG0636	26441.0	455582.0	4.0	4292445.0	0.05803785048575229	9.318698317625503e-07	62281.07028207874
COG1987	24633.0	455582.0	0.0	4292445.0	0.054069300367442084	0.0	inf
COG1983	20272.0	455582.0	6.0	4292445.0	0.044496929202646286	1.3978047476438255e-06	31833.436878542172
COG4794	19919.0	455582.0	0.0	4292445.0	0.04372209613198063	0.0	inf
COG0690	16813.0	455582.0	16.0	4292445.0	0.03690444310793666	3.727479327050201e-06	9900.643268527949
COG5487	14927.0	455582.0	0.0	4292445.0	0.032764683415938294	0.0	inf
COG0762	12979.0	455582.0	186.0	4292445.0	0.028488834062803184	4.3331947176958586e-05	657.4556630575764
COG3197	12817.0	455582.0	18.0	4292445.0	0.02813324494822008	4.193414242931476e-06	6708.911478431252
COG2212	12733.0	455582.0	0.0	4292445.0	0.027948865407325135	0.0	inf
COG1314	11148.0	455582.0	6.0	4292445.0	0.024469799070200315	1.3978047476438255e-06	17505.87777831433
COG4095	10988.0	455582.0	4.0	4292445.0	0.02411859994468614	9.318698317625503e-07	25881.940934892074
COG3242	9615.0	455582.0	22.0	4292445.0	0.021104872448867603	5.125284074694026e-06	4117.795646308159
COG1862	9060.0	455582.0	2538.0	4292445.0	0.0198866504822403	0.0005912714082533381	33.6337089949724
COG3326	8424.0	455582.0	2.0	4292445.0	0.018490633958321442	4.6593491588127513e-07	39685.01464061354
COG0713	8398.0	455582.0	0.0	4292445.0	0.01843356410042539	0.0	inf
COG5510	8398.0	455582.0	26.0	4292445.0	0.01843356410042539	6.057153906456577e-06	3043.271540578864
COG1826	8126.0	455582.0	901.0	4292445.0	0.01783652558705129	0.00020990367960451445	84.97481140234224
COG4736	5985.0	455582.0	2.0	4292445.0	0.013137042288764701	4.6593491588127513e-07	28195.0157435983
COG2608	5807.0	455582.0	61905.0	4292445.0	0.012746333261630178	0.014421850483815168	0.8838209268591899
COG2155	4899.0	455582.0	0.0	4292445.0	0.010753278224337222	0.0	inf
COG5546	3764.0	455582.0	85.0	4292445.0	0.008261959427721025	1.9802233924954193e-05	417.2236051261644
COG4327	3728.0	455582.0	0.0	4292445.0	0.008182939624480336	0.0	inf
COG0401	3683.0	455582.0	9.0	4292445.0	0.008084164870429473	2.096707121465738e-06	3855.648119694515
COG3114	3674.0	455582.0	0.0	4292445.0	0.0080644099196193	0.0	inf
COG5454	3246.0	455582.0	1.0	4292445.0	0.0071249522588688755	2.3296745794063757e-07	30583.465698820408
COG3205	3131.0	455582.0	686.0	4292445.0	0.00687252788740556	0.00015981567614727736	43.00283960299499
COG1563	2902.0	455582.0	0.0	4292445.0	0.006369874139013394	0.0	inf
COG3630	2766.0	455582.0	1.0	4292445.0	0.006071354882326343	2.3296745794063757e-07	26060.9569078673
COG5268	2739.0	455582.0	195.0	4292445.0	0.006012090029895826	4.5428654298424326e-05	132.34136301731377
COG0759	2538.0	455582.0	8828.0	4292445.0	0.00557089612846864	0.0020566367186999482	2.7087409642234452
COG2863	2308.0	455582.0	349.0	4292445.0	0.00506604738554201	8.130564282128251e-05	62.30868128891941
COG2919	2153.0	455582.0	90.0	4292445.0	0.0047258232327001505	2.0967071214657382e-05	225.3926256231955
COG4890	2056.0	455582.0	0.0	4292445.0	0.004512908762857181	0.0	inf
COG3414	1905.0	455582.0	2868.0	4292445.0	0.004181464588153176	0.0006681506693737485	6.258265956797475
COG4575	1845.0	455582.0	654.0	4292445.0	0.004049764916085359	0.00015236071749317697	26.580111873434277
COG5477	1823.0	455582.0	0.0	4292445.0	0.004001475036327159	0.0	inf
COG3350	1766.0	455582.0	11158.0	4292445.0	0.003876360347862734	0.002599450895701634	1.491222763343041
COG1146	1743.0	455582.0	63919.0	4292445.0	0.0038258754735700706	0.014891046944107613	0.2569245458650555
COG3763	1739.0	455582.0	36.0	4292445.0	0.0038170954954322165	8.386828485862953e-06	455.1297909414039
COG1918	1555.0	455582.0	51300.0	4292445.0	0.0034132165010909124	0.011951230592354707	0.28559540163791775
COG2076	1468.0	455582.0	0.0	4292445.0	0.0032222519765925783	0.0	inf
COG4392	1403.0	455582.0	57.0	4292445.0	0.0030795773318524435	1.3279145102616342e-05	231.91081263549756
COG4980	1378.0	455582.0	57.0	4292445.0	0.0030247024684908535	1.3279145102616342e-05	227.77840328703897
COG2771	1343.0	455582.0	197421.0	4292445.0	0.0029478776597846273	0.04599266851409861	0.06409451234343977
COG4298	1332.0	455582.0	0.0	4292445.0	0.0029237327199055276	0.0	inf
COG2991	1222.0	455582.0	11.0	4292445.0	0.0026822833211145305	2.562642037347013e-06	1046.6866936637691
COG5572	1214.0	455582.0	2.0	4292445.0	0.0026647233648388214	4.6593491588127513e-07	5719.089241892787
COG3169	1129.0	455582.0	1.0	4292445.0	0.0024781488294094147	2.3296745794063757e-07	10637.317552054295
COG5567	1108.0	455582.0	2.0	4292445.0	0.002432053944185679	4.6593491588127513e-07	5219.728896225048
COG4317	992.0	455582.0	81.0	4292445.0	0.0021774345781879	1.8870364093191642e-05	115.38911318481186
COG1320	966.0	455582.0	3.0	4292445.0	0.0021203647202918466	6.989023738219127e-07	3033.8496472643783
COG1476	958.0	455582.0	166610.0	4292445.0	0.0021028047640161375	0.03881470816748962	0.05417546242888932
COG3702	939.0	455582.0	4.0	4292445.0	0.002061099867861329	9.318698317625503e-07	2211.7894555755056
COG3116	926.0	455582.0	6.0	4292445.0	0.0020325649389133023	1.3978047476438255e-06	1454.1122015356182
COG4818	907.0	455582.0	4.0	4292445.0	0.0019908600427584935	9.318698317625503e-07	2136.4143090596203
COG1977	882.0	455582.0	69000.0	4292445.0	0.0019359851793969032	0.01607475459790399	0.12043637541125132
COG3162	874.0	455582.0	1.0	4292445.0	0.0019184252231211943	2.3296745794063757e-07	8234.734756860455
COG1925	848.0	455582.0	31762.0	4292445.0	0.0018613553652251406	0.007399512399110531	0.2515510840212779
COG0333	842.0	455582.0	30647.0	4292445.0	0.001848185398018359	0.0071397536835067195	0.2588584256467816
COG2770	816.0	455582.0	154.0	4292445.0	0.0017911155401223052	3.587698852285819e-05	49.92379834169018
COG1687	783.0	455582.0	62.0	4292445.0	0.001718680720485006	1.4443982392319529e-05	118.98939460068165
COG1773	783.0	455582.0	28084.0	4292445.0	0.001718680720485006	0.006542658088804865	0.26268845126200907
COG1006	731.0	455582.0	0.0	4292445.0	0.0016045410046928983	0.0	inf
COG0254	730.0	455582.0	47771.0	4292445.0	0.0016023460101584348	0.011129088433282197	0.14397819010643534
COG2104	718.0	455582.0	60773.0	4292445.0	0.0015760060757448713	0.014158131321426367	0.11131455415728521
COG5569	682.0	455582.0	58.0	4292445.0	0.0014969862725041814	1.3512112560556979e-05	110.78846966343467
COG5591	670.0	455582.0	8.0	4292445.0	0.0014706463380906182	1.8637396635251005e-06	789.0835650881729
COG3042	658.0	455582.0	18.0	4292445.0	0.001444306403677055	4.193414242931476e-06	344.42254449619753
COG4836	652.0	455582.0	0.0	4292445.0	0.0014311364364702733	0.0	inf
COG1141	645.0	455582.0	42388.0	4292445.0	0.001415771474729028	0.009875024607187744	0.14336890600743707
COG4541	636.0	455582.0	8.0	4292445.0	0.0013960165239188555	1.8637396635251005e-06	749.040518501609
COG2929	621.0	455582.0	39164.0	4292445.0	0.0013630916059019012	0.00912393752278713	0.14939729721927245
COG5645	542.0	455582.0	69.0	4292445.0	0.0011896870376792762	1.607475459790399e-05	74.00965473117711
COG2501	541.0	455582.0	17179.0	4292445.0	0.0011874920431448127	0.004002147959962212	0.2967136785107827
COG3655	534.0	455582.0	101071.0	4292445.0	0.0011721270814035673	0.02354625394151818	0.04977976897364561
COG5547	518.0	455582.0	0.0	4292445.0	0.0011370071688521495	0.0	inf
COG4459	509.0	455582.0	0.0	4292445.0	0.001117252218041977	0.0	inf
COG4654	509.0	455582.0	309.0	4292445.0	0.001117252218041977	7.1986944503657e-05	15.52020613939545
COG0695	498.0	455582.0	62849.0	4292445.0	0.0010931072781628773	0.01464177176411113	0.0746567625676439
COG3838	496.0	455582.0	0.0	4292445.0	0.00108871728909395	0.0	inf
COG3668	495.0	455582.0	38779.0	4292445.0	0.0010865222945594865	0.009034245051479983	0.12026708245881522
COG3924	495.0	455582.0	0.0	4292445.0	0.0010865222945594865	0.0	inf
COG1440	467.0	455582.0	1393.0	4292445.0	0.0010250624475945055	0.00032452366891130814	3.15866775151816
COG0776	464.0	455582.0	84715.0	4292445.0	0.0010184774639911147	0.01973583819944111	0.05160548306582471
COG2314	460.0	455582.0	1.0	4292445.0	0.0010096974858532601	2.3296745794063757e-07	4334.070924663397
COG4323	438.0	455582.0	5.0	4292445.0	0.0009614076060950608	1.1648372897031878e-06	825.3578543489426
COG4680	435.0	455582.0	7538.0	4292445.0	0.00095482262249167	0.0017561086979565258	0.5437149896260621
COG2442	434.0	455582.0	45107.0	4292445.0	0.0009526276279572064	0.010508463125328339	0.09065337305710357
COG3776	428.0	455582.0	0.0	4292445.0	0.0009394576607504247	0.0	inf
COG1254	394.0	455582.0	37505.0	4292445.0	0.000864827846578662	0.008737444510063612	0.09897949515817477
COG3237	391.0	455582.0	44803.0	4292445.0	0.0008582428629752712	0.010437641018114384	0.08222575019449341
COG1930	387.0	455582.0	19.0	4292445.0	0.0008494628848374167	4.426381700872113e-06	191.9090901424182
COG2827	382.0	455582.0	40458.0	4292445.0	0.0008384879121650987	0.009425397413362315	0.08896048361593546
COG3771	373.0	455582.0	0.0	4292445.0	0.0008187329613549262	0.0	inf
COG0267	373.0	455582.0	28990.0	4292445.0	0.0008187329613549262	0.006753726605699083	0.12122684395664526
COG2906	364.0	455582.0	11060.0	4292445.0	0.0007989780105447538	0.0025766200848234516	0.3100876280716795
COG2336	364.0	455582.0	20761.0	4292445.0	0.0007989780105447538	0.0048366373943055764	0.16519286963406268
COG2026	338.0	455582.0	56791.0	4292445.0	0.0007419081526486999	0.013230454903906747	0.05607578560504567
COG4537	321.0	455582.0	11.0	4292445.0	0.0007045932455628186	2.562642037347013e-06	274.94797763180844
COG1923	316.0	455582.0	17105.0	4292445.0	0.0006936182728905005	0.003984908368074605	0.17406128543568924
COG1669	303.0	455582.0	25976.0	4292445.0	0.0006650833439424736	0.006051562687466002	0.1099027438515996
COG4104	297.0	455582.0	6949.0	4292445.0	0.000651913376735692	0.0016188908652294905	0.4026913677366869
COG0347	297.0	455582.0	2646.0	4292445.0	0.000651913376735692	0.000616431893710927	1.0575594536667563
COG5336	294.0	455582.0	0.0	4292445.0	0.0006453283931323012	0.0	inf
COG2142	274.0	455582.0	0.0	4292445.0	0.0006014285024430289	0.0	inf
COG3311	254.0	455582.0	38620.0	4292445.0	0.0005575286117537568	0.008997203225667423	0.061966879903660135
COG3790	242.0	455582.0	0.0	4292445.0	0.0005311886773401934	0.0	inf
COG5548	241.0	455582.0	0.0	4292445.0	0.0005289936828057298	0.0	inf
COG3830	240.0	455582.0	9727.0	4292445.0	0.0005267986882712662	0.0022660744633885817	0.2324719230468341
COG3759	239.0	455582.0	1.0	4292445.0	0.0005246036937368026	2.3296745794063757e-07	2251.8325021620694
COG4238	226.0	455582.0	1.0	4292445.0	0.0004960687647887757	2.3296745794063757e-07	2129.3478890737565
COG5416	220.0	455582.0	0.0	4292445.0	0.00048289879758199404	0.0	inf
COG0011	219.0	455582.0	4153.0	4292445.0	0.0004807038030475304	0.0009675138528274677	0.49684436211710975
COG5457	211.0	455582.0	4784.0	4292445.0	0.00046314384677182156	0.0011145163187880102	0.41555591332702163
COG1724	202.0	455582.0	49975.0	4292445.0	0.0004433888959616491	0.011642548710583362	0.03808349073588996
COG2835	197.0	455582.0	33569.0	4292445.0	0.000432413923289331	0.007820484595609262	0.055292471713595054
COG3695	187.0	455582.0	7474.0	4292445.0	0.0004104639779446949	0.001741198780648325	0.23573642625218305
COG1278	187.0	455582.0	106469.0	4292445.0	0.0004104639779446949	0.02480381227948174	0.016548423013354272
COG3125	178.0	455582.0	0.0	4292445.0	0.00039070902713452243	0.0	inf
COG3296	167.0	455582.0	0.0	4292445.0	0.0003665640872554227	0.0	inf
COG0640	167.0	455582.0	13803.0	4292445.0	0.0003665640872554227	0.0032156498219546204	0.11399378276600036
COG3462	164.0	455582.0	2.0	4292445.0	0.0003599791036520319	4.6593491588127513e-07	772.595251787823
COG1550	162.0	455582.0	13034.0	4292445.0	0.0003555891145831047	0.00303649784679827	0.11710501127410425
COG3767	158.0	455582.0	3.0	4292445.0	0.00034680913644525023	6.989023738219127e-07	496.21971456291067
COG1742	158.0	455582.0	0.0	4292445.0	0.00034680913644525023	0.0	inf
COG3077	157.0	455582.0	16124.0	4292445.0	0.00034461414191078665	0.00375636729183484	0.09174133281904283
COG3152	155.0	455582.0	0.0	4292445.0	0.0003402241528418594	0.0	inf
COG2154	154.0	455582.0	17256.0	4292445.0	0.00033802915830739584	0.004020086454223642	0.08408504696515934
COG2443	153.0	455582.0	0.0	4292445.0	0.0003358341637729322	0.0	inf
COG0236	150.0	455582.0	156109.0	4292445.0	0.0003292491801695414	0.03636831689165499	0.009053187178015662
COG3474	149.0	455582.0	441.0	4292445.0	0.00032705418563507775	0.00010273864895182116	3.1833607797241754
COG4576	148.0	455582.0	18869.0	4292445.0	0.00032485919110061416	0.0043958629638818905	0.0739011187950541
COG3411	146.0	455582.0	5082.0	4292445.0	0.00032046920203168694	0.00118394062125432	0.2706801306404771
COG3093	143.0	455582.0	14701.0	4292445.0	0.0003138842184282961	0.0034248545991853127	0.09164891803084468
COG3113	143.0	455582.0	7464.0	4292445.0	0.0003138842184282961	0.0017388691060689187	0.18051054983540296
COG5470	140.0	455582.0	23258.0	4292445.0	0.00030729923482490526	0.005418357136783348	0.05671446659334382
COG0425	132.0	455582.0	35675.0	4292445.0	0.0002897392785491964	0.008311114062032245	0.034861665522413605
COG3584	130.0	455582.0	1445.0	4292445.0	0.0002853492894802692	0.0003366379767242213	0.8476443812340028
COG4897	130.0	455582.0	0.0	4292445.0	0.0002853492894802692	0.0	inf
COG0230	130.0	455582.0	22001.0	4292445.0	0.0002853492894802692	0.005125517042151967	0.055672293572252805
COG3549	129.0	455582.0	27638.0	4292445.0	0.0002831542949458056	0.006438754602563341	0.04397656261555281
COG4023	128.0	455582.0	6.0	4292445.0	0.00028095930041134197	1.3978047476438255e-06	201.00039070902713
COG1598	126.0	455582.0	51089.0	4292445.0	0.00027656931134241474	0.011902074458729232	0.02323706781548262
COG3585	126.0	455582.0	18370.0	4292445.0	0.00027656931134241474	0.004279612202369512	0.06462485343631962
COG3423	125.0	455582.0	1371.0	4292445.0	0.00027437431680795116	0.0003193983848366141	0.8590347660909597
COG4453	123.0	455582.0	11516.0	4292445.0	0.00026998432773902393	0.0026828532456443822	0.10063328218841043
COG2146	119.0	455582.0	3949.0	4292445.0	0.0002612043496011695	0.0009199884914075778	0.28392132297386474
COG0211	117.0	455582.0	51201.0	4292445.0	0.00025681436053224226	0.011928166814018584	0.021530077885096397
COG2052	113.0	455582.0	9395.0	4292445.0	0.00024803438239438786	0.00218872926735229	0.113323464027342
COG4744	108.0	455582.0	3.0	4292445.0	0.0002370594097220698	6.989023738219127e-07	339.1881593214833
COG0271	107.0	455582.0	35067.0	4292445.0	0.00023486441518760618	0.008169469847604338	0.028749039970626635
COG1188	107.0	455582.0	5888.0	4292445.0	0.00023486441518760618	0.001371712392354474	0.1712198683169097
COG1841	97.0	455582.0	55542.0	4292445.0	0.0002129144698429701	0.012939478548938892	0.016454640659412836
COG5466	96.0	455582.0	5300.0	4292445.0	0.00021071947530850647	0.0012347275270853792	0.1706607090925702
COG1145	86.0	455582.0	2232.0	4292445.0	0.00018876952996387038	0.0005199833661235031	0.3630299395366333
COG3856	85.0	455582.0	0.0	4292445.0	0.0001865745354294068	0.0	inf
COG1534	84.0	455582.0	10607.0	4292445.0	0.00018437954089494318	0.002471085826376343	0.07461478631251008
COG1359	83.0	455582.0	25943.0	4292445.0	0.00018218454636047957	0.00604387476135396	0.030143666696307626
COG2963	80.0	455582.0	24674.0	4292445.0	0.00017559956275708873	0.005748239057227291	0.03054840987107286
COG1677	77.0	455582.0	2326.0	4292445.0	0.00016901457915369792	0.000541882307169923	0.31190274514849303
COG2088	73.0	455582.0	7999.0	4292445.0	0.00016023460101584347	0.0018635066960671599	0.08598552468526718
COG3952	71.0	455582.0	0.0	4292445.0	0.00015584461194691624	0.0	inf
COG1366	68.0	455582.0	6823.0	4292445.0	0.00014925962834352543	0.00158953696552897	0.09390132571962832
COG3041	68.0	455582.0	24578.0	4292445.0	0.00014925962834352543	0.00572587418126499	0.0260675704038174
COG4391	67.0	455582.0	7268.0	4292445.0	0.00014706463380906182	0.0016932074843125538	0.08685564833111425
COG0298	67.0	455582.0	22473.0	4292445.0	0.00014706463380906182	0.005235477682299948	0.028090012551530208
COG0257	65.0	455582.0	10868.0	4292445.0	0.0001426746447401346	0.002531890332898849	0.05635103656989024
COG0361	64.0	455582.0	41247.0	4292445.0	0.00014047965020567098	0.009609208737677477	0.014619273453271301
COG2337	63.0	455582.0	2099.0	4292445.0	0.00013828465567120737	0.0004889986942173982	0.2827914620355387
COG2960	62.0	455582.0	4038.0	4292445.0	0.00013608966113674376	0.0009407225951642944	0.14466502860280092
COG4272	61.0	455582.0	0.0	4292445.0	0.00013389466660228017	0.0	inf
COG4118	60.0	455582.0	47391.0	4292445.0	0.00013169967206781656	0.011040560799264755	0.011928712178876555
COG1950	60.0	455582.0	0.0	4292445.0	0.00013169967206781656	0.0	inf
COG0633	59.0	455582.0	7203.0	4292445.0	0.00012950467753335295	0.0016780645995464125	0.07717502506659076
COG1144	59.0	455582.0	2257.0	4292445.0	0.00012950467753335295	0.000525807552572019	0.2462967237725535
COG3794	58.0	455582.0	97.0	4292445.0	0.00012730968299888934	2.2597843420241844e-05	5.633709404537809
COG2093	58.0	455582.0	132.0	4292445.0	0.00012730968299888934	3.075170444816416e-05	4.139922820001269
COG3937	57.0	455582.0	669.0	4292445.0	0.00012511468846442572	0.00015585522936228653	0.8027622106512434
COG2914	57.0	455582.0	3370.0	4292445.0	0.00012511468846442572	0.0007851003332599486	0.15936140027468304
COG5453	56.0	455582.0	1238.0	4292445.0	0.0001229196939299621	0.0002884137129305093	0.42619226624490814
COG4068	55.0	455582.0	2.0	4292445.0	0.00012072469939549851	4.6593491588127513e-07	259.1020661483553
COG0227	55.0	455582.0	31254.0	4292445.0	0.00012072469939549851	0.007281164930476687	0.01658040994102229
COG4539	54.0	455582.0	0.0	4292445.0	0.0001185297048610349	0.0	inf
COG0234	54.0	455582.0	53566.0	4292445.0	0.0001185297048610349	0.012479134852048192	0.009498230948404305
COG2868	53.0	455582.0	1827.0	4292445.0	0.00011633471032657129	0.0004256315456575448	0.2733225756254731
COG4456	53.0	455582.0	19256.0	4292445.0	0.00011633471032657129	0.004486021370104917	0.025932714253621692
COG5475	51.0	455582.0	2276.0	4292445.0	0.00011194472125764407	0.0005302339342728911	0.21112326847046045
COG3422	50.0	455582.0	6695.0	4292445.0	0.00010974972672318046	0.0015597171309125685	0.07036514797972851
COG4115	50.0	455582.0	20194.0	4292445.0	0.00010974972672318046	0.004704544845653235	0.023328447346948715
COG0268	49.0	455582.0	60012.0	4292445.0	0.00010755473218871685	0.013980843085933541	0.007693007605308883
COG3529	49.0	455582.0	874.0	4292445.0	0.00010755473218871685	0.00020361355824011722	0.5282297167160146
COG1970	48.0	455582.0	2.0	4292445.0	0.00010535973765425324	4.6593491588127513e-07	226.1254395476555
COG2127	47.0	455582.0	3903.0	4292445.0	0.00010316474311978964	0.0009092719883423084	0.11345861793000908
COG5007	47.0	455582.0	26788.0	4292445.0	0.00010316474311978964	0.006240732263313799	0.016530871501449357
COG2331	47.0	455582.0	12143.0	4292445.0	0.00010316474311978964	0.0028289238417731617	0.03646784038382817
COG3339	45.0	455582.0	61.0	4292445.0	9.877475405086241e-05	1.4211014934378892e-05	6.9505770352762966
COG0278	45.0	455582.0	3193.0	4292445.0	9.877475405086241e-05	0.0007438650932044558	0.13278584376819733
COG5455	45.0	455582.0	1.0	4292445.0	9.877475405086241e-05	2.3296745794063757e-07	423.9851991518541
COG0239	45.0	455582.0	0.0	4292445.0	9.877475405086241e-05	0.0	inf
COG0316	45.0	455582.0	3593.0	4292445.0	9.877475405086241e-05	0.0008370520763807108	0.11800311693622435
COG3831	44.0	455582.0	2233.0	4292445.0	9.65797595163988e-05	0.0005202163335814437	0.18565307023617036
COG2747	44.0	455582.0	4599.0	4292445.0	9.65797595163988e-05	0.0010714173390689921	0.09014205388940388
COG3062	42.0	455582.0	1569.0	4292445.0	9.218977044747159e-05	0.00036552594150886036	0.2522112933131913
COG2359	41.0	455582.0	4335.0	4292445.0	8.999477591300798e-05	0.0010099139301726638	0.08911133238613876
COG3080	41.0	455582.0	0.0	4292445.0	8.999477591300798e-05	0.0	inf
COG2383	41.0	455582.0	1.0	4292445.0	8.999477591300798e-05	2.3296745794063757e-07	386.2976258939115
COG4828	39.0	455582.0	16.0	4292445.0	8.560478684408075e-05	3.727479327050201e-06	22.965864954058762
COG1872	39.0	455582.0	12683.0	4292445.0	8.560478684408075e-05	0.0029547262690611063	0.028972154794996468
COG3360	39.0	455582.0	35705.0	4292445.0	8.560478684408075e-05	0.008318103085770464	0.010291383259065683
COG2879	37.0	455582.0	2883.0	4292445.0	8.121479777515354e-05	0.0006716451812428581	0.12091919966561532
COG1942	37.0	455582.0	21086.0	4292445.0	8.121479777515354e-05	0.004912351818136283	0.01653277305491648
COG0838	37.0	455582.0	0.0	4292445.0	8.121479777515354e-05	0.0	inf
COG3245	37.0	455582.0	7.0	4292445.0	8.121479777515354e-05	1.6307722055844629e-06	49.801436090852704
COG2350	36.0	455582.0	18124.0	4292445.0	7.901980324068993e-05	0.004222302207716115	0.01871486202391764
COG3024	36.0	455582.0	11670.0	4292445.0	7.901980324068993e-05	0.0027187302341672402	0.0290649665228349
COG2832	35.0	455582.0	3.0	4292445.0	7.682480870622632e-05	6.989023738219127e-07	109.9220886689992
COG0607	35.0	455582.0	9987.0	4292445.0	7.682480870622632e-05	0.0023266460024531474	0.03301955201832358
COG4256	34.0	455582.0	2648.0	4292445.0	7.462981417176272e-05	0.0006168978286268083	0.12097597156061632
COG1873	33.0	455582.0	7739.0	4292445.0	7.24348196372991e-05	0.0018029351570025942	0.040176053673346215
COG3123	33.0	455582.0	2178.0	4292445.0	7.24348196372991e-05	0.0005074031233947086	0.1427559593103886
COG5467	33.0	455582.0	187.0	4292445.0	7.24348196372991e-05	4.356491463489922e-05	1.662687055497467
COG0393	33.0	455582.0	1622.0	4292445.0	7.24348196372991e-05	0.0003778732167797141	0.19169080109619382
COG4519	30.0	455582.0	227.0	4292445.0	6.584983603390828e-05	5.2883612952524723e-05	1.2451841384782796
COG4839	29.0	455582.0	0.0	4292445.0	6.365484149944467e-05	0.0	inf
COG3313	27.0	455582.0	2409.0	4292445.0	5.926485243051745e-05	0.0005612186061789959	0.10560029866795867
COG2168	27.0	455582.0	2615.0	4292445.0	5.926485243051745e-05	0.0006092099025147672	0.09728149884937379
COG5004	27.0	455582.0	2230.0	4292445.0	5.926485243051745e-05	0.0005195174312076217	0.11407673519780828
COG0828	26.0	455582.0	27640.0	4292445.0	5.706985789605384e-05	0.006439220537479222	0.008862851887721665
COG2149	26.0	455582.0	0.0	4292445.0	5.706985789605384e-05	0.0	inf
COG2161	26.0	455582.0	34391.0	4292445.0	5.706985789605384e-05	0.008011983846036467	0.007123062027176494
COG0089	26.0	455582.0	41079.0	4292445.0	5.706985789605384e-05	0.00957007020474345	0.005963368781533797
COG3784	25.0	455582.0	128.0	4292445.0	5.487486336159023e-05	2.981983461640161e-05	1.8402135379854778
COG0694	25.0	455582.0	14665.0	4292445.0	5.487486336159023e-05	0.00341646777069945	0.016061870634990875
COG1558	24.0	455582.0	94.0	4292445.0	5.267986882712662e-05	2.189894104641993e-05	2.4055897824218673
COG4545	24.0	455582.0	8528.0	4292445.0	5.267986882712662e-05	0.001986746481317757	0.026515647226507448
COG0291	24.0	455582.0	43792.0	4292445.0	5.267986882712662e-05	0.0102021109181364	0.0051636243959548665
COG3377	23.0	455582.0	383.0	4292445.0	5.048487429266301e-05	8.922653639126419e-05	0.565805603741958
COG4274	23.0	455582.0	13556.0	4292445.0	5.048487429266301e-05	0.003158106859843283	0.01598580305644511
COG5272	21.0	455582.0	2393.0	4292445.0	4.6094885223735795e-05	0.0005574911268519456	0.08268272444805626
COG2388	21.0	455582.0	13632.0	4292445.0	4.6094885223735795e-05	0.003175812386646771	0.014514360299603771
COG2257	21.0	455582.0	7280.0	4292445.0	4.6094885223735795e-05	0.0016960030938078414	0.027178538407170136
COG5605	21.0	455582.0	0.0	4292445.0	4.6094885223735795e-05	0.0	inf
COG3136	21.0	455582.0	0.0	4292445.0	4.6094885223735795e-05	0.0	inf
COG5544	20.0	455582.0	42.0	4292445.0	4.389989068927218e-05	9.784633233506778e-06	4.486615864040784
COG0185	20.0	455582.0	29476.0	4292445.0	4.389989068927218e-05	0.0068669487902582324	0.006392925304984155
COG1582	20.0	455582.0	9332.0	4292445.0	4.389989068927218e-05	0.0021740523175020295	0.020192656053334007
COG3895	19.0	455582.0	27.0	4292445.0	4.1704896154808576e-05	6.2901213643972145e-06	6.630221221304715
COG0186	19.0	455582.0	47161.0	4292445.0	4.1704896154808576e-05	0.010986978283938409	0.0037958476914235766
COG1445	18.0	455582.0	31.0	4292445.0	3.9509901620344964e-05	7.221991196159764e-06	5.470776763249731
COG4481	18.0	455582.0	12828.0	4292445.0	3.9509901620344964e-05	0.0029885065504624986	0.01322061737299202
COG3870	18.0	455582.0	1616.0	4292445.0	3.9509901620344964e-05	0.0003764754120320703	0.10494683147323122
COG3609	18.0	455582.0	21041.0	4292445.0	3.9509901620344964e-05	0.004901868282528955	0.008060172028931212
COG5606	17.0	455582.0	4260.0	4292445.0	3.731490708588136e-05	0.000992441370827116	0.037599104776116436
COG0727	17.0	455582.0	65.0	4292445.0	3.731490708588136e-05	1.5142884766141441e-05	2.4641874822500927
COG3809	16.0	455582.0	3064.0	4292445.0	3.5119912551417746e-05	0.0007138122911301135	0.049200487281909386
COG4877	16.0	455582.0	9421.0	4292445.0	3.5119912551417746e-05	0.0021947864212587464	0.01600151714592616
COG3815	15.0	455582.0	0.0	4292445.0	3.292491801695414e-05	0.0	inf
COG3592	15.0	455582.0	2909.0	4292445.0	3.292491801695414e-05	0.0006777023351493146	0.04858315562642995
COG0222	15.0	455582.0	43.0	4292445.0	3.292491801695414e-05	1.0017600691447415e-05	3.286706970169412
COG3323	15.0	455582.0	197.0	4292445.0	3.292491801695414e-05	4.58945892143056e-05	0.7174030442501762
COG1837	14.0	455582.0	33694.0	4292445.0	3.072992348249053e-05	0.007849605527851841	0.00391483665942895
COG2965	14.0	455582.0	1225.0	4292445.0	3.072992348249053e-05	0.000285385135977281	0.10767878073697883
COG1393	14.0	455582.0	2856.0	4292445.0	3.072992348249053e-05	0.0006653550598784609	0.04618575154159631
COG1358	14.0	455582.0	866.0	4292445.0	3.072992348249053e-05	0.00020174981857659213	0.15231698198937535
COG1388	14.0	455582.0	980.0	4292445.0	3.072992348249053e-05	0.0002283081087818248	0.1345984759212235
COG3293	14.0	455582.0	57.0	4292445.0	3.072992348249053e-05	1.3279145102616342e-05	2.314149235136825
COG2740	14.0	455582.0	13090.0	4292445.0	3.072992348249053e-05	0.003049544024442946	0.010076891245439194
COG1644	14.0	455582.0	2124.0	4292445.0	3.072992348249053e-05	0.0004948228806659142	0.06210287495423684
COG2034	14.0	455582.0	0.0	4292445.0	3.072992348249053e-05	0.0	inf
COG4842	13.0	455582.0	6845.0	4292445.0	2.853492894802692e-05	0.001594662249603664	0.01789402674774484
COG1996	13.0	455582.0	394.0	4292445.0	2.853492894802692e-05	9.17891784286112e-05	0.3108746525084097
COG4197	13.0	455582.0	174.0	4292445.0	2.853492894802692e-05	4.0536337681670935e-05	0.7039345579788127
COG1436	13.0	455582.0	1009.0	4292445.0	2.853492894802692e-05	0.0002350641650621033	0.12139208432934925
COG5584	13.0	455582.0	13.0	4292445.0	2.853492894802692e-05	3.0285769532282883e-06	9.421893314485647
COG5570	13.0	455582.0	12005.0	4292445.0	2.853492894802692e-05	0.002796774332577354	0.01020279992405776
COG2002	13.0	455582.0	17156.0	4292445.0	2.853492894802692e-05	0.003996789708429578	0.007139462175816823
COG4844	13.0	455582.0	458.0	4292445.0	2.853492894802692e-05	0.00010669909573681201	0.26743365303125194
COG2363	12.0	455582.0	0.0	4292445.0	2.633993441356331e-05	0.0	inf
COG4466	12.0	455582.0	3526.0	4292445.0	2.633993441356331e-05	0.0008214432566986881	0.03206543385531133
COG1758	12.0	455582.0	24643.0	4292445.0	2.633993441356331e-05	0.005741017066031131	0.004588025799368086
COG5509	12.0	455582.0	4623.0	4292445.0	2.633993441356331e-05	0.0010770085580595675	0.024456569278353397
COG1654	12.0	455582.0	427.0	4292445.0	2.633993441356331e-05	9.947710454065224e-05	0.26478388705814465
COG3636	12.0	455582.0	6892.0	4292445.0	2.633993441356331e-05	0.001605611720126874	0.016404921615471236
COG4679	12.0	455582.0	841.0	4292445.0	2.633993441356331e-05	0.00019592563212807618	0.13443843017101995
COG1722	12.0	455582.0	41353.0	4292445.0	2.633993441356331e-05	0.009633903288219186	0.0027340874851601517
COG2900	11.0	455582.0	12121.0	4292445.0	2.41449398790997e-05	0.002823798557698468	0.008550517816957521
COG2510	11.0	455582.0	0.0	4292445.0	2.41449398790997e-05	0.0	inf
COG2732	11.0	455582.0	2871.0	4292445.0	2.41449398790997e-05	0.0006688495717475704	0.03609920810147758
COG5646	10.0	455582.0	315.0	4292445.0	2.194994534463609e-05	7.338474925130083e-05	0.29910772426938564
COG0718	10.0	455582.0	8300.0	4292445.0	2.194994534463609e-05	0.0019336299009072918	0.011351678692151382
COG3905	10.0	455582.0	13221.0	4292445.0	2.194994534463609e-05	0.0030800627614331693	0.007126460414859426
COG3070	10.0	455582.0	134.0	4292445.0	2.194994534463609e-05	3.1217639364045434e-05	0.7031263667526602
COG1324	9.0	455582.0	768.0	4292445.0	1.9754950810172482e-05	0.00017891900769840966	0.11041281227912866
COG1430	9.0	455582.0	113.0	4292445.0	1.9754950810172482e-05	2.6325322747292043e-05	0.7504162816846975
COG0517	9.0	455582.0	2414.0	4292445.0	1.9754950810172482e-05	0.0005623834434686991	0.03512719131332677
COG5565	9.0	455582.0	98.0	4292445.0	1.9754950810172482e-05	2.283081087818248e-05	0.8652759166364369
COG2456	9.0	455582.0	0.0	4292445.0	1.9754950810172482e-05	0.0	inf
COG2913	9.0	455582.0	0.0	4292445.0	1.9754950810172482e-05	0.0	inf
COG4691	9.0	455582.0	6098.0	4292445.0	1.9754950810172482e-05	0.001420635558522008	0.013905713320821715
COG1343	9.0	455582.0	14705.0	4292445.0	1.9754950810172482e-05	0.0034257864690170753	0.0057665447011472845
COG5450	8.0	455582.0	2807.0	4292445.0	1.7559956275708873e-05	0.0006539396544393696	0.026852563774807686
COG3530	8.0	455582.0	5176.0	4292445.0	1.7559956275708873e-05	0.00120583956230074	0.014562431707087552
COG1264	8.0	455582.0	2014.0	4292445.0	1.7559956275708873e-05	0.00046919646029244404	0.03742559409924785
COG3369	8.0	455582.0	3221.0	4292445.0	1.7559956275708873e-05	0.0007503881820267935	0.02340116315302241
COG4311	8.0	455582.0	6380.0	4292445.0	1.7559956275708873e-05	0.0014863323816612676	0.011814286287756296
COG5471	8.0	455582.0	46.0	4292445.0	1.7559956275708873e-05	1.0716503065269328e-05	1.6385901416496778
COG3036	8.0	455582.0	393.0	4292445.0	1.7559956275708873e-05	9.155621097067056e-05	0.1917942659437282
COG4829	8.0	455582.0	2191.0	4292445.0	1.7559956275708873e-05	0.0005104317003479369	0.034402166369641794
COG0140	8.0	455582.0	9056.0	4292445.0	1.7559956275708873e-05	0.0021097532991104138	0.008323227309616295
COG0721	8.0	455582.0	45882.0	4292445.0	1.7559956275708873e-05	0.010689012905232333	0.0016428042917894855
COG3251	7.0	455582.0	6448.0	4292445.0	1.5364961741245264e-05	0.001502174168801231	0.010228482196246825
COG4338	7.0	455582.0	845.0	4292445.0	1.5364961741245264e-05	0.00019685750195983873	0.07805118722059116
COG5481	7.0	455582.0	9474.0	4292445.0	1.5364961741245264e-05	0.0022071336965296	0.006961500232362205
COG1551	7.0	455582.0	17061.0	4292445.0	1.5364961741245264e-05	0.003974657799925218	0.003865731973588859
COG5294	7.0	455582.0	21.0	4292445.0	1.5364961741245264e-05	4.892316616753389e-06	3.140631104828549
COG0594	7.0	455582.0	403.0	4292445.0	1.5364961741245264e-05	9.388588555007694e-05	0.1636557151399492
COG2440	7.0	455582.0	2141.0	4292445.0	1.5364961741245264e-05	0.000498783327450905	0.030804882392059568
COG1694	7.0	455582.0	2155.0	4292445.0	1.5364961741245264e-05	0.000502044871862074	0.030604757866078667
COG2888	7.0	455582.0	40.0	4292445.0	1.5364961741245264e-05	9.318698317625502e-06	1.6488313300349882
COG3100	7.0	455582.0	830.0	4292445.0	1.5364961741245264e-05	0.00019336299009072917	0.07946175084505967
COG4423	6.0	455582.0	8983.0	4292445.0	1.3169967206781655e-05	0.0020927466746807474	0.006293149269388163
COG2198	6.0	455582.0	51.0	4292445.0	1.3169967206781655e-05	1.1881340354972516e-05	1.1084580369983112
COG3357	6.0	455582.0	730.0	4292445.0	1.3169967206781655e-05	0.0001700662442966654	0.0774402190231697
COG5460	6.0	455582.0	3611.0	4292445.0	1.3169967206781655e-05	0.0008412454906236422	0.01565531982467845
COG5508	6.0	455582.0	1065.0	4292445.0	1.3169967206781655e-05	0.000248110342706779	0.05308108909569379
COG4495	6.0	455582.0	495.0	4292445.0	1.3169967206781655e-05	0.0001153188916806156	0.11420476744831086
COG2151	6.0	455582.0	4908.0	4292445.0	1.3169967206781655e-05	0.001143404283572649	0.011518206985923774
COG3304	6.0	455582.0	0.0	4292445.0	1.3169967206781655e-05	0.0	inf
COG0073	6.0	455582.0	2890.0	4292445.0	1.3169967206781655e-05	0.0006732759534484426	0.019561024182323142
COG2372	6.0	455582.0	11.0	4292445.0	1.3169967206781655e-05	2.562642037347013e-06	5.1392145351739895
COG5194	5.0	455582.0	96.0	4292445.0	1.0974972672318046e-05	2.2364875962301207e-05	0.49072361012946075
COG1569	5.0	455582.0	43.0	4292445.0	1.0974972672318046e-05	1.0017600691447415e-05	1.0955689900564705
COG2329	5.0	455582.0	7365.0	4292445.0	1.0974972672318046e-05	0.0017158053277327957	0.006396397362176271
COG4895	5.0	455582.0	5672.0	4292445.0	1.0974972672318046e-05	0.0013213914214392963	0.008305618225040239
COG2886	5.0	455582.0	4490.0	4292445.0	1.0974972672318046e-05	0.0010460238861534625	0.010492086096309184
COG0228	5.0	455582.0	31858.0	4292445.0	1.0974972672318046e-05	0.007421877275072831	0.001478732706774695
COG3052	5.0	455582.0	2562.0	4292445.0	1.0974972672318046e-05	0.0005968626272439135	0.018387769934593377
COG4969	5.0	455582.0	2.0	4292445.0	1.0974972672318046e-05	4.6593491588127513e-07	23.554733286214116
COG5349	5.0	455582.0	0.0	4292445.0	1.0974972672318046e-05	0.0	inf
COG1911	5.0	455582.0	767.0	4292445.0	1.0974972672318046e-05	0.000178686040240469	0.061420425778915565
COG2260	5.0	455582.0	81.0	4292445.0	1.0974972672318046e-05	1.8870364093191642e-05	0.5815983527460276
COG1581	5.0	455582.0	119.0	4292445.0	1.0974972672318046e-05	2.772312749493587e-05	0.3958778703565398
COG1605	5.0	455582.0	10970.0	4292445.0	1.0974972672318046e-05	0.002555653013608794	0.004294390754095555
COG0199	5.0	455582.0	22989.0	4292445.0	1.0974972672318046e-05	0.005355688890597317	0.002049217737719267
COG3657	5.0	455582.0	5002.0	4292445.0	1.0974972672318046e-05	0.0011653032246190691	0.009418126064060022
COG3432	5.0	455582.0	478.0	4292445.0	1.0974972672318046e-05	0.00011135844489562475	0.09855536939838543
COG1733	5.0	455582.0	437.0	4292445.0	1.0974972672318046e-05	0.00010180677912005861	0.10780198300326828
COG5568	5.0	455582.0	4980.0	4292445.0	1.0974972672318046e-05	0.001160177940544375	0.009459732243459484
COG3254	5.0	455582.0	1307.0	4292445.0	1.0974972672318046e-05	0.0003044884675284133	0.03604396830331158
COG4416	5.0	455582.0	124.0	4292445.0	1.0974972672318046e-05	2.8887964784639057e-05	0.3799150530034535
COG1396	5.0	455582.0	617.0	4292445.0	1.0974972672318046e-05	0.00014374092154937338	0.07635245797800362
COG4891	4.0	455582.0	642.0	4292445.0	8.779978137854436e-06	0.00014956510799788933	0.058703385136982214
COG4855	4.0	455582.0	219.0	4292445.0	8.779978137854436e-06	5.101987328899963e-05	0.17208937560704377
COG2975	4.0	455582.0	7388.0	4292445.0	8.779978137854436e-06	0.0017211635792654303	0.005101187501075066
COG1552	4.0	455582.0	185.0	4292445.0	8.779978137854436e-06	4.309897971901795e-05	0.20371661220509507
COG2259	4.0	455582.0	0.0	4292445.0	8.779978137854436e-06	0.0	inf
COG4710	4.0	455582.0	5618.0	4292445.0	8.779978137854436e-06	0.001308811178710502	0.006708361206468954
COG0238	4.0	455582.0	28308.0	4292445.0	8.779978137854436e-06	0.006594842799383568	0.0013313400190032001
COG0394	4.0	455582.0	26.0	4292445.0	8.779978137854436e-06	6.057153906456577e-06	1.4495220483824072
COG1828	4.0	455582.0	31173.0	4292445.0	8.779978137854436e-06	0.007262294566383495	0.0012089812741135787
COG3478	4.0	455582.0	1765.0	4292445.0	8.779978137854436e-06	0.0004111875632652253	0.02135273272404679
COG5131	4.0	455582.0	2319.0	4292445.0	8.779978137854436e-06	0.0005402515349643385	0.01625164866664191
COG4309	4.0	455582.0	792.0	4292445.0	8.779978137854436e-06	0.00018451022668898495	0.04758531977012953
COG5302	4.0	455582.0	4552.0	4292445.0	8.779978137854436e-06	0.0010604678685457822	0.008279343861586684
COG5583	4.0	455582.0	1771.0	4292445.0	8.779978137854436e-06	0.00041258536801286913	0.021280391449995814
COG4746	4.0	455582.0	36.0	4292445.0	8.779978137854436e-06	8.386828485862953e-06	1.0468770349428496
COG3309	4.0	455582.0	777.0	4292445.0	8.779978137854436e-06	0.00018101571481987538	0.04850395528692739
COG0091	4.0	455582.0	271.0	4292445.0	8.779978137854436e-06	6.313418110191279e-05	0.1390685360071682
COG0360	4.0	455582.0	12131.0	4292445.0	8.779978137854436e-06	0.0028261282322778743	0.0031067161205129493
COG3324	3.0	455582.0	217.0	4292445.0	6.584983603390827e-06	5.055393837311835e-05	0.13025658960118405
COG0375	3.0	455582.0	142.0	4292445.0	6.584983603390827e-06	3.308137902757054e-05	0.19905408410885167
COG3848	3.0	455582.0	539.0	4292445.0	6.584983603390827e-06	0.00012556945983000365	0.05244096464463254
COG0848	3.0	455582.0	2.0	4292445.0	6.584983603390827e-06	4.6593491588127513e-07	14.132839971728469
COG1990	3.0	455582.0	91.0	4292445.0	6.584983603390827e-06	2.120003867259802e-05	0.31061186751051584
COG3433	3.0	455582.0	657.0	4292445.0	6.584983603390827e-06	0.0001530596198669989	0.04302234390176094
COG0203	3.0	455582.0	1286.0	4292445.0	6.584983603390827e-06	0.0002995961509116599	0.02197953339304583
COG3686	3.0	455582.0	0.0	4292445.0	6.584983603390827e-06	0.0	inf
COG2051	3.0	455582.0	124.0	4292445.0	6.584983603390827e-06	2.8887964784639057e-05	0.2279490318020721
COG4634	3.0	455582.0	268.0	4292445.0	6.584983603390827e-06	6.243527872809087e-05	0.10546895501289903
COG3908	3.0	455582.0	3461.0	4292445.0	6.584983603390827e-06	0.0008063003719325466	0.008166911280975712
COG1532	3.0	455582.0	3465.0	4292445.0	6.584983603390827e-06	0.0008072322417643092	0.008157483389165061
COG0023	3.0	455582.0	358.0	4292445.0	6.584983603390827e-06	8.340234994274825e-05	0.07895441324987972
COG4367	3.0	455582.0	120.0	4292445.0	6.584983603390827e-06	2.795609495287651e-05	0.23554733286214116
COG0784	3.0	455582.0	272.0	4292445.0	6.584983603390827e-06	6.336714855985342e-05	0.1039179409685917
COG1849	3.0	455582.0	138.0	4292445.0	6.584983603390827e-06	3.214950919580798e-05	0.20482376770620972
COG3750	3.0	455582.0	8490.0	4292445.0	6.584983603390827e-06	0.0019778937179160128	0.0033292909238465183
COG3089	3.0	455582.0	3504.0	4292445.0	6.584983603390827e-06	0.000816317972623994	0.008066689481580177
COG0792	3.0	455582.0	1941.0	4292445.0	6.584983603390827e-06	0.0004521898358627775	0.014562431707087552
COG0093	3.0	455582.0	1264.0	4292445.0	6.584983603390827e-06	0.0002944708668369659	0.022362088562861503
COG3671	3.0	455582.0	0.0	4292445.0	6.584983603390827e-06	0.0	inf
COG4039	3.0	455582.0	0.0	4292445.0	6.584983603390827e-06	0.0	inf
COG1958	3.0	455582.0	1109.0	4292445.0	6.584983603390827e-06	0.00025836091085616703	0.02548753827182772
COG2018	3.0	455582.0	96.0	4292445.0	6.584983603390827e-06	2.2364875962301207e-05	0.2944341660776764
COG1708	3.0	455582.0	217.0	4292445.0	6.584983603390827e-06	5.055393837311835e-05	0.13025658960118405
COG2944	3.0	455582.0	2547.0	4292445.0	6.584983603390827e-06	0.0005933681153748038	0.011097636412821727
COG2921	3.0	455582.0	9178.0	4292445.0	6.584983603390827e-06	0.0021381753289791716	0.0030797210659682874
COG0295	2.0	455582.0	5.0	4292445.0	4.389989068927218e-06	1.1648372897031878e-06	3.7687573257942586
COG2010	2.0	455582.0	0.0	4292445.0	4.389989068927218e-06	0.0	inf
COG1302	2.0	455582.0	283.0	4292445.0	4.389989068927218e-06	6.592979059720043e-05	0.06658581847693036
COG0818	2.0	455582.0	0.0	4292445.0	4.389989068927218e-06	0.0	inf
COG5428	2.0	455582.0	8354.0	4292445.0	4.389989068927218e-06	0.0019462101436360862	0.002255660357789238
COG5625	2.0	455582.0	1.0	4292445.0	4.389989068927218e-06	2.3296745794063757e-07	18.843786628971294
COG4568	2.0	455582.0	1034.0	4292445.0	4.389989068927218e-06	0.00024088835151061925	0.018224165018347477
COG4572	2.0	455582.0	2917.0	4292445.0	4.389989068927218e-06	0.0006795660748128398	0.006459988559811894
COG5626	2.0	455582.0	475.0	4292445.0	4.389989068927218e-06	0.00011065954252180284	0.03967112974520272
COG1553	2.0	455582.0	242.0	4292445.0	4.389989068927218e-06	5.637812482163429e-05	0.07786688689657559
COG4824	2.0	455582.0	0.0	4292445.0	4.389989068927218e-06	0.0	inf
COG4454	2.0	455582.0	2.0	4292445.0	4.389989068927218e-06	4.6593491588127513e-07	9.421893314485647
COG0255	2.0	455582.0	63750.0	4292445.0	4.389989068927218e-06	0.014851675443715644	0.00029558880986621636
COG1487	2.0	455582.0	53.0	4292445.0	4.389989068927218e-06	1.234727527085379e-05	0.3555431439428546
COG1981	2.0	455582.0	0.0	4292445.0	4.389989068927218e-06	0.0	inf
COG0386	2.0	455582.0	10.0	4292445.0	4.389989068927218e-06	2.3296745794063756e-06	1.8843786628971293
COG3556	2.0	455582.0	0.0	4292445.0	4.389989068927218e-06	0.0	inf
COG4837	2.0	455582.0	29.0	4292445.0	4.389989068927218e-06	6.756056280278489e-06	0.6497857458265963
COG1888	2.0	455582.0	670.0	4292445.0	4.389989068927218e-06	0.00015608819682022716	0.028125054670106408
COG4038	2.0	455582.0	0.0	4292445.0	4.389989068927218e-06	0.0	inf
COG1993	2.0	455582.0	224.0	4292445.0	4.389989068927218e-06	5.218471057870281e-05	0.08412404745076471
COG3860	2.0	455582.0	1708.0	4292445.0	4.389989068927218e-06	0.00039790841816260896	0.011032661960756026
COG4830	2.0	455582.0	19.0	4292445.0	4.389989068927218e-06	4.426381700872113e-06	0.9917782436300682
COG2033	2.0	455582.0	673.0	4292445.0	4.389989068927218e-06	0.00015678709919404908	0.02799968295538082
COG3130	2.0	455582.0	615.0	4292445.0	4.389989068927218e-06	0.0001432749866334921	0.03064030346174194
COG3813	2.0	455582.0	2658.0	4292445.0	4.389989068927218e-06	0.0006192275032062146	0.007089460733247289
COG0292	2.0	455582.0	480.0	4292445.0	4.389989068927218e-06	0.00011182437981150604	0.039257888810356856
COG2938	2.0	455582.0	7958.0	4292445.0	4.389989068927218e-06	0.0018539550302915937	0.0023679048289735227
COG3564	2.0	455582.0	26.0	4292445.0	4.389989068927218e-06	6.057153906456577e-06	0.7247610241912036
COG5341	2.0	455582.0	1.0	4292445.0	4.389989068927218e-06	2.3296745794063757e-07	18.843786628971294
COG0261	2.0	455582.0	3168.0	4292445.0	4.389989068927218e-06	0.0007380409067559398	0.005948164971266191
COG4259	2.0	455582.0	3.0	4292445.0	4.389989068927218e-06	6.989023738219127e-07	6.281262209657098
COG4768	2.0	455582.0	0.0	4292445.0	4.389989068927218e-06	0.0	inf
COG0251	2.0	455582.0	136.0	4292445.0	4.389989068927218e-06	3.168357427992671e-05	0.13855725462478893
COG2009	2.0	455582.0	0.0	4292445.0	4.389989068927218e-06	0.0	inf
COG5552	2.0	455582.0	15953.0	4292445.0	4.389989068927218e-06	0.003716529856526991	0.001181206458281909
COG0242	1.0	455582.0	4.0	4292445.0	2.194994534463609e-06	9.318698317625503e-07	2.355473328621412
COG3502	1.0	455582.0	427.0	4292445.0	2.194994534463609e-06	9.947710454065224e-05	0.022065323921512052
COG3193	1.0	455582.0	3.0	4292445.0	2.194994534463609e-06	6.989023738219127e-07	3.140631104828549
COG5051	1.0	455582.0	36.0	4292445.0	2.194994534463609e-06	8.386828485862953e-06	0.2617192587357124
COG5550	1.0	455582.0	1.0	4292445.0	2.194994534463609e-06	2.3296745794063757e-07	9.421893314485647
COG2924	1.0	455582.0	6615.0	4292445.0	2.194994534463609e-06	0.0015410797342773174	0.0014243224965208839
COG1447	1.0	455582.0	407.0	4292445.0	2.194994534463609e-06	9.481775538183949e-05	0.023149615023306258
COG1825	1.0	455582.0	587.0	4292445.0	2.194994534463609e-06	0.00013675189781115426	0.016050925578340113
COG3476	1.0	455582.0	0.0	4292445.0	2.194994534463609e-06	0.0	inf
COG5304	1.0	455582.0	7126.0	4292445.0	2.194994534463609e-06	0.0016601261052849833	0.0013221854216230208
COG3133	1.0	455582.0	1.0	4292445.0	2.194994534463609e-06	2.3296745794063757e-07	9.421893314485647
COG4922	1.0	455582.0	15.0	4292445.0	2.194994534463609e-06	3.4945118691095636e-06	0.6281262209657097
COG1734	1.0	455582.0	131.0	4292445.0	2.194994534463609e-06	3.051873699022352e-05	0.07192284972889806
COG5439	1.0	455582.0	22.0	4292445.0	2.194994534463609e-06	5.125284074694026e-06	0.4282678779311658
COG1594	1.0	455582.0	15.0	4292445.0	2.194994534463609e-06	3.4945118691095636e-06	0.6281262209657097
COG4064	1.0	455582.0	0.0	4292445.0	2.194994534463609e-06	0.0	inf
COG5447	1.0	455582.0	92.0	4292445.0	2.194994534463609e-06	2.1433006130538656e-05	0.10241188385310486
COG4390	1.0	455582.0	21.0	4292445.0	2.194994534463609e-06	4.892316616753389e-06	0.4486615864040784
COG4968	1.0	455582.0	1.0	4292445.0	2.194994534463609e-06	2.3296745794063757e-07	9.421893314485647
COG5478	1.0	455582.0	0.0	4292445.0	2.194994534463609e-06	0.0	inf
COG3865	1.0	455582.0	12.0	4292445.0	2.194994534463609e-06	2.795609495287651e-06	0.7851577762071372
COG4933	1.0	455582.0	41.0	4292445.0	2.194994534463609e-06	9.55166577556614e-06	0.22980227596306457
COG0599	1.0	455582.0	135.0	4292445.0	2.194994534463609e-06	3.145060682198607e-05	0.06979180232952331
COG5488	1.0	455582.0	0.0	4292445.0	2.194994534463609e-06	0.0	inf
COG5559	1.0	455582.0	1548.0	4292445.0	2.194994534463609e-06	0.00036063362489210693	0.006086494389202614
COG3370	1.0	455582.0	106.0	4292445.0	2.194994534463609e-06	2.469455054170758e-05	0.08888578598571364
COG1753	1.0	455582.0	410.0	4292445.0	2.194994534463609e-06	9.55166577556614e-05	0.022980227596306455
COG2053	1.0	455582.0	137.0	4292445.0	2.194994534463609e-06	3.1916541737867345e-05	0.06877294390135509
COG1998	1.0	455582.0	255.0	4292445.0	2.194994534463609e-06	5.940670177486258e-05	0.03694860123327704
COG3586	1.0	455582.0	480.0	4292445.0	2.194994534463609e-06	0.00011182437981150604	0.019628944405178428
COG4040	1.0	455582.0	0.0	4292445.0	2.194994534463609e-06	0.0	inf
COG3729	1.0	455582.0	826.0	4292445.0	2.194994534463609e-06	0.00019243112025896662	0.011406650501798603
COG5469	1.0	455582.0	5.0	4292445.0	2.194994534463609e-06	1.1648372897031878e-06	1.8843786628971293
COG4840	1.0	455582.0	341.0	4292445.0	2.194994534463609e-06	7.94419031577574e-05	0.02763018567297844
COG0757	1.0	455582.0	5.0	4292445.0	2.194994534463609e-06	1.1648372897031878e-06	1.8843786628971293
COG4566	1.0	455582.0	0.0	4292445.0	2.194994534463609e-06	0.0	inf
COG4062	1.0	455582.0	0.0	4292445.0	2.194994534463609e-06	0.0	inf
COG2044	1.0	455582.0	151.0	4292445.0	2.194994534463609e-06	3.517808614903627e-05	0.06239664446679236
COG3783	1.0	455582.0	38.0	4292445.0	2.194994534463609e-06	8.852763401744227e-06	0.24794456090751704
COG3978	1.0	455582.0	1206.0	4292445.0	2.194994534463609e-06	0.0002809587542764089	0.00781251518614067
COG3744	1.0	455582.0	89.0	4292445.0	2.194994534463609e-06	2.073410375671674e-05	0.10586396982568143
COG2361	1.0	455582.0	499.0	4292445.0	2.194994534463609e-06	0.00011625076151237815	0.01888154972842815
COG4892	1.0	455582.0	1625.0	4292445.0	2.194994534463609e-06	0.00037857211915353603	0.005798088193529629
COG3514	1.0	455582.0	6297.0	4292445.0	2.194994534463609e-06	0.0014669960826521947	0.0014962511218811572
COG3111	1.0	455582.0	0.0	4292445.0	2.194994534463609e-06	0.0	inf
COG2058	1.0	455582.0	16.0	4292445.0	2.194994534463609e-06	3.727479327050201e-06	0.588868332155353
COG4859	1.0	455582.0	109.0	4292445.0	2.194994534463609e-06	2.5393452915529495e-05	0.08643938820629034
COG1585	1.0	455582.0	0.0	4292445.0	2.194994534463609e-06	0.0	inf
COG2036	1.0	455582.0	418.0	4292445.0	2.194994534463609e-06	9.73803974191865e-05	0.02254041462795609
COG1959	1.0	455582.0	3.0	4292445.0	2.194994534463609e-06	6.989023738219127e-07	3.140631104828549
COG4270	1.0	455582.0	0.0	4292445.0	2.194994534463609e-06	0.0	inf
COG1546	1.0	455582.0	0.0	4292445.0	2.194994534463609e-06	0.0	inf
COG3742	1.0	455582.0	15.0	4292445.0	2.194994534463609e-06	3.4945118691095636e-06	0.6281262209657097
COG2351	1.0	455582.0	913.0	4292445.0	2.194994534463609e-06	0.0002126992890998021	0.0103197079019558
COG2004	1.0	455582.0	14.0	4292445.0	2.194994534463609e-06	3.2615444111689258e-06	0.6729923796061177
COG1815	1.0	455582.0	342.0	4292445.0	2.194994534463609e-06	7.967487061569805e-05	0.02754939565639078
COG4570	1.0	455582.0	49.0	4292445.0	2.194994534463609e-06	1.141540543909124e-05	0.1922835370303193
COG4919	1.0	455582.0	35.0	4292445.0	2.194994534463609e-06	8.153861027922314e-06	0.2691969518424471
COG1416	1.0	455582.0	435.0	4292445.0	2.194994534463609e-06	0.00010134084420417734	0.021659524860886546
COG4803	1.0	455582.0	3.0	4292445.0	2.194994534463609e-06	6.989023738219127e-07	3.140631104828549
COG5614	1.0	455582.0	231.0	4292445.0	2.194994534463609e-06	5.381548278428728e-05	0.04078741694582531
COG5462	1.0	455582.0	0.0	4292445.0	2.194994534463609e-06	0.0	inf
COG4852	1.0	455582.0	0.0	4292445.0	2.194994534463609e-06	0.0	inf
COG2315	1.0	455582.0	233.0	4292445.0	2.194994534463609e-06	5.428141770016855e-05	0.040437310362599344
COG4551	1.0	455582.0	88.0	4292445.0	2.194994534463609e-06	2.0501136298776104e-05	0.10706696948279144
COG1683	1.0	455582.0	2.0	4292445.0	2.194994534463609e-06	4.6593491588127513e-07	4.710946657242824
COG0344	1.0	455582.0	0.0	4292445.0	2.194994534463609e-06	0.0	inf
COG3038	1.0	455582.0	0.0	4292445.0	2.194994534463609e-06	0.0	inf
COG1371	1.0	455582.0	0.0	4292445.0	2.194994534463609e-06	0.0	inf
COG3862	1.0	455582.0	133.0	4292445.0	2.194994534463609e-06	3.09846719061048e-05	0.07084130311643343
COG5515	1.0	455582.0	1311.0	4292445.0	2.194994534463609e-06	0.00030542033736017586	0.007186798866884551
COG3238	1.0	455582.0	0.0	4292445.0	2.194994534463609e-06	0.0	inf
COG3615	1.0	455582.0	742.0	4292445.0	2.194994534463609e-06	0.00017286185379195308	0.012697969426530521
COG3788	1.0	455582.0	0.0	4292445.0	2.194994534463609e-06	0.0	inf
COG3189	1.0	455582.0	444.0	4292445.0	2.194994534463609e-06	0.00010343755132564308	0.021220480438030737
COG5500	1.0	455582.0	0.0	4292445.0	2.194994534463609e-06	0.0	inf
COG0711	1.0	455582.0	0.0	4292445.0	2.194994534463609e-06	0.0	inf
COG3811	1.0	455582.0	755.0	4292445.0	2.194994534463609e-06	0.00017589043074518136	0.012479328893358472
COG4704	1.0	455582.0	0.0	4292445.0	2.194994534463609e-06	0.0	inf
COG2402	1.0	455582.0	14.0	4292445.0	2.194994534463609e-06	3.2615444111689258e-06	0.6729923796061177
COG4954	1.0	455582.0	2.0	4292445.0	2.194994534463609e-06	4.6593491588127513e-07	4.710946657242824
COG2105	1.0	455582.0	57.0	4292445.0	2.194994534463609e-06	1.3279145102616342e-05	0.16529637393834468
COG1937	1.0	455582.0	29741.0	4292445.0	2.194994534463609e-06	0.006928685166612502	0.0003167981343763036
COG3134	1.0	455582.0	0.0	4292445.0	2.194994534463609e-06	0.0	inf
COG1846	1.0	455582.0	31.0	4292445.0	2.194994534463609e-06	7.221991196159764e-06	0.3039320424027628
COG5433	1.0	455582.0	3.0	4292445.0	2.194994534463609e-06	6.989023738219127e-07	3.140631104828549
COG2075	1.0	455582.0	86.0	4292445.0	2.194994534463609e-06	2.003520138289483e-05	0.10955689900564705
COG2910	1.0	455582.0	1.0	4292445.0	2.194994534463609e-06	2.3296745794063757e-07	9.421893314485647
COG0736	1.0	455582.0	66.0	4292445.0	2.194994534463609e-06	1.537585222408208e-05	0.14275595931038856
COG3526	1.0	455582.0	1854.0	4292445.0	2.194994534463609e-06	0.00043192166702194206	0.005081927354091503
COG0184	0.0	455582.0	50182.0	4292445.0	0.0	0.011690772974377074	0.0
COG0851	0.0	455582.0	8344.0	4292445.0	0.0	0.0019438804690566798	0.0
COG2841	0.0	455582.0	7497.0	4292445.0	0.0	0.0017465570321809599	0.0
COG4472	0.0	455582.0	7435.0	4292445.0	0.0	0.0017321130497886402	0.0
COG4496	0.0	455582.0	6409.0	4292445.0	0.0	0.0014930884379415461	0.0
COG3027	0.0	455582.0	5272.0	4292445.0	0.0	0.0012282044382630412	0.0
COG4281	0.0	455582.0	5204.0	4292445.0	0.0	0.0012123626511230778	0.0
COG4443	0.0	455582.0	4671.0	4292445.0	0.0	0.001088190996040718	0.0
COG5639	0.0	455582.0	3905.0	4292445.0	0.0	0.0009097379232581897	0.0
COG1544	0.0	455582.0	3673.0	4292445.0	0.0	0.0008556894730159618	0.0
COG0198	0.0	455582.0	3628.0	4292445.0	0.0	0.000845205937408633	0.0
COG3798	0.0	455582.0	3355.0	4292445.0	0.0	0.000781605821390839	0.0
COG5425	0.0	455582.0	3232.0	4292445.0	0.0	0.0007529508240641406	0.0
COG4224	0.0	455582.0	2590.0	4292445.0	0.0	0.0006033857160662513	0.0
COG3492	0.0	455582.0	2486.0	4292445.0	0.0	0.000579157100440425	0.0
COG3460	0.0	455582.0	2424.0	4292445.0	0.0	0.0005647131180481055	0.0
COG2901	0.0	455582.0	2051.0	4292445.0	0.0	0.00047781625623624765	0.0
COG0051	0.0	455582.0	1917.0	4292445.0	0.0	0.0004465986168722022	0.0
COG1342	0.0	455582.0	1615.0	4292445.0	0.0	0.0003762424445741297	0.0
COG3553	0.0	455582.0	1477.0	4292445.0	0.0	0.00034409293537832167	0.0
COG3906	0.0	455582.0	1453.0	4292445.0	0.0	0.0003385017163877464	0.0
COG3461	0.0	455582.0	1439.0	4292445.0	0.0	0.00033524017197657745	0.0
COG2880	0.0	455582.0	1164.0	4292445.0	0.0	0.0002711741210429021	0.0
COG4321	0.0	455582.0	1125.0	4292445.0	0.0	0.0002620883901832173	0.0
COG0831	0.0	455582.0	991.0	4292445.0	0.0	0.00023087075081917183	0.0
COG2739	0.0	455582.0	962.0	4292445.0	0.0	0.00022411469453889333	0.0
COG2824	0.0	455582.0	876.0	4292445.0	0.0	0.0002040794931559985	0.0
COG5554	0.0	455582.0	865.0	4292445.0	0.0	0.0002015168511186515	0.0
COG4479	0.0	455582.0	801.0	4292445.0	0.0	0.0001866069338104507	0.0
COG4483	0.0	455582.0	751.0	4292445.0	0.0	0.0001749585609134188	0.0
COG2916	0.0	455582.0	724.0	4292445.0	0.0	0.0001686684395490216	0.0
COG4476	0.0	455582.0	704.0	4292445.0	0.0	0.00016400909039020884	0.0
COG2920	0.0	455582.0	677.0	4292445.0	0.0	0.00015771896902581163	0.0
COG3139	0.0	455582.0	652.0	4292445.0	0.0	0.00015189478257729568	0.0
COG5420	0.0	455582.0	641.0	4292445.0	0.0	0.00014933214053994867	0.0
COG5503	0.0	455582.0	569.0	4292445.0	0.0	0.00013255848356822278	0.0
COG0256	0.0	455582.0	540.0	4292445.0	0.0	0.00012580242728794428	0.0
COG0858	0.0	455582.0	506.0	4292445.0	0.0	0.00011788153371796261	0.0
COG1531	0.0	455582.0	476.0	4292445.0	0.0	0.00011089250997974347	0.0
COG4471	0.0	455582.0	458.0	4292445.0	0.0	0.00010669909573681201	0.0
COG3512	0.0	455582.0	452.0	4292445.0	0.0	0.00010530129098916817	0.0
COG2973	0.0	455582.0	442.0	4292445.0	0.0	0.0001029716164097618	0.0
COG4841	0.0	455582.0	423.0	4292445.0	0.0	9.854523470888969e-05	0.0
COG0832	0.0	455582.0	382.0	4292445.0	0.0	8.899356893332355e-05	0.0
COG3082	0.0	455582.0	376.0	4292445.0	0.0	8.759576418567972e-05	0.0
COG2012	0.0	455582.0	342.0	4292445.0	0.0	7.967487061569805e-05	0.0
COG3141	0.0	455582.0	341.0	4292445.0	0.0	7.94419031577574e-05	0.0
COG3691	0.0	455582.0	338.0	4292445.0	0.0	7.87430007839355e-05	0.0
COG0799	0.0	455582.0	325.0	4292445.0	0.0	7.571442383070721e-05	0.0
COG4703	0.0	455582.0	324.0	4292445.0	0.0	7.548145637276657e-05	0.0
COG5489	0.0	455582.0	318.0	4292445.0	0.0	7.408365162512275e-05	0.0
COG5119	0.0	455582.0	302.0	4292445.0	0.0	7.035617229807254e-05	0.0
COG4838	0.0	455582.0	297.0	4292445.0	0.0	6.919133500836936e-05	0.0
COG4997	0.0	455582.0	297.0	4292445.0	0.0	6.919133500836936e-05	0.0
COG2092	0.0	455582.0	295.0	4292445.0	0.0	6.872540009248809e-05	0.0
COG0335	0.0	455582.0	293.0	4292445.0	0.0	6.82594651766068e-05	0.0
COG1965	0.0	455582.0	288.0	4292445.0	0.0	6.709462788690362e-05	0.0
COG3074	0.0	455582.0	283.0	4292445.0	0.0	6.592979059720043e-05	0.0
COG4683	0.0	455582.0	280.0	4292445.0	0.0	6.523088822337851e-05	0.0
COG3824	0.0	455582.0	260.0	4292445.0	0.0	6.0571539064565765e-05	0.0
COG3795	0.0	455582.0	258.0	4292445.0	0.0	6.010560414868449e-05	0.0
COG0789	0.0	455582.0	253.0	4292445.0	0.0	5.8940766858981306e-05	0.0
COG0526	0.0	455582.0	246.0	4292445.0	0.0	5.730999465339684e-05	0.0
COG4898	0.0	455582.0	238.0	4292445.0	0.0	5.544625498987174e-05	0.0
COG5507	0.0	455582.0	233.0	4292445.0	0.0	5.428141770016855e-05	0.0
COG0139	0.0	455582.0	233.0	4292445.0	0.0	5.428141770016855e-05	0.0
COG5417	0.0	455582.0	233.0	4292445.0	0.0	5.428141770016855e-05	0.0
COG5586	0.0	455582.0	215.0	4292445.0	0.0	5.008800345723707e-05	0.0
COG3536	0.0	455582.0	212.0	4292445.0	0.0	4.938910108341516e-05	0.0
COG3450	0.0	455582.0	198.0	4292445.0	0.0	4.6127556672246237e-05	0.0
COG5513	0.0	455582.0	198.0	4292445.0	0.0	4.6127556672246237e-05	0.0
COG3140	0.0	455582.0	197.0	4292445.0	0.0	4.58945892143056e-05	0.0
COG3084	0.0	455582.0	196.0	4292445.0	0.0	4.566162175636496e-05	0.0
COG4226	0.0	455582.0	190.0	4292445.0	0.0	4.4263817008721134e-05	0.0
COG1761	0.0	455582.0	173.0	4292445.0	0.0	4.03033702237303e-05	0.0
COG4378	0.0	455582.0	172.0	4292445.0	0.0	4.007040276578966e-05	0.0
COG1997	0.0	455582.0	164.0	4292445.0	0.0	3.820666310226456e-05	0.0
COG3682	0.0	455582.0	164.0	4292445.0	0.0	3.820666310226456e-05	0.0
COG4896	0.0	455582.0	161.0	4292445.0	0.0	3.750776072844265e-05	0.0
COG2139	0.0	455582.0	155.0	4292445.0	0.0	3.6109955980798825e-05	0.0
COG3269	0.0	455582.0	153.0	4292445.0	0.0	3.5644021064917544e-05	0.0
COG5216	0.0	455582.0	147.0	4292445.0	0.0	3.424621631727372e-05	0.0
COG3785	0.0	455582.0	144.0	4292445.0	0.0	3.354731394345181e-05	0.0
COG1383	0.0	455582.0	132.0	4292445.0	0.0	3.075170444816416e-05	0.0
COG0346	0.0	455582.0	130.0	4292445.0	0.0	3.0285769532282883e-05	0.0
COG4467	0.0	455582.0	129.0	4292445.0	0.0	3.0052802074342246e-05	0.0
COG1400	0.0	455582.0	124.0	4292445.0	0.0	2.8887964784639057e-05	0.0
COG1588	0.0	455582.0	123.0	4292445.0	0.0	2.865499732669842e-05	0.0
COG2892	0.0	455582.0	120.0	4292445.0	0.0	2.795609495287651e-05	0.0
COG0720	0.0	455582.0	116.0	4292445.0	0.0	2.7024225121113958e-05	0.0
COG2157	0.0	455582.0	109.0	4292445.0	0.0	2.5393452915529495e-05	0.0
COG1433	0.0	455582.0	109.0	4292445.0	0.0	2.5393452915529495e-05	0.0
COG4517	0.0	455582.0	105.0	4292445.0	0.0	2.4461583083766944e-05	0.0
COG4043	0.0	455582.0	101.0	4292445.0	0.0	2.3529713252004392e-05	0.0
COG2451	0.0	455582.0	100.0	4292445.0	0.0	2.3296745794063755e-05	0.0
COG1504	0.0	455582.0	98.0	4292445.0	0.0	2.283081087818248e-05	0.0
COG2412	0.0	455582.0	98.0	4292445.0	0.0	2.283081087818248e-05	0.0
COG3761	0.0	455582.0	95.0	4292445.0	0.0	2.2131908504360567e-05	0.0
COG2923	0.0	455582.0	92.0	4292445.0	0.0	2.1433006130538656e-05	0.0
COG3215	0.0	455582.0	91.0	4292445.0	0.0	2.120003867259802e-05	0.0
COG1943	0.0	455582.0	90.0	4292445.0	0.0	2.0967071214657382e-05	0.0
COG1539	0.0	455582.0	89.0	4292445.0	0.0	2.073410375671674e-05	0.0
COG5561	0.0	455582.0	89.0	4292445.0	0.0	2.073410375671674e-05	0.0
COG2764	0.0	455582.0	89.0	4292445.0	0.0	2.073410375671674e-05	0.0
COG4802	0.0	455582.0	84.0	4292445.0	0.0	1.9569266467013556e-05	0.0
COG4810	0.0	455582.0	78.0	4292445.0	0.0	1.817146171936973e-05	0.0
COG3628	0.0	455582.0	68.0	4292445.0	0.0	1.5841787139963354e-05	0.0
COG3098	0.0	455582.0	63.0	4292445.0	0.0	1.4676949850260167e-05	0.0
COG2167	0.0	455582.0	62.0	4292445.0	0.0	1.4443982392319529e-05	0.0
COG4718	0.0	455582.0	59.0	4292445.0	0.0	1.3745080018497616e-05	0.0
COG2445	0.0	455582.0	57.0	4292445.0	0.0	1.3279145102616342e-05	0.0
COG3466	0.0	455582.0	56.0	4292445.0	0.0	1.3046177644675703e-05	0.0
COG3277	0.0	455582.0	54.0	4292445.0	0.0	1.2580242728794429e-05	0.0
COG4911	0.0	455582.0	53.0	4292445.0	0.0	1.234727527085379e-05	0.0
COG2097	0.0	455582.0	52.0	4292445.0	0.0	1.2114307812913153e-05	0.0
COG1698	0.0	455582.0	52.0	4292445.0	0.0	1.2114307812913153e-05	0.0
COG1725	0.0	455582.0	50.0	4292445.0	0.0	1.1648372897031878e-05	0.0
COG4538	0.0	455582.0	50.0	4292445.0	0.0	1.1648372897031878e-05	0.0
COG5227	0.0	455582.0	50.0	4292445.0	0.0	1.1648372897031878e-05	0.0
COG4817	0.0	455582.0	48.0	4292445.0	0.0	1.1182437981150604e-05	0.0
COG2158	0.0	455582.0	44.0	4292445.0	0.0	1.0250568149388052e-05	0.0
COG0824	0.0	455582.0	42.0	4292445.0	0.0	9.784633233506778e-06	0.0
COG1631	0.0	455582.0	41.0	4292445.0	0.0	9.55166577556614e-06	0.0
COG4357	0.0	455582.0	40.0	4292445.0	0.0	9.318698317625502e-06	0.0
COG1334	0.0	455582.0	39.0	4292445.0	0.0	9.085730859684865e-06	0.0
COG3877	0.0	455582.0	39.0	4292445.0	0.0	9.085730859684865e-06	0.0
COG4737	0.0	455582.0	37.0	4292445.0	0.0	8.61979594380359e-06	0.0
COG5442	0.0	455582.0	34.0	4292445.0	0.0	7.920893569981677e-06	0.0
COG3791	0.0	455582.0	34.0	4292445.0	0.0	7.920893569981677e-06	0.0
COG4994	0.0	455582.0	32.0	4292445.0	0.0	7.454958654100402e-06	0.0
COG0662	0.0	455582.0	32.0	4292445.0	0.0	7.454958654100402e-06	0.0
COG1460	0.0	455582.0	31.0	4292445.0	0.0	7.221991196159764e-06	0.0
COG2174	0.0	455582.0	31.0	4292445.0	0.0	7.221991196159764e-06	0.0
COG1369	0.0	455582.0	30.0	4292445.0	0.0	6.989023738219127e-06	0.0
COG3801	0.0	455582.0	30.0	4292445.0	0.0	6.989023738219127e-06	0.0
COG0099	0.0	455582.0	28.0	4292445.0	0.0	6.5230888223378515e-06	0.0
COG1727	0.0	455582.0	27.0	4292445.0	0.0	6.2901213643972145e-06	0.0
COG3561	0.0	455582.0	26.0	4292445.0	0.0	6.057153906456577e-06	0.0
COG5499	0.0	455582.0	24.0	4292445.0	0.0	5.591218990575302e-06	0.0
COG4873	0.0	455582.0	24.0	4292445.0	0.0	5.591218990575302e-06	0.0
COG2207	0.0	455582.0	23.0	4292445.0	0.0	5.358251532634664e-06	0.0
COG3171	0.0	455582.0	22.0	4292445.0	0.0	5.125284074694026e-06	0.0
COG2852	0.0	455582.0	21.0	4292445.0	0.0	4.892316616753389e-06	0.0
COG3097	0.0	455582.0	21.0	4292445.0	0.0	4.892316616753389e-06	0.0
COG2926	0.0	455582.0	21.0	4292445.0	0.0	4.892316616753389e-06	0.0
COG3679	0.0	455582.0	19.0	4292445.0	0.0	4.426381700872113e-06	0.0
COG0537	0.0	455582.0	19.0	4292445.0	0.0	4.426381700872113e-06	0.0
COG0432	0.0	455582.0	19.0	4292445.0	0.0	4.426381700872113e-06	0.0
COG3565	0.0	455582.0	18.0	4292445.0	0.0	4.193414242931476e-06	0.0
COG1225	0.0	455582.0	18.0	4292445.0	0.0	4.193414242931476e-06	0.0
COG4888	0.0	455582.0	17.0	4292445.0	0.0	3.9604467849908385e-06	0.0
COG5352	0.0	455582.0	16.0	4292445.0	0.0	3.727479327050201e-06	0.0
COG1490	0.0	455582.0	15.0	4292445.0	0.0	3.4945118691095636e-06	0.0
COG4009	0.0	455582.0	15.0	4292445.0	0.0	3.4945118691095636e-06	0.0
COG4707	0.0	455582.0	15.0	4292445.0	0.0	3.4945118691095636e-06	0.0
COG1848	0.0	455582.0	14.0	4292445.0	0.0	3.2615444111689258e-06	0.0
COG5649	0.0	455582.0	14.0	4292445.0	0.0	3.2615444111689258e-06	0.0
COG0853	0.0	455582.0	14.0	4292445.0	0.0	3.2615444111689258e-06	0.0
COG4530	0.0	455582.0	13.0	4292445.0	0.0	3.0285769532282883e-06	0.0
COG3018	0.0	455582.0	12.0	4292445.0	0.0	2.795609495287651e-06	0.0
COG5045	0.0	455582.0	12.0	4292445.0	0.0	2.795609495287651e-06	0.0
COG2126	0.0	455582.0	12.0	4292445.0	0.0	2.795609495287651e-06	0.0
COG2250	0.0	455582.0	12.0	4292445.0	0.0	2.795609495287651e-06	0.0
COG1516	0.0	455582.0	12.0	4292445.0	0.0	2.795609495287651e-06	0.0
COG4319	0.0	455582.0	12.0	4292445.0	0.0	2.795609495287651e-06	0.0
COG3631	0.0	455582.0	11.0	4292445.0	0.0	2.562642037347013e-06	0.0
COG1764	0.0	455582.0	11.0	4292445.0	0.0	2.562642037347013e-06	0.0
COG3388	0.0	455582.0	11.0	4292445.0	0.0	2.562642037347013e-06	0.0
COG2210	0.0	455582.0	10.0	4292445.0	0.0	2.3296745794063756e-06	0.0
COG3654	0.0	455582.0	10.0	4292445.0	0.0	2.3296745794063756e-06	0.0
COG4352	0.0	455582.0	10.0	4292445.0	0.0	2.3296745794063756e-06	0.0
COG5573	0.0	455582.0	10.0	4292445.0	0.0	2.3296745794063756e-06	0.0
COG4113	0.0	455582.0	10.0	4292445.0	0.0	2.3296745794063756e-06	0.0
COG4275	0.0	455582.0	10.0	4292445.0	0.0	2.3296745794063756e-06	0.0
COG3925	0.0	455582.0	10.0	4292445.0	0.0	2.3296745794063756e-06	0.0
COG4901	0.0	455582.0	9.0	4292445.0	0.0	2.096707121465738e-06	0.0
COG3558	0.0	455582.0	9.0	4292445.0	0.0	2.096707121465738e-06	0.0
COG5496	0.0	455582.0	9.0	4292445.0	0.0	2.096707121465738e-06	0.0
COG3099	0.0	455582.0	9.0	4292445.0	0.0	2.096707121465738e-06	0.0
COG0735	0.0	455582.0	9.0	4292445.0	0.0	2.096707121465738e-06	0.0
COG3060	0.0	455582.0	8.0	4292445.0	0.0	1.8637396635251005e-06	0.0
COG0071	0.0	455582.0	8.0	4292445.0	0.0	1.8637396635251005e-06	0.0
COG1917	0.0	455582.0	8.0	4292445.0	0.0	1.8637396635251005e-06	0.0
COG3355	0.0	455582.0	8.0	4292445.0	0.0	1.8637396635251005e-06	0.0
COG1832	0.0	455582.0	8.0	4292445.0	0.0	1.8637396635251005e-06	0.0
COG0605	0.0	455582.0	8.0	4292445.0	0.0	1.8637396635251005e-06	0.0
COG1153	0.0	455582.0	8.0	4292445.0	0.0	1.8637396635251005e-06	0.0
COG3832	0.0	455582.0	8.0	4292445.0	0.0	1.8637396635251005e-06	0.0
COG4831	0.0	455582.0	8.0	4292445.0	0.0	1.8637396635251005e-06	0.0
COG5611	0.0	455582.0	8.0	4292445.0	0.0	1.8637396635251005e-06	0.0
COG2080	0.0	455582.0	8.0	4292445.0	0.0	1.8637396635251005e-06	0.0
COG1047	0.0	455582.0	8.0	4292445.0	0.0	1.8637396635251005e-06	0.0
COG2193	0.0	455582.0	8.0	4292445.0	0.0	1.8637396635251005e-06	0.0
COG0096	0.0	455582.0	7.0	4292445.0	0.0	1.6307722055844629e-06	0.0
COG0355	0.0	455582.0	7.0	4292445.0	0.0	1.6307722055844629e-06	0.0
COG2153	0.0	455582.0	7.0	4292445.0	0.0	1.6307722055844629e-06	0.0
COG2023	0.0	455582.0	7.0	4292445.0	0.0	1.6307722055844629e-06	0.0
COG1869	0.0	455582.0	7.0	4292445.0	0.0	1.6307722055844629e-06	0.0
COG1671	0.0	455582.0	7.0	4292445.0	0.0	1.6307722055844629e-06	0.0
COG1098	0.0	455582.0	7.0	4292445.0	0.0	1.6307722055844629e-06	0.0
COG3731	0.0	455582.0	6.0	4292445.0	0.0	1.3978047476438255e-06	0.0
COG0049	0.0	455582.0	6.0	4292445.0	0.0	1.3978047476438255e-06	0.0
COG2030	0.0	455582.0	6.0	4292445.0	0.0	1.3978047476438255e-06	0.0
COG3011	0.0	455582.0	6.0	4292445.0	0.0	1.3978047476438255e-06	0.0
COG3603	0.0	455582.0	6.0	4292445.0	0.0	1.3978047476438255e-06	0.0
COG0698	0.0	455582.0	6.0	4292445.0	0.0	1.3978047476438255e-06	0.0
COG2164	0.0	455582.0	6.0	4292445.0	0.0	1.3978047476438255e-06	0.0
COG4699	0.0	455582.0	6.0	4292445.0	0.0	1.3978047476438255e-06	0.0
COG0103	0.0	455582.0	6.0	4292445.0	0.0	1.3978047476438255e-06	0.0
COG4004	0.0	455582.0	6.0	4292445.0	0.0	1.3978047476438255e-06	0.0
COG3737	0.0	455582.0	6.0	4292445.0	0.0	1.3978047476438255e-06	0.0
COG4374	0.0	455582.0	6.0	4292445.0	0.0	1.3978047476438255e-06	0.0
COG1803	0.0	455582.0	6.0	4292445.0	0.0	1.3978047476438255e-06	0.0
COG0756	0.0	455582.0	5.0	4292445.0	0.0	1.1648372897031878e-06	0.0
COG1859	0.0	455582.0	5.0	4292445.0	0.0	1.1648372897031878e-06	0.0
COG4033	0.0	455582.0	5.0	4292445.0	0.0	1.1648372897031878e-06	0.0
COG3651	0.0	455582.0	5.0	4292445.0	0.0	1.1648372897031878e-06	0.0
COG1247	0.0	455582.0	5.0	4292445.0	0.0	1.1648372897031878e-06	0.0
COG0783	0.0	455582.0	5.0	4292445.0	0.0	1.1648372897031878e-06	0.0
COG2818	0.0	455582.0	5.0	4292445.0	0.0	1.1648372897031878e-06	0.0
COG3607	0.0	455582.0	5.0	4292445.0	0.0	1.1648372897031878e-06	0.0
COG2110	0.0	455582.0	5.0	4292445.0	0.0	1.1648372897031878e-06	0.0
COG0629	0.0	455582.0	5.0	4292445.0	0.0	1.1648372897031878e-06	0.0
COG4675	0.0	455582.0	5.0	4292445.0	0.0	1.1648372897031878e-06	0.0
COG2522	0.0	455582.0	5.0	4292445.0	0.0	1.1648372897031878e-06	0.0
COG4154	0.0	455582.0	5.0	4292445.0	0.0	1.1648372897031878e-06	0.0
COG0663	0.0	455582.0	5.0	4292445.0	0.0	1.1648372897031878e-06	0.0
COG3270	0.0	455582.0	5.0	4292445.0	0.0	1.1648372897031878e-06	0.0
COG0229	0.0	455582.0	5.0	4292445.0	0.0	1.1648372897031878e-06	0.0
COG5204	0.0	455582.0	4.0	4292445.0	0.0	9.318698317625503e-07	0.0
COG1881	0.0	455582.0	4.0	4292445.0	0.0	9.318698317625503e-07	0.0
COG3085	0.0	455582.0	4.0	4292445.0	0.0	9.318698317625503e-07	0.0
COG3755	0.0	455582.0	4.0	4292445.0	0.0	9.318698317625503e-07	0.0
COG3232	0.0	455582.0	4.0	4292445.0	0.0	9.318698317625503e-07	0.0
COG4014	0.0	455582.0	4.0	4292445.0	0.0	9.318698317625503e-07	0.0
COG2346	0.0	455582.0	4.0	4292445.0	0.0	9.318698317625503e-07	0.0
COG3236	0.0	455582.0	4.0	4292445.0	0.0	9.318698317625503e-07	0.0
COG5485	0.0	455582.0	4.0	4292445.0	0.0	9.318698317625503e-07	0.0
COG0782	0.0	455582.0	4.0	4292445.0	0.0	9.318698317625503e-07	0.0
COG0080	0.0	455582.0	4.0	4292445.0	0.0	9.318698317625503e-07	0.0
COG2811	0.0	455582.0	4.0	4292445.0	0.0	9.318698317625503e-07	0.0
COG3415	0.0	455582.0	4.0	4292445.0	0.0	9.318698317625503e-07	0.0
COG5015	0.0	455582.0	4.0	4292445.0	0.0	9.318698317625503e-07	0.0
COG3241	0.0	455582.0	4.0	4292445.0	0.0	9.318698317625503e-07	0.0
COG1662	0.0	455582.0	4.0	4292445.0	0.0	9.318698317625503e-07	0.0
COG2050	0.0	455582.0	4.0	4292445.0	0.0	9.318698317625503e-07	0.0
COG2703	0.0	455582.0	4.0	4292445.0	0.0	9.318698317625503e-07	0.0
COG0509	0.0	455582.0	4.0	4292445.0	0.0	9.318698317625503e-07	0.0
COG2163	0.0	455582.0	4.0	4292445.0	0.0	9.318698317625503e-07	0.0
COG4101	0.0	455582.0	4.0	4292445.0	0.0	9.318698317625503e-07	0.0
COG1765	0.0	455582.0	4.0	4292445.0	0.0	9.318698317625503e-07	0.0
COG1513	0.0	455582.0	4.0	4292445.0	0.0	9.318698317625503e-07	0.0
COG0100	0.0	455582.0	4.0	4292445.0	0.0	9.318698317625503e-07	0.0
COG3298	0.0	455582.0	3.0	4292445.0	0.0	6.989023738219127e-07	0.0
COG2109	0.0	455582.0	3.0	4292445.0	0.0	6.989023738219127e-07	0.0
COG1720	0.0	455582.0	3.0	4292445.0	0.0	6.989023738219127e-07	0.0
COG4470	0.0	455582.0	3.0	4292445.0	0.0	6.989023738219127e-07	0.0
COG0410	0.0	455582.0	3.0	4292445.0	0.0	6.989023738219127e-07	0.0
COG4049	0.0	455582.0	3.0	4292445.0	0.0	6.989023738219127e-07	0.0
COG0822	0.0	455582.0	3.0	4292445.0	0.0	6.989023738219127e-07	0.0
COG3112	0.0	455582.0	3.0	4292445.0	0.0	6.989023738219127e-07	0.0
COG3542	0.0	455582.0	3.0	4292445.0	0.0	6.989023738219127e-07	0.0
COG4308	0.0	455582.0	3.0	4292445.0	0.0	6.989023738219127e-07	0.0
COG1576	0.0	455582.0	3.0	4292445.0	0.0	6.989023738219127e-07	0.0
COG3805	0.0	455582.0	3.0	4292445.0	0.0	6.989023738219127e-07	0.0
COG3412	0.0	455582.0	3.0	4292445.0	0.0	6.989023738219127e-07	0.0
COG1745	0.0	455582.0	3.0	4292445.0	0.0	6.989023738219127e-07	0.0
COG2199	0.0	455582.0	3.0	4292445.0	0.0	6.989023738219127e-07	0.0
COG3676	0.0	455582.0	3.0	4292445.0	0.0	6.989023738219127e-07	0.0
COG4687	0.0	455582.0	3.0	4292445.0	0.0	6.989023738219127e-07	0.0
COG2118	0.0	455582.0	3.0	4292445.0	0.0	6.989023738219127e-07	0.0
COG4738	0.0	455582.0	3.0	4292445.0	0.0	6.989023738219127e-07	0.0
COG4939	0.0	455582.0	3.0	4292445.0	0.0	6.989023738219127e-07	0.0
COG1778	0.0	455582.0	3.0	4292445.0	0.0	6.989023738219127e-07	0.0
COG0764	0.0	455582.0	2.0	4292445.0	0.0	4.6593491588127513e-07	0.0
COG3255	0.0	455582.0	2.0	4292445.0	0.0	4.6593491588127513e-07	0.0
COG0225	0.0	455582.0	2.0	4292445.0	0.0	4.6593491588127513e-07	0.0
COG5247	0.0	455582.0	2.0	4292445.0	0.0	4.6593491588127513e-07	0.0
COG4273	0.0	455582.0	2.0	4292445.0	0.0	4.6593491588127513e-07	0.0
COG0035	0.0	455582.0	2.0	4292445.0	0.0	4.6593491588127513e-07	0.0
COG0512	0.0	455582.0	2.0	4292445.0	0.0	4.6593491588127513e-07	0.0
COG5502	0.0	455582.0	2.0	4292445.0	0.0	4.6593491588127513e-07	0.0
COG3772	0.0	455582.0	2.0	4292445.0	0.0	4.6593491588127513e-07	0.0
COG1895	0.0	455582.0	2.0	4292445.0	0.0	4.6593491588127513e-07	0.0
COG3602	0.0	455582.0	2.0	4292445.0	0.0	4.6593491588127513e-07	0.0
COG1781	0.0	455582.0	2.0	4292445.0	0.0	4.6593491588127513e-07	0.0
COG0219	0.0	455582.0	2.0	4292445.0	0.0	4.6593491588127513e-07	0.0
COG1838	0.0	455582.0	2.0	4292445.0	0.0	4.6593491588127513e-07	0.0
COG3917	0.0	455582.0	2.0	4292445.0	0.0	4.6593491588127513e-07	0.0
COG3427	0.0	455582.0	2.0	4292445.0	0.0	4.6593491588127513e-07	0.0
COG2005	0.0	455582.0	2.0	4292445.0	0.0	4.6593491588127513e-07	0.0
COG0105	0.0	455582.0	2.0	4292445.0	0.0	4.6593491588127513e-07	0.0
COG5562	0.0	455582.0	2.0	4292445.0	0.0	4.6593491588127513e-07	0.0
COG0328	0.0	455582.0	2.0	4292445.0	0.0	4.6593491588127513e-07	0.0
COG1592	0.0	455582.0	2.0	4292445.0	0.0	4.6593491588127513e-07	0.0
COG3874	0.0	455582.0	2.0	4292445.0	0.0	4.6593491588127513e-07	0.0
COG4918	0.0	455582.0	2.0	4292445.0	0.0	4.6593491588127513e-07	0.0
COG0781	0.0	455582.0	2.0	4292445.0	0.0	4.6593491588127513e-07	0.0
COG0221	0.0	455582.0	2.0	4292445.0	0.0	4.6593491588127513e-07	0.0
COG2172	0.0	455582.0	2.0	4292445.0	0.0	4.6593491588127513e-07	0.0
COG2969	0.0	455582.0	2.0	4292445.0	0.0	4.6593491588127513e-07	0.0
COG3012	0.0	455582.0	2.0	4292445.0	0.0	4.6593491588127513e-07	0.0
COG4518	0.0	455582.0	2.0	4292445.0	0.0	4.6593491588127513e-07	0.0
COG1308	0.0	455582.0	2.0	4292445.0	0.0	4.6593491588127513e-07	0.0
COG4832	0.0	455582.0	2.0	4292445.0	0.0	4.6593491588127513e-07	0.0
COG1666	0.0	455582.0	2.0	4292445.0	0.0	4.6593491588127513e-07	0.0
COG4283	0.0	455582.0	2.0	4292445.0	0.0	4.6593491588127513e-07	0.0
COG2310	0.0	455582.0	2.0	4292445.0	0.0	4.6593491588127513e-07	0.0
COG3157	0.0	455582.0	2.0	4292445.0	0.0	4.6593491588127513e-07	0.0
COG0816	0.0	455582.0	2.0	4292445.0	0.0	4.6593491588127513e-07	0.0
COG2185	0.0	455582.0	2.0	4292445.0	0.0	4.6593491588127513e-07	0.0
COG4288	0.0	455582.0	2.0	4292445.0	0.0	4.6593491588127513e-07	0.0
COG1522	0.0	455582.0	2.0	4292445.0	0.0	4.6593491588127513e-07	0.0
COG4804	0.0	455582.0	2.0	4292445.0	0.0	4.6593491588127513e-07	0.0
COG3543	0.0	455582.0	2.0	4292445.0	0.0	4.6593491588127513e-07	0.0
COG2954	0.0	455582.0	2.0	4292445.0	0.0	4.6593491588127513e-07	0.0
COG1142	0.0	455582.0	2.0	4292445.0	0.0	4.6593491588127513e-07	0.0
COG1595	0.0	455582.0	2.0	4292445.0	0.0	4.6593491588127513e-07	0.0
COG3445	0.0	455582.0	2.0	4292445.0	0.0	4.6593491588127513e-07	0.0
COG2343	0.0	455582.0	2.0	4292445.0	0.0	4.6593491588127513e-07	0.0
COG0302	0.0	455582.0	2.0	4292445.0	0.0	4.6593491588127513e-07	0.0
COG0622	0.0	455582.0	2.0	4292445.0	0.0	4.6593491588127513e-07	0.0
COG1610	0.0	455582.0	1.0	4292445.0	0.0	2.3296745794063757e-07	0.0
COG4334	0.0	455582.0	1.0	4292445.0	0.0	2.3296745794063757e-07	0.0
COG0163	0.0	455582.0	1.0	4292445.0	0.0	2.3296745794063757e-07	0.0
COG3409	0.0	455582.0	1.0	4292445.0	0.0	2.3296745794063757e-07	0.0
COG1607	0.0	455582.0	1.0	4292445.0	0.0	2.3296745794063757e-07	0.0
COG2606	0.0	455582.0	1.0	4292445.0	0.0	2.3296745794063757e-07	0.0
COG3806	0.0	455582.0	1.0	4292445.0	0.0	2.3296745794063757e-07	0.0
COG0589	0.0	455582.0	1.0	4292445.0	0.0	2.3296745794063757e-07	0.0
COG5088	0.0	455582.0	1.0	4292445.0	0.0	2.3296745794063757e-07	0.0
COG5652	0.0	455582.0	1.0	4292445.0	0.0	2.3296745794063757e-07	0.0
COG0097	0.0	455582.0	1.0	4292445.0	0.0	2.3296745794063757e-07	0.0
COG1952	0.0	455582.0	1.0	4292445.0	0.0	2.3296745794063757e-07	0.0
COG0217	0.0	455582.0	1.0	4292445.0	0.0	2.3296745794063757e-07	0.0
COG2077	0.0	455582.0	1.0	4292445.0	0.0	2.3296745794063757e-07	0.0
COG1545	0.0	455582.0	1.0	4292445.0	0.0	2.3296745794063757e-07	0.0
COG5566	0.0	455582.0	1.0	4292445.0	0.0	2.3296745794063757e-07	0.0
COG3760	0.0	455582.0	1.0	4292445.0	0.0	2.3296745794063757e-07	0.0
COG4728	0.0	455582.0	1.0	4292445.0	0.0	2.3296745794063757e-07	0.0
COG0522	0.0	455582.0	1.0	4292445.0	0.0	2.3296745794063757e-07	0.0
COG0314	0.0	455582.0	1.0	4292445.0	0.0	2.3296745794063757e-07	0.0
COG4185	0.0	455582.0	1.0	4292445.0	0.0	2.3296745794063757e-07	0.0
COG1126	0.0	455582.0	1.0	4292445.0	0.0	2.3296745794063757e-07	0.0
COG4598	0.0	455582.0	1.0	4292445.0	0.0	2.3296745794063757e-07	0.0
COG0135	0.0	455582.0	1.0	4292445.0	0.0	2.3296745794063757e-07	0.0
COG4847	0.0	455582.0	1.0	4292445.0	0.0	2.3296745794063757e-07	0.0
COG2318	0.0	455582.0	1.0	4292445.0	0.0	2.3296745794063757e-07	0.0
COG3365	0.0	455582.0	1.0	4292445.0	0.0	2.3296745794063757e-07	0.0
COG5005	0.0	455582.0	1.0	4292445.0	0.0	2.3296745794063757e-07	0.0
COG4003	0.0	455582.0	1.0	4292445.0	0.0	2.3296745794063757e-07	0.0
COG1854	0.0	455582.0	1.0	4292445.0	0.0	2.3296745794063757e-07	0.0
COG0551	0.0	455582.0	1.0	4292445.0	0.0	2.3296745794063757e-07	0.0
COG1321	0.0	455582.0	1.0	4292445.0	0.0	2.3296745794063757e-07	0.0
COG3703	0.0	455582.0	1.0	4292445.0	0.0	2.3296745794063757e-07	0.0
COG1898	0.0	455582.0	1.0	4292445.0	0.0	2.3296745794063757e-07	0.0
COG4013	0.0	455582.0	1.0	4292445.0	0.0	2.3296745794063757e-07	0.0
COG4405	0.0	455582.0	1.0	4292445.0	0.0	2.3296745794063757e-07	0.0
COG3910	0.0	455582.0	1.0	4292445.0	0.0	2.3296745794063757e-07	0.0
COG1136	0.0	455582.0	1.0	4292445.0	0.0	2.3296745794063757e-07	0.0
COG1656	0.0	455582.0	1.0	4292445.0	0.0	2.3296745794063757e-07	0.0
COG1528	0.0	455582.0	1.0	4292445.0	0.0	2.3296745794063757e-07	0.0
COG3545	0.0	455582.0	1.0	4292445.0	0.0	2.3296745794063757e-07	0.0
COG4567	0.0	455582.0	1.0	4292445.0	0.0	2.3296745794063757e-07	0.0
COG2405	0.0	455582.0	1.0	4292445.0	0.0	2.3296745794063757e-07	0.0
COG0546	0.0	455582.0	1.0	4292445.0	0.0	2.3296745794063757e-07	0.0
COG3364	0.0	455582.0	1.0	4292445.0	0.0	2.3296745794063757e-07	0.0
COG4540	0.0	455582.0	1.0	4292445.0	0.0	2.3296745794063757e-07	0.0
COG3337	0.0	455582.0	1.0	4292445.0	0.0	2.3296745794063757e-07	0.0
COG2731	0.0	455582.0	1.0	4292445.0	0.0	2.3296745794063757e-07	0.0
COG3444	0.0	455582.0	1.0	4292445.0	0.0	2.3296745794063757e-07	0.0
COG0590	0.0	455582.0	1.0	4292445.0	0.0	2.3296745794063757e-07	0.0
COG1986	0.0	455582.0	1.0	4292445.0	0.0	2.3296745794063757e-07	0.0
COG3467	0.0	455582.0	1.0	4292445.0	0.0	2.3296745794063757e-07	0.0
COG1327	0.0	455582.0	1.0	4292445.0	0.0	2.3296745794063757e-07	0.0
COG4845	0.0	455582.0	1.0	4292445.0	0.0	2.3296745794063757e-07	0.0
COG0041	0.0	455582.0	1.0	4292445.0	0.0	2.3296745794063757e-07	0.0
COG2518	0.0	455582.0	1.0	4292445.0	0.0	2.3296745794063757e-07	0.0
COG1412	0.0	455582.0	1.0	4292445.0	0.0	2.3296745794063757e-07	0.0
COG0350	0.0	455582.0	1.0	4292445.0	0.0	2.3296745794063757e-07	0.0
COG2001	0.0	455582.0	1.0	4292445.0	0.0	2.3296745794063757e-07	0.0
COG3453	0.0	455582.0	1.0	4292445.0	0.0	2.3296745794063757e-07	0.0
COG1117	0.0	455582.0	1.0	4292445.0	0.0	2.3296745794063757e-07	0.0
COG1329	0.0	455582.0	1.0	4292445.0	0.0	2.3296745794063757e-07	0.0
COG3316	0.0	455582.0	1.0	4292445.0	0.0	2.3296745794063757e-07	0.0
COG0233	0.0	455582.0	1.0	4292445.0	0.0	2.3296745794063757e-07	0.0
COG1051	0.0	455582.0	1.0	4292445.0	0.0	2.3296745794063757e-07	0.0
COG0745	0.0	455582.0	1.0	4292445.0	0.0	2.3296745794063757e-07	0.0
COG0802	0.0	455582.0	1.0	4292445.0	0.0	2.3296745794063757e-07	0.0
COG5556	0.0	455582.0	1.0	4292445.0	0.0	2.3296745794063757e-07	0.0
COG0652	0.0	455582.0	1.0	4292445.0	0.0	2.3296745794063757e-07	0.0
COG3506	0.0	455582.0	1.0	4292445.0	0.0	2.3296745794063757e-07	0.0
COG4894	0.0	455582.0	1.0	4292445.0	0.0	2.3296745794063757e-07	0.0
COG4747	0.0	455582.0	1.0	4292445.0	0.0	2.3296745794063757e-07	0.0
COG2947	0.0	455582.0	1.0	4292445.0	0.0	2.3296745794063757e-07	0.0
COG0048	0.0	455582.0	1.0	4292445.0	0.0	2.3296745794063757e-07	0.0
COG0669	0.0	455582.0	1.0	4292445.0	0.0	2.3296745794063757e-07	0.0
COG1438	0.0	455582.0	1.0	4292445.0	0.0	2.3296745794063757e-07	0.0
COG3837	0.0	455582.0	1.0	4292445.0	0.0	2.3296745794063757e-07	0.0
COG2197	0.0	455582.0	1.0	4292445.0	0.0	2.3296745794063757e-07	0.0
COG1886	0.0	455582.0	1.0	4292445.0	0.0	2.3296745794063757e-07	0.0
COG1591	0.0	455582.0	1.0	4292445.0	0.0	2.3296745794063757e-07	0.0
COG0066	0.0	455582.0	1.0	4292445.0	0.0	2.3296745794063757e-07	0.0
COG3727	0.0	455582.0	1.0	4292445.0	0.0	2.3296745794063757e-07	0.0
COG2087	0.0	455582.0	1.0	4292445.0	0.0	2.3296745794063757e-07	0.0
COG0740	0.0	455582.0	1.0	4292445.0	0.0	2.3296745794063757e-07	0.0
COG3826	0.0	455582.0	1.0	4292445.0	0.0	2.3296745794063757e-07	0.0
COG3153	0.0	455582.0	1.0	4292445.0	0.0	2.3296745794063757e-07	0.0
COG1435	0.0	455582.0	1.0	4292445.0	0.0	2.3296745794063757e-07	0.0
COG4190	0.0	455582.0	1.0	4292445.0	0.0	2.3296745794063757e-07	0.0
COG0259	0.0	455582.0	1.0	4292445.0	0.0	2.3296745794063757e-07	0.0
COG0245	0.0	455582.0	1.0	4292445.0	0.0	2.3296745794063757e-07	0.0
COG1310	0.0	455582.0	1.0	4292445.0	0.0	2.3296745794063757e-07	0.0
COG0176	0.0	455582.0	1.0	4292445.0	0.0	2.3296745794063757e-07	0.0
COG5123	0.0	455582.0	1.0	4292445.0	0.0	2.3296745794063757e-07	0.0
COG1661	0.0	455582.0	1.0	4292445.0	0.0	2.3296745794063757e-07	0.0
COG0691	0.0	455582.0	1.0	4292445.0	0.0	2.3296745794063757e-07	0.0
COG2062	0.0	455582.0	1.0	4292445.0	0.0	2.3296745794063757e-07	0.0
COG3335	0.0	455582.0	1.0	4292445.0	0.0	2.3296745794063757e-07	0.0
