accession	arc_trans_count	arc_trans_all	arc_not_trans_count	arc_not_trans_all	arc_trans_proportion	arc_not_trans_proportion	arc_trans_fold_change	arc_p_fisher	arc_p_chi2
COG4023	2105.0	11347.0	74.0	191500.0	0.1855115889662466	0.00038642297650130547	480.07390928427327	0.0	0.0
COG2443	1393.0	11347.0	0.0	191500.0	0.12276372609500308	0.0	inf	0.0	0.0
COG4095	1371.0	11347.0	0.0	191500.0	0.12082488763549837	0.0	inf	0.0	0.0
COG0636	749.0	11347.0	0.0	191500.0	0.06600863664404688	0.0	inf	0.0	0.0
COG4068	733.0	11347.0	0.0	191500.0	0.06459857230986164	0.0	inf	0.0	0.0
COG2212	653.0	11347.0	0.0	191500.0	0.0575482506389354	0.0	inf	0.0	0.0
COG1983	557.0	11347.0	0.0	191500.0	0.04908786463382392	0.0	inf	0.0	0.0
COG1563	449.0	11347.0	0.0	191500.0	0.0395699303780735	0.0	inf	0.0	0.0
COG2034	367.0	11347.0	0.0	191500.0	0.03234335066537411	0.0	inf	0.0	0.0
COG3326	303.0	11347.0	0.0	191500.0	0.026703093328633118	0.0	inf	0.0	0.0
COG1826	248.0	11347.0	40.0	191500.0	0.02185599717987133	0.00020887728459530026	104.635586498634	3.738443545569176e-264	0.0
COG3205	205.0	11347.0	6.0	191500.0	0.01806644928174848	3.133159268929504e-05	576.6208395758057	2.6993907186365417e-247	0.0
COG4218	160.0	11347.0	0.0	191500.0	0.014100643341852471	0.0	inf	1.4862546264605048e-201	0.0
COG4062	147.0	11347.0	0.0	191500.0	0.012954966070326958	0.0	inf	3.343614595413254e-185	0.0
COG0713	144.0	11347.0	0.0	191500.0	0.012690579007667225	0.0	inf	1.9810872917102522e-181	0.0
COG4064	133.0	11347.0	0.0	191500.0	0.011721159777914868	0.0	inf	1.3405147098416533e-167	0.0
COG2155	125.0	11347.0	0.0	191500.0	0.011016127610822244	0.0	inf	1.523843581654339e-157	0.0
COG1930	125.0	11347.0	0.0	191500.0	0.011016127610822244	0.0	inf	1.523843581654339e-157	0.0
COG4040	105.0	11347.0	0.0	191500.0	0.009253547193090685	0.0	inf	2.0505978812128225e-132	0.0
COG5625	93.0	11347.0	2.0	191500.0	0.00819599894245175	1.0443864229765014e-05	784.766898739755	9.6161284839171e-114	0.0
COG5487	85.0	11347.0	0.0	191500.0	0.007490966775359126	0.0	inf	2.6682441566726807e-107	3.6697422726696e-310
COG4038	81.0	11347.0	0.0	191500.0	0.007138450691812814	0.0	inf	2.8012094470999282e-102	1.75985774107875e-295
COG4323	80.0	11347.0	0.0	191500.0	0.007050321670926236	0.0	inf	5.041207384125535e-101	8.235138994372842e-292
COG2383	74.0	11347.0	0.0	191500.0	0.006521547545606768	0.0	inf	1.7096378566689384e-93	8.64457228284007e-270
COG1006	71.0	11347.0	0.0	191500.0	0.006257160482947034	0.0	inf	9.944837884083068e-90	8.856472302153412e-259
COG1581	54.0	11347.0	3648.0	191500.0	0.004758967127875209	0.019049608355091383	0.24981968338489655	1.8944890936778623e-38	3.278731600864516e-28
COG1146	43.0	11347.0	6131.0	191500.0	0.003789547898122852	0.03201566579634465	0.11836542529612235	3.1062015424866333e-99	1.1953731829902664e-64
COG2076	39.0	11347.0	0.0	191500.0	0.00343703181457654	0.0	inf	1.3613807865937104e-49	2.5250681768688e-141
COG4039	37.0	11347.0	0.0	191500.0	0.003260773772803384	0.0	inf	4.37793588216976e-47	5.555681438270325e-134
COG1849	33.0	11347.0	2571.0	191500.0	0.0029082576892570725	0.013425587467362924	0.21662051633322807	1.749456214084516e-30	6.159296940152798e-22
COG3462	31.0	11347.0	0.0	191500.0	0.0027319996474839165	0.0	inf	1.4530103177417236e-39	5.949872549030106e-112
COG1320	29.0	11347.0	0.0	191500.0	0.0025557416057107605	0.0	inf	4.666363248615524e-37	1.3144858500970862e-104
COG3847	23.0	11347.0	0.0	191500.0	0.002026967480391293	0.0	inf	1.5425480068626567e-29	1.4309361278413783e-82
COG3042	21.0	11347.0	1.0	191500.0	0.001850709438618137	5.221932114882507e-06	354.4108574953732	1.0303928391146316e-25	1.744896745538448e-71
COG1942	21.0	11347.0	1363.0	191500.0	0.001850709438618137	0.007117493472584857	0.2600226393949914	1.6221404357270944e-14	5.2625559648356706e-11
COG4818	21.0	11347.0	0.0	191500.0	0.001850709438618137	0.0	inf	4.947308943298935e-27	3.184146216023116e-75
COG2053	20.0	11347.0	2510.0	191500.0	0.001762580417731559	0.013107049608355091	0.134475756970356	6.942842186616285e-39	5.883296931865912e-26
COG2026	20.0	11347.0	7730.0	191500.0	0.001762580417731559	0.040365535248041776	0.04366547865402245	6.604052260058938e-163	3.0057498412921406e-96
COG1141	19.0	11347.0	3047.0	191500.0	0.0016744513968449811	0.015911227154046997	0.10523709960479616	1.2368411079068182e-51	2.2605545024338515e-33
COG2888	17.0	11347.0	703.0	191500.0	0.0014981933550718251	0.003671018276762402	0.4081138371212724	4.2091586234067205e-05	0.00021543405542831756
COG0695	16.0	11347.0	4115.0	191500.0	0.0014100643341852471	0.021488250652741514	0.06562024787277639	9.031339063757137e-80	8.864972614750227e-49
COG2260	15.0	11347.0	1065.0	191500.0	0.0013219353132986693	0.0055613577023498695	0.23770010563069968	2.3578437396418785e-12	2.4752139108781416e-09
COG4042	15.0	11347.0	0.0	191500.0	0.0013219353132986693	0.0	inf	1.6288883563900355e-19	3.5696676170220223e-53
COG3478	14.0	11347.0	117.0	191500.0	0.0012338062924120913	0.0006109660574412533	2.019435085443722	0.019874033993356473	0.018907926029365092
COG3350	14.0	11347.0	1426.0	191500.0	0.0012338062924120913	0.007446475195822454	0.16568997545365743	1.9278943229802213e-20	2.929379264213936e-14
COG3432	13.0	11347.0	6594.0	191500.0	0.0011456772715255133	0.03443342036553525	0.033272247118158293	2.691854039517453e-144	1.104931732487806e-83
COG3377	13.0	11347.0	366.0	191500.0	0.0011456772715255133	0.0019112271540469973	0.5994458948009175	0.07238153903736097	0.08490348161928755
COG5510	12.0	11347.0	0.0	191500.0	0.0010575482506389353	0.0	inf	9.336067073189324e-16	3.828696369600836e-42
COG2261	11.0	11347.0	0.0	191500.0	0.0009694192297523574	0.0	inf	1.6705103218131728e-14	1.8234074601762444e-38
COG2314	10.0	11347.0	0.0	191500.0	0.0008812902088657794	0.0	inf	2.9888092277241474e-13	8.694618457256646e-35
COG1873	10.0	11347.0	4712.0	191500.0	0.0008812902088657794	0.02460574412532637	0.03581644206235076	6.7281209065068344e-102	2.1478487177794796e-59
COG1977	9.0	11347.0	5001.0	191500.0	0.0007931611879792016	0.026114882506527416	0.030371999099783463	1.694226646164805e-110	9.64217511098069e-64
COG4744	9.0	11347.0	0.0	191500.0	0.0007931611879792016	0.0	inf	5.347010814340836e-12	4.15071854386072e-31
COG1588	9.0	11347.0	3074.0	191500.0	0.0007931611879792016	0.016052219321148826	0.04941131018152801	3.374113587199987e-63	6.684869417425105e-38
COG1742	9.0	11347.0	0.0	191500.0	0.0007931611879792016	0.0	inf	5.347010814340836e-12	4.15071854386072e-31
COG1911	9.0	11347.0	1819.0	191500.0	0.0007931611879792016	0.009498694516971279	0.0835021261671342	1.3138471546656175e-33	2.4617611611516432e-21
COG1753	8.0	11347.0	2017.0	191500.0	0.0007050321670926236	0.010532637075718016	0.06693785820438146	2.687781965658978e-39	2.3642604658456632e-24
COG4035	7.0	11347.0	0.0	191500.0	0.0006169031462060457	0.0	inf	1.7109145328301724e-09	9.48117867971288e-24
COG2104	7.0	11347.0	2466.0	191500.0	0.0006169031462060457	0.012877284595300261	0.04790630677147516	3.1655283023739804e-51	1.0553439618419957e-30
COG1552	6.0	11347.0	949.0	191500.0	0.0005287741253194677	0.004955613577023499	0.10670204952442366	9.808783523196482e-17	3.5257785229418185e-11
COG3630	6.0	11347.0	0.0	191500.0	0.0005287741253194677	0.0	inf	3.0600794880964304e-08	4.52855213908862e-20
COG1644	6.0	11347.0	2917.0	191500.0	0.0005287741253194677	0.015232375979112272	0.03471383099029073	2.1171139257839725e-63	4.063568169890788e-37
COG5466	6.0	11347.0	1160.0	191500.0	0.0005287741253194677	0.006057441253263708	0.0872933146540328	1.7973465625727294e-21	6.130622250384776e-14
COG1278	6.0	11347.0	1873.0	191500.0	0.0005287741253194677	0.009780678851174935	0.05406313133939031	3.796661078122851e-38	2.6443178425357533e-23
COG1758	6.0	11347.0	1698.0	191500.0	0.0005287741253194677	0.008866840731070497	0.05963500883314373	4.5464297044420805e-34	5.321583467379471e-21
COG0298	6.0	11347.0	1600.0	191500.0	0.0005287741253194677	0.00835509138381201	0.06328765312417378	8.690311487746098e-32	1.0344223517765419e-19
COG3466	6.0	11347.0	1562.0	191500.0	0.0005287741253194677	0.008156657963446475	0.06482730153564537	8.356983482596362e-31	3.2666641537917978e-19
COG2770	6.0	11347.0	1.0	191500.0	0.0005287741253194677	5.221932114882507e-06	101.26024499867805	2.0394007697502102e-07	4.384439563346792e-17
COG4392	6.0	11347.0	1.0	191500.0	0.0005287741253194677	5.221932114882507e-06	101.26024499867805	2.0394007697502102e-07	4.384439563346792e-17
COG3830	6.0	11347.0	208.0	191500.0	0.0005287741253194677	0.0010861618798955613	0.486828100955183	0.074533237084904	0.10346994032251232
COG4541	5.0	11347.0	1.0	191500.0	0.0004406451044328897	5.221932114882507e-06	84.38353749889838	3.130610785873002e-06	1.3808755353313585e-13
COG1436	5.0	11347.0	818.0	191500.0	0.0004406451044328897	0.00427154046997389	0.10315835880060926	1.2259062439966967e-14	7.207378333196623e-10
COG3414	5.0	11347.0	18.0	191500.0	0.0004406451044328897	9.399477806788511e-05	4.687974305494355	0.007887084331036227	0.003546806399549558
COG4575	5.0	11347.0	0.0	191500.0	0.0004406451044328897	0.0	inf	5.472691267253341e-07	2.1551937322120924e-16
COG3585	5.0	11347.0	665.0	191500.0	0.0004406451044328897	0.003472584856396867	0.12689253759232838	3.294573655404647e-11	7.2429607820942e-08
COG2608	4.0	11347.0	1994.0	191500.0	0.0003525160835463118	0.010412532637075717	0.033854979939377486	8.631930653843891e-44	9.17044255253052e-26
COG2075	4.0	11347.0	1591.0	191500.0	0.0003525160835463118	0.008308093994778068	0.04243043997430465	5.45380999876122e-34	1.900882940309025e-20
COG2142	4.0	11347.0	0.0	191500.0	0.0003525160835463118	0.0	inf	9.786627124619684e-06	1.0151462864811157e-12
COG1254	3.0	11347.0	2941.0	191500.0	0.00026438706265973383	0.015357702349869452	0.017215274566249245	1.0210348030221154e-68	9.200733299751212e-39
COG0239	3.0	11347.0	0.0	191500.0	0.00026438706265973383	0.0	inf	0.00017499634982419084	4.646974276287645e-09
COG1918	3.0	11347.0	1415.0	191500.0	0.00026438706265973383	0.007389033942558747	0.03578100529988624	5.062973373436859e-31	1.460962786122231e-18
COG3668	3.0	11347.0	83.0	191500.0	0.00026438706265973383	0.000433420365535248	0.610001475895651	0.6345224075441218	0.538438362134064
COG1773	3.0	11347.0	840.0	191500.0	0.00026438706265973383	0.004386422976501305	0.06027395535635599	3.325584578435454e-17	5.5032954453491885e-11
COG2835	3.0	11347.0	1286.0	191500.0	0.00026438706265973383	0.0067154046997389034	0.039370235224991466	7.206677842137948e-28	7.319802216952724e-17
COG3197	3.0	11347.0	0.0	191500.0	0.00026438706265973383	0.0	inf	0.00017499634982419084	4.646974276287645e-09
COG2827	3.0	11347.0	656.0	191500.0	0.00026438706265973383	0.0034255874673629243	0.07718006478557779	7.980849029409123e-13	1.472404044417582e-08
COG0401	3.0	11347.0	0.0	191500.0	0.00026438706265973383	0.0	inf	0.00017499634982419084	4.646974276287645e-09
COG3152	3.0	11347.0	0.0	191500.0	0.00026438706265973383	0.0	inf	0.00017499634982419084	4.646974276287645e-09
COG2012	3.0	11347.0	3575.0	191500.0	0.00026438706265973383	0.01866840731070496	0.014162272027787142	2.2031057977573265e-84	3.1736868948929146e-47
COG1476	2.0	11347.0	2112.0	191500.0	0.0001762580417731559	0.011028720626631855	0.01598173058691257	1.4418158700209543e-49	3.309786864386338e-28
COG3360	2.0	11347.0	1498.0	191500.0	0.0001762580417731559	0.007822454308093994	0.022532319759385418	1.991188735162199e-34	4.2817942604458773e-20
COG0393	2.0	11347.0	82.0	191500.0	0.0001762580417731559	0.00042819843342036554	0.4116270121897482	0.3346491487222261	0.2963859168462172
COG2412	2.0	11347.0	2728.0	191500.0	0.0001762580417731559	0.014245430809399478	0.012372952712448444	4.702801966683603e-65	2.2388029812762802e-36
COG3369	2.0	11347.0	124.0	191500.0	0.0001762580417731559	0.0006475195822454308	0.2722049596738657	0.050022095308636466	0.07777183716291318
COG2929	2.0	11347.0	22.0	191500.0	0.0001762580417731559	0.00011488250652741515	1.5342461363436068	0.39160121766829553	0.8887526567818034
COG1687	2.0	11347.0	0.0	191500.0	0.0001762580417731559	0.0	inf	0.0031288792049675887	1.943491358597808e-05
COG3357	2.0	11347.0	251.0	191500.0	0.0001762580417731559	0.0013107049608355092	0.13447575697035596	9.957457218207709e-05	0.0014233561272907979
COG2863	2.0	11347.0	0.0	191500.0	0.0001762580417731559	0.0	inf	0.0031288792049675887	1.943491358597808e-05
COG2139	2.0	11347.0	2845.0	191500.0	0.0001762580417731559	0.01485639686684073	0.011864117750284483	6.069635929770303e-68	6.223032998194215e-38
COG5131	2.0	11347.0	964.0	191500.0	0.0001762580417731559	0.005033942558746736	0.035013915974646634	1.933635600797624e-21	4.729826699083331e-13
COG3815	2.0	11347.0	0.0	191500.0	0.0001762580417731559	0.0	inf	0.0031288792049675887	1.943491358597808e-05
COG0640	2.0	11347.0	411.0	191500.0	0.0001762580417731559	0.0021462140992167104	0.08212509732252883	3.617190404222349e-08	1.0051554175161653e-05
COG1358	2.0	11347.0	338.0	191500.0	0.0001762580417731559	0.0017650130548302872	0.09986217455490932	1.3284749575051744e-06	9.551015763853928e-05
COG4327	2.0	11347.0	0.0	191500.0	0.0001762580417731559	0.0	inf	0.0031288792049675887	1.943491358597808e-05
COG1872	2.0	11347.0	612.0	191500.0	0.0001762580417731559	0.003195822454308094	0.05515263888816888	4.701452698880085e-13	2.1292653216180155e-08
COG3296	2.0	11347.0	0.0	191500.0	0.0001762580417731559	0.0	inf	0.0031288792049675887	1.943491358597808e-05
COG1144	1.0	11347.0	1225.0	191500.0	8.812902088657794e-05	0.006396866840731071	0.013776904081452795	3.3214731851038815e-29	6.16304571553327e-17
COG4888	1.0	11347.0	65.0	191500.0	8.812902088657794e-05	0.0003394255874673629	0.2596416538427643	0.18513099407261202	0.24028035484570298
COG4545	1.0	11347.0	730.0	191500.0	8.812902088657794e-05	0.00381201044386423	0.02311877739695846	3.555804256161032e-17	2.1339119767267469e-10
COG4919	1.0	11347.0	320.0	191500.0	8.812902088657794e-05	0.001671018276762402	0.05273971093681149	3.147925323264074e-07	6.332284510913622e-05
COG2126	1.0	11347.0	633.0	191500.0	8.812902088657794e-05	0.0033054830287206267	0.026661465244517655	1.2252198005883975e-14	4.1245554323295315e-09
COG2174	1.0	11347.0	920.0	191500.0	8.812902088657794e-05	0.004804177545691906	0.018344247282369212	7.3602729928488415e-22	6.547864754121158e-13
COG3422	1.0	11347.0	438.0	191500.0	8.812902088657794e-05	0.002287206266318538	0.03853129566159744	5.032708212333085e-10	1.6359248988975423e-06
COG2167	1.0	11347.0	901.0	191500.0	8.812902088657794e-05	0.004704960835509139	0.018731084905415845	2.3533472715810536e-21	1.167214590935581e-12
COG0599	1.0	11347.0	15.0	191500.0	8.812902088657794e-05	7.83289817232376e-05	1.125113833318645	0.6019040098617249	1.0
COG3339	1.0	11347.0	0.0	191500.0	8.812902088657794e-05	0.0	inf	0.055938712428974975	0.053315297220553295
COG3277	1.0	11347.0	718.0	191500.0	8.812902088657794e-05	0.0037493472584856397	0.023505163648718214	7.750504817361183e-17	3.0771141082761053e-10
COG0607	1.0	11347.0	257.0	191500.0	8.812902088657794e-05	0.0013420365535248041	0.0656681225672361	9.310150304559374e-06	0.00045530549607556293
COG5272	1.0	11347.0	48.0	191500.0	8.812902088657794e-05	0.0002506527415143603	0.3515980729120766	0.5256953747645587	0.4403760323138136
COG1532	1.0	11347.0	514.0	191500.0	8.812902088657794e-05	0.0026840731070496083	0.03283406128361805	7.663624873829637e-12	1.5789297834108214e-07
COG0828	1.0	11347.0	213.0	191500.0	8.812902088657794e-05	0.0011122715404699739	0.07923336854356657	0.00013346352527993284	0.0018309084719159063
COG4855	1.0	11347.0	103.0	191500.0	8.812902088657794e-05	0.0005378590078328982	0.16385152912407452	0.03149313316264341	0.06535500081826633
COG1997	1.0	11347.0	957.0	191500.0	8.812902088657794e-05	0.0049973890339425585	0.01763501306142077	1.094673296775208e-22	2.1248450604385125e-13
COG3162	1.0	11347.0	0.0	191500.0	8.812902088657794e-05	0.0	inf	0.055938712428974975	0.053315297220553295
COG2892	1.0	11347.0	2000.0	191500.0	8.812902088657794e-05	0.010443864229765013	0.008438353749889839	1.0406126949687788e-48	3.585307830810277e-27
COG1669	1.0	11347.0	1672.0	191500.0	8.812902088657794e-05	0.008731070496083551	0.01009372458120794	2.3115555374483707e-40	7.760825532772151e-23
COG1958	1.0	11347.0	4455.0	191500.0	8.812902088657794e-05	0.023263707571801566	0.003788262065045943	8.704950808065989e-111	5.87510186158978e-60
COG0316	1.0	11347.0	96.0	191500.0	8.812902088657794e-05	0.0005013054830287206	0.1757990364560383	0.045104185430512846	0.08272765814236474
COG2092	1.0	11347.0	3998.0	191500.0	8.812902088657794e-05	0.02087728459530026	0.004221287518704271	3.6941810381124415e-99	8.400760654757593e-54
COG2880	1.0	11347.0	376.0	191500.0	8.812902088657794e-05	0.0019634464751958226	0.04488486037175446	1.5333316185848052e-08	1.1114487403341842e-05
COG1534	1.0	11347.0	931.0	191500.0	8.812902088657794e-05	0.004861618798955613	0.018127505370332628	5.250694233896764e-22	4.685690940825541e-13
COG1965	1.0	11347.0	3.0	191500.0	8.812902088657794e-05	1.566579634464752e-05	5.625569166593226	0.2056717732554873	0.5478048226039096
COG5606	1.0	11347.0	0.0	191500.0	8.812902088657794e-05	0.0	inf	0.055938712428974975	0.053315297220553295
COG1343	1.0	11347.0	990.0	191500.0	8.812902088657794e-05	0.005169712793733681	0.017047179292706743	1.5656004073226256e-23	7.789475506820848e-14
COG4272	1.0	11347.0	0.0	191500.0	8.812902088657794e-05	0.0	inf	0.055938712428974975	0.053315297220553295
COG0762	1.0	11347.0	0.0	191500.0	8.812902088657794e-05	0.0	inf	0.055938712428974975	0.053315297220553295
COG3269	1.0	11347.0	1805.0	191500.0	8.812902088657794e-05	0.009425587467362924	0.009349976454171566	8.866849074684775e-44	1.3577722386985582e-24
COG4828	1.0	11347.0	0.0	191500.0	8.812902088657794e-05	0.0	inf	0.055938712428974975	0.053315297220553295
COG2456	1.0	11347.0	0.0	191500.0	8.812902088657794e-05	0.0	inf	0.055938712428974975	0.053315297220553295
COG3293	1.0	11347.0	1.0	191500.0	8.812902088657794e-05	5.221932114882507e-06	16.876707499779677	0.10874854565003494	0.23237538306242625
COG4980	1.0	11347.0	1.0	191500.0	8.812902088657794e-05	5.221932114882507e-06	16.876707499779677	0.10874854565003494	0.23237538306242625
COG0425	1.0	11347.0	2825.0	191500.0	8.812902088657794e-05	0.014751958224543081	0.005974055752134399	2.4533968129504516e-69	4.073975028084097e-38
COG2337	1.0	11347.0	13.0	191500.0	8.812902088657794e-05	6.788511749347258e-05	1.2982082692138213	0.5533255575599677	1.0
COG0185	1.0	11347.0	145.0	191500.0	8.812902088657794e-05	0.0007571801566579635	0.11639108620537707	0.0035564030489189857	0.01630954632233181
COG4537	1.0	11347.0	0.0	191500.0	8.812902088657794e-05	0.0	inf	0.055938712428974975	0.053315297220553295
COG2919	1.0	11347.0	0.0	191500.0	8.812902088657794e-05	0.0	inf	0.055938712428974975	0.053315297220553295
COG2002	1.0	11347.0	2726.0	191500.0	8.812902088657794e-05	0.014234986945169713	0.00619101522369027	5.83924381966752e-67	8.45010314699623e-37
COG1598	1.0	11347.0	2444.0	191500.0	8.812902088657794e-05	0.012762402088772846	0.006905363134116071	9.14057569556903e-60	4.703269815178871e-33
COG2442	1.0	11347.0	1092.0	191500.0	8.812902088657794e-05	0.005702349869451697	0.015454860347783587	4.745441822881134e-26	3.50702748469244e-15
COG1369	1.0	11347.0	401.0	191500.0	8.812902088657794e-05	0.002093994778067885	0.042086552368527874	5.349435038607092e-09	5.127029049724517e-06
COG2036	1.0	11347.0	115.0	191500.0	8.812902088657794e-05	0.0006005221932114883	0.1467539782589537	0.023027330972387534	0.04377457072553257
COG4009	1.0	11347.0	104.0	191500.0	8.812902088657794e-05	0.0005430809399477807	0.16227603365172766	0.03161724587314701	0.06319859896985398
COG1724	0.0	11347.0	3206.0	191500.0	0.0	0.016741514360313316	0.0	2.7745038760682124e-81	1.1980707146558338e-43
COG1998	0.0	11347.0	2933.0	191500.0	0.0	0.015315926892950391	0.0	2.156810568025532e-74	5.236415610448789e-40
COG1383	0.0	11347.0	2907.0	191500.0	0.0	0.015180156657963446	0.0	1.0617148349688056e-73	1.1623296550001684e-39
COG2093	0.0	11347.0	2891.0	191500.0	0.0	0.015096605744125326	0.0	2.328781994473107e-73	1.898445124414388e-39
COG1761	0.0	11347.0	2877.0	191500.0	0.0	0.015023498694516971	0.0	8.439388000029804e-73	2.916156006315968e-39
COG0255	0.0	11347.0	2772.0	191500.0	0.0	0.014475195822454308	0.0	2.9591255157311237e-70	7.281893623621934e-38
COG0089	0.0	11347.0	2644.0	191500.0	0.0	0.013806788511749346	0.0	5.539560174429736e-67	3.6663112172048554e-36
COG1698	0.0	11347.0	2470.0	191500.0	0.0	0.012898172323759791	0.0	1.7130862686638833e-62	7.502635660481559e-34
COG2051	0.0	11347.0	2247.0	191500.0	0.0	0.011733681462140991	0.0	7.923965425855376e-57	6.8036974236797e-31
COG1828	0.0	11347.0	1803.0	191500.0	0.0	0.009415143603133159	0.0	9.284472229112331e-46	5.11270223777849e-25
COG2451	0.0	11347.0	1649.0	191500.0	0.0	0.008610966057441253	0.0	7.996204656705452e-42	5.53899056816147e-23
COG1996	0.0	11347.0	1564.0	191500.0	0.0	0.00816710182767624	0.0	8.540881630192502e-40	7.344724429344279e-22
COG1631	0.0	11347.0	1394.0	191500.0	0.0	0.0072793733681462145	0.0	2.504805959043629e-35	1.2888594172789301e-19
COG0721	0.0	11347.0	1361.0	191500.0	0.0	0.007107049608355091	0.0	1.0960648730913904e-34	3.513652081931197e-19
COG1400	0.0	11347.0	1340.0	191500.0	0.0	0.0069973890339425585	0.0	5.767684047325533e-34	6.651503857296547e-19
COG2157	0.0	11347.0	1208.0	191500.0	0.0	0.006308093994778068	0.0	9.034704170761468e-31	3.6730438372056527e-17
COG2097	0.0	11347.0	1122.0	191500.0	0.0	0.005859007832898173	0.0	1.5101698712256498e-28	5.013576016930556e-16
COG0199	0.0	11347.0	1085.0	191500.0	0.0	0.00566579634464752	0.0	1.0232822047784613e-27	1.5437952447534514e-15
COG4274	0.0	11347.0	1027.0	191500.0	0.0	0.005362924281984334	0.0	3.572175220024271e-26	9.003227665256422e-15
COG1531	0.0	11347.0	1023.0	191500.0	0.0	0.005342036553524804	0.0	5.722310312606158e-26	1.0167646545574432e-14
COG1605	0.0	11347.0	996.0	191500.0	0.0	0.005201044386422976	0.0	2.7356451078912923e-25	2.311007918927047e-14
COG0023	0.0	11347.0	911.0	191500.0	0.0	0.004757180156657963	0.0	2.692957112242641e-23	3.0676339381576534e-13
COG5428	0.0	11347.0	867.0	191500.0	0.0	0.004527415143603133	0.0	4.484170265314243e-22	1.1707157269027222e-12
COG2154	0.0	11347.0	774.0	191500.0	0.0	0.00404177545691906	0.0	6.563042001269032e-20	1.9900422989539253e-11
COG1888	0.0	11347.0	736.0	191500.0	0.0	0.003843342036553525	0.0	7.004996888870832e-19	6.34039696989809e-11
COG0236	0.0	11347.0	702.0	191500.0	0.0	0.0036657963446475195	0.0	4.917988028517451e-18	1.789392279728764e-10
COG0361	0.0	11347.0	625.0	191500.0	0.0	0.0032637075718015664	0.0	3.529967461497548e-16	1.881389793774265e-09
COG1594	0.0	11347.0	595.0	191500.0	0.0	0.0031070496083550913	0.0	2.5972413868767846e-15	4.711648768065044e-09
COG3695	0.0	11347.0	550.0	191500.0	0.0	0.0028720626631853785	0.0	4.2806607926471816e-14	1.8706478920444412e-08
COG4895	0.0	11347.0	528.0	191500.0	0.0	0.0027571801566579636	0.0	1.3083985295101678e-13	3.673991600556762e-08
COG0234	0.0	11347.0	494.0	191500.0	0.0	0.002579634464751958	0.0	9.175002693779028e-13	1.0441584551384021e-07
COG2023	0.0	11347.0	491.0	191500.0	0.0	0.0025639686684073106	0.0	8.735929610742481e-13	1.1450636951116946e-07
COG1694	0.0	11347.0	402.0	191500.0	0.0	0.0020992167101827677	0.0	1.3957216933824643e-10	1.7813120852548581e-06
COG3609	0.0	11347.0	402.0	191500.0	0.0	0.0020992167101827677	0.0	1.3957216933824643e-10	1.7813120852548581e-06
COG0011	0.0	11347.0	399.0	191500.0	0.0	0.00208355091383812	0.0	2.1624068554705047e-10	1.9545630971794094e-06
COG1745	0.0	11347.0	386.0	191500.0	0.0	0.0020156657963446476	0.0	4.789684164686956e-10	2.9231056576591078e-06
COG1145	0.0	11347.0	382.0	191500.0	0.0	0.0019947780678851177	0.0	4.5115936101229936e-10	3.308781317839455e-06
COG2004	0.0	11347.0	375.0	191500.0	0.0	0.0019582245430809398	0.0	6.665396643439687e-10	4.110619221165735e-06
COG2151	0.0	11347.0	367.0	191500.0	0.0	0.00191644908616188	0.0	1.610408694673629e-09	5.268495926993603e-06
COG3041	0.0	11347.0	362.0	191500.0	0.0	0.0018903394255874674	0.0	1.4596751600018938e-09	6.153077202476709e-06
COG1722	0.0	11347.0	351.0	191500.0	0.0	0.0018328981723237598	0.0	3.294573996752138e-09	8.65981434348577e-06
COG4830	0.0	11347.0	350.0	191500.0	0.0	0.0018276762402088772	0.0	3.238880643252658e-09	8.93325394750052e-06
COG4746	0.0	11347.0	344.0	191500.0	0.0	0.0017963446475195823	0.0	4.85031120520729e-09	1.0765839030862072e-05
COG0186	0.0	11347.0	337.0	191500.0	0.0	0.0017597911227154046	0.0	7.143263521814863e-09	1.3386372495198127e-05
COG3655	0.0	11347.0	328.0	191500.0	0.0	0.0017127937336814622	0.0	1.0310229256806752e-08	1.771851884107067e-05
COG0140	0.0	11347.0	326.0	191500.0	0.0	0.0017023498694516972	0.0	1.6635052254556786e-08	1.8858393228069835e-05
COG1342	0.0	11347.0	323.0	191500.0	0.0	0.0016866840731070496	0.0	1.551026894223197e-08	2.0707781780418654e-05
COG4892	0.0	11347.0	305.0	191500.0	0.0	0.0015926892950391645	0.0	5.2758596079464356e-08	3.632877987625652e-05
COG2146	0.0	11347.0	297.0	191500.0	0.0	0.0015509138381201045	0.0	7.573759906491413e-08	4.6660460742513244e-05
COG0694	0.0	11347.0	287.0	191500.0	0.0	0.0014986945169712794	0.0	1.0781501430889493e-07	6.382795887165132e-05
COG4014	0.0	11347.0	285.0	191500.0	0.0	0.0014882506527415143	0.0	1.7250106129404868e-07	6.795943425787585e-05
COG3388	0.0	11347.0	279.0	191500.0	0.0	0.0014569190600522194	0.0	2.61669631482238e-07	8.203916957986476e-05
COG2058	0.0	11347.0	274.0	191500.0	0.0	0.0014308093994778069	0.0	2.3659568998669427e-07	9.599073517625004e-05
COG0633	0.0	11347.0	250.0	191500.0	0.0	0.0013054830287206266	0.0	1.1897201922897117e-06	0.00020442204705731337
COG0517	0.0	11347.0	246.0	191500.0	0.0	0.0012845953002610965	0.0	1.1312362123423274e-06	0.00023195387318507244
COG1393	0.0	11347.0	224.0	191500.0	0.0	0.0011697127937336815	0.0	5.899675367333268e-06	0.00046572289089409034
COG4572	0.0	11347.0	215.0	191500.0	0.0	0.0011227154046997388	0.0	8.289160915831881e-06	0.0006201052370571283
COG5559	0.0	11347.0	195.0	191500.0	0.0	0.0010182767624020888	0.0	2.717248738749118e-05	0.0011748194401258064
COG4104	0.0	11347.0	193.0	191500.0	0.0	0.0010078328981723238	0.0	2.6384228039619092e-05	0.0012526277167096967
COG1359	0.0	11347.0	178.0	191500.0	0.0	0.0009295039164490861	0.0	5.752942522797077e-05	0.002029369898573671
COG2336	0.0	11347.0	174.0	191500.0	0.0	0.0009086161879895561	0.0	8.761722515788734e-05	0.00230913483517852
COG4004	0.0	11347.0	172.0	191500.0	0.0	0.0008981723237597911	0.0	8.55960044572359e-05	0.002463367650124204
COG1308	0.0	11347.0	158.0	191500.0	0.0	0.0008250652741514361	0.0	0.0001880022335752893	0.003879825383411689
COG1460	0.0	11347.0	157.0	191500.0	0.0	0.0008198433420365535	0.0	0.0001876474727287297	0.004008257112925281
COG4033	0.0	11347.0	156.0	191500.0	0.0	0.000814621409921671	0.0	0.00030295285371251593	0.004141010331081873
COG5007	0.0	11347.0	152.0	191500.0	0.0	0.000793733681462141	0.0	0.00028057026081280555	0.004718289974417422
COG2886	0.0	11347.0	152.0	191500.0	0.0	0.000793733681462141	0.0	0.00028057026081280555	0.004718289974417422
COG2440	0.0	11347.0	147.0	191500.0	0.0	0.0007676240208877285	0.0	0.000427079959606034	0.005556602494326257
COG3809	0.0	11347.0	146.0	191500.0	0.0	0.000762402088772846	0.0	0.00042039541839232014	0.005741678448582038
COG3905	0.0	11347.0	145.0	191500.0	0.0	0.0007571801566579635	0.0	0.00041596013965591394	0.005933034245363357
COG0271	0.0	11347.0	144.0	191500.0	0.0	0.0007519582245430809	0.0	0.00041371620541777075	0.006130888328942755
COG1937	0.0	11347.0	142.0	191500.0	0.0	0.0007415143603133159	0.0	0.0006613704576808282	0.006547004724542285
COG2331	0.0	11347.0	141.0	191500.0	0.0	0.0007362924281984335	0.0	0.0006451515561723552	0.006765744415983268
COG1925	0.0	11347.0	135.0	191500.0	0.0	0.0007049608355091384	0.0	0.0009782182874323903	0.008244177319463523
COG3411	0.0	11347.0	130.0	191500.0	0.0	0.0006788511749347258	0.0	0.0009123093643162948	0.00972618803144968
COG2118	0.0	11347.0	128.0	191500.0	0.0	0.0006684073107049609	0.0	0.0014479605986894954	0.01039282457071115
COG0051	0.0	11347.0	128.0	191500.0	0.0	0.0006684073107049609	0.0	0.0014479605986894954	0.01039282457071115
COG0198	0.0	11347.0	125.0	191500.0	0.0	0.0006527415143603133	0.0	0.00137131524349424	0.01148158680201326
COG0073	0.0	11347.0	116.0	191500.0	0.0	0.0006057441253263708	0.0	0.002016440913611771	0.01550388724275725
COG4802	0.0	11347.0	105.0	191500.0	0.0	0.0005483028720626632	0.0	0.004552139301492411	0.022455759314247224
COG0776	0.0	11347.0	104.0	191500.0	0.0	0.0005430809399477807	0.0	0.004502205016639104	0.023229693816395128
COG1324	0.0	11347.0	102.0	191500.0	0.0	0.0005326370757180157	0.0	0.0044687872564446235	0.024861286603781875
COG4710	0.0	11347.0	99.0	191500.0	0.0	0.0005169712793733682	0.0	0.006876320626146669	0.027534039733894605
COG2168	0.0	11347.0	99.0	191500.0	0.0	0.0005169712793733682	0.0	0.006876320626146669	0.027534039733894605
COG3237	0.0	11347.0	94.0	191500.0	0.0	0.0004908616187989556	0.0	0.010676164666553103	0.032669233573764306
COG0347	0.0	11347.0	85.0	191500.0	0.0	0.00044386422976501304	0.0	0.015256736655412136	0.04457468758156079
COG4281	0.0	11347.0	85.0	191500.0	0.0	0.00044386422976501304	0.0	0.015256736655412136	0.04457468758156079
COG4634	0.0	11347.0	84.0	191500.0	0.0	0.00043864229765013056	0.0	0.015047188322490045	0.0461523722238445
COG5552	0.0	11347.0	82.0	191500.0	0.0	0.00042819843342036554	0.0	0.01483776568816147	0.049485536985572405
COG2771	0.0	11347.0	82.0	191500.0	0.0	0.00042819843342036554	0.0	0.01483776568816147	0.049485536985572405
COG2329	0.0	11347.0	81.0	191500.0	0.0	0.000422976501305483	0.0	0.014837138258080848	0.05124576017197644
COG0184	0.0	11347.0	77.0	191500.0	0.0	0.000402088772845953	0.0	0.02247399852930918	0.05897129296676782
COG2161	0.0	11347.0	76.0	191500.0	0.0	0.0003968668407310705	0.0	0.022275569145515144	0.06108795147187143
COG0831	0.0	11347.0	76.0	191500.0	0.0	0.0003968668407310705	0.0	0.022275569145515144	0.06108795147187143
COG1366	0.0	11347.0	74.0	191500.0	0.0	0.00038642297650130547	0.0	0.03622958538295604	0.06556518629886195
COG4901	0.0	11347.0	73.0	191500.0	0.0	0.000381201044386423	0.0	0.035357882824043854	0.06793250242062042
COG2350	0.0	11347.0	68.0	191500.0	0.0	0.0003550913838120104	0.0	0.0332021008009942	0.0812056236132144
COG2906	0.0	11347.0	68.0	191500.0	0.0	0.0003550913838120104	0.0	0.0332021008009942	0.0812056236132144
COG1837	0.0	11347.0	66.0	191500.0	0.0	0.00034464751958224546	0.0	0.052901623720027297	0.0872636730904412
COG3311	0.0	11347.0	64.0	191500.0	0.0	0.00033420365535248044	0.0	0.051028246446743794	0.0938063492298348
COG1993	0.0	11347.0	62.0	191500.0	0.0	0.0003237597911227154	0.0	0.049994746265359366	0.10087679704075009
COG2501	0.0	11347.0	62.0	191500.0	0.0	0.0003237597911227154	0.0	0.049994746265359366	0.10087679704075009
COG4115	0.0	11347.0	61.0	191500.0	0.0	0.0003185378590078329	0.0	0.04979715564111681	0.10462463190308115
COG5460	0.0	11347.0	61.0	191500.0	0.0	0.0003185378590078329	0.0	0.04979715564111681	0.10462463190308115
COG4891	0.0	11347.0	59.0	191500.0	0.0	0.00030809399477806787	0.0	0.07934514227079212	0.11257762084355104
COG2388	0.0	11347.0	59.0	191500.0	0.0	0.00030809399477806787	0.0	0.07934514227079212	0.11257762084355104
COG1990	0.0	11347.0	58.0	191500.0	0.0	0.0003028720626631854	0.0	0.07785389986772175	0.11679663638976015
COG3461	0.0	11347.0	51.0	191500.0	0.0	0.00026631853785900785	0.0	0.11723896865198496	0.15160734714312948
COG4997	0.0	11347.0	49.0	191500.0	0.0	0.00025587467362924284	0.0	0.11420906084854582	0.16353421709195587
COG4013	0.0	11347.0	49.0	191500.0	0.0	0.00025587467362924284	0.0	0.11420906084854582	0.16353421709195587
COG4443	0.0	11347.0	47.0	191500.0	0.0	0.0002454308093994778	0.0	0.11287569816219328	0.17650638440726338
COG1433	0.0	11347.0	45.0	191500.0	0.0	0.0002349869451697128	0.0	0.18023900730734965	0.19063241207349416
COG2361	0.0	11347.0	41.0	191500.0	0.0	0.00021409921671018277	0.0	0.17159056851264948	0.22285461453422178
COG0278	0.0	11347.0	36.0	191500.0	0.0	0.00018798955613577023	0.0	0.26594630606402264	0.27220967607651586
COG3586	0.0	11347.0	32.0	191500.0	0.0	0.00016710182767624022	0.0	0.2599026189335435	0.3209813147315749
COG5470	0.0	11347.0	32.0	191500.0	0.0	0.00016710182767624022	0.0	0.2599026189335435	0.3209813147315749
COG1553	0.0	11347.0	29.0	191500.0	0.0	0.0001514360313315927	0.0	0.40778224091649223	0.3644648140466684
COG3526	0.0	11347.0	28.0	191500.0	0.0	0.00014621409921671019	0.0	0.40413063717236514	0.3805218343079103
COG0099	0.0	11347.0	28.0	191500.0	0.0	0.00014621409921671019	0.0	0.40413063717236514	0.3805218343079103
COG2044	0.0	11347.0	28.0	191500.0	0.0	0.00014621409921671019	0.0	0.40413063717236514	0.3805218343079103
COG0093	0.0	11347.0	27.0	191500.0	0.0	0.00014099216710182768	0.0	0.4013835955178875	0.3974547963183077
COG2963	0.0	11347.0	26.0	191500.0	0.0	0.00013577023498694517	0.0	0.3996171461308444	0.41532942072266665
COG2522	0.0	11347.0	26.0	191500.0	0.0	0.00013577023498694517	0.0	0.3996171461308444	0.41532942072266665
COG2163	0.0	11347.0	26.0	191500.0	0.0	0.00013577023498694517	0.0	0.3996171461308444	0.41532942072266665
COG2088	0.0	11347.0	22.0	191500.0	0.0	0.00011488250652741515	0.0	0.6325845281794075	0.49783447275153436
COG3364	0.0	11347.0	22.0	191500.0	0.0	0.00011488250652741515	0.0	0.6325845281794075	0.49783447275153436
COG2098	0.0	11347.0	22.0	191500.0	0.0	0.00011488250652741515	0.0	0.6325845281794075	0.49783447275153436
COG4829	0.0	11347.0	22.0	191500.0	0.0	0.00011488250652741515	0.0	0.6325845281794075	0.49783447275153436
COG4003	0.0	11347.0	20.0	191500.0	0.0	0.00010443864229765013	0.0	0.6252298068758073	0.5470949414730969
COG2359	0.0	11347.0	20.0	191500.0	0.0	0.00010443864229765013	0.0	0.6252298068758073	0.5470949414730969
COG2018	0.0	11347.0	19.0	191500.0	0.0	9.921671018276762e-05	0.0	0.6228721535626403	0.574175610960797
COG0139	0.0	11347.0	17.0	191500.0	0.0	8.87728459530026e-05	0.0	0.6213975260071765	0.6341004093976617
COG1733	0.0	11347.0	16.0	191500.0	0.0	8.355091383812011e-05	0.0	1.0	0.667375097396237
COG4551	0.0	11347.0	16.0	191500.0	0.0	8.355091383812011e-05	0.0	1.0	0.667375097396237
COG1382	0.0	11347.0	15.0	191500.0	0.0	7.83289817232376e-05	0.0	1.0	0.7032083396918438
COG4877	0.0	11347.0	15.0	191500.0	0.0	7.83289817232376e-05	0.0	1.0	0.7032083396918438
COG3077	0.0	11347.0	15.0	191500.0	0.0	7.83289817232376e-05	0.0	1.0	0.7032083396918438
COG1654	0.0	11347.0	14.0	191500.0	0.0	7.310704960835509e-05	0.0	1.0	0.7419248369701839
COG2924	0.0	11347.0	13.0	191500.0	0.0	6.788511749347258e-05	0.0	1.0	0.7839149050302117
COG2033	0.0	11347.0	13.0	191500.0	0.0	6.788511749347258e-05	0.0	1.0	0.7839149050302117
COG3592	0.0	11347.0	13.0	191500.0	0.0	6.788511749347258e-05	0.0	1.0	0.7839149050302117
COG3189	0.0	11347.0	13.0	191500.0	0.0	6.788511749347258e-05	0.0	1.0	0.7839149050302117
COG2920	0.0	11347.0	12.0	191500.0	0.0	6.266318537859008e-05	0.0	1.0	0.8296534538919312
COG3373	0.0	11347.0	12.0	191500.0	0.0	6.266318537859008e-05	0.0	1.0	0.8296534538919312
COG1846	0.0	11347.0	12.0	191500.0	0.0	6.266318537859008e-05	0.0	1.0	0.8296534538919312
COG1923	0.0	11347.0	10.0	191500.0	0.0	5.2219321148825065e-05	0.0	1.0	0.9348666331260914
COG0784	0.0	11347.0	10.0	191500.0	0.0	5.2219321148825065e-05	0.0	1.0	0.9348666331260914
COG3549	0.0	11347.0	10.0	191500.0	0.0	5.2219321148825065e-05	0.0	1.0	0.9348666331260914
COG1551	0.0	11347.0	9.0	191500.0	0.0	4.6997389033942557e-05	0.0	1.0	0.9960089291947472
COG3113	0.0	11347.0	9.0	191500.0	0.0	4.6997389033942557e-05	0.0	1.0	0.9960089291947472
COG4049	0.0	11347.0	9.0	191500.0	0.0	4.6997389033942557e-05	0.0	1.0	0.9960089291947472
COG3848	0.0	11347.0	9.0	191500.0	0.0	4.6997389033942557e-05	0.0	1.0	0.9960089291947472
COG5216	0.0	11347.0	9.0	191500.0	0.0	4.6997389033942557e-05	0.0	1.0	0.9960089291947472
COG3052	0.0	11347.0	9.0	191500.0	0.0	4.6997389033942557e-05	0.0	1.0	0.9960089291947472
COG5513	0.0	11347.0	9.0	191500.0	0.0	4.6997389033942557e-05	0.0	1.0	0.9960089291947472
COG3937	0.0	11347.0	9.0	191500.0	0.0	4.6997389033942557e-05	0.0	1.0	0.9960089291947472
COG4718	0.0	11347.0	9.0	191500.0	0.0	4.6997389033942557e-05	0.0	1.0	0.9960089291947472
COG4844	0.0	11347.0	8.0	191500.0	0.0	4.1775456919060055e-05	0.0	1.0	1.0
COG5561	0.0	11347.0	8.0	191500.0	0.0	4.1775456919060055e-05	0.0	1.0	1.0
COG2445	0.0	11347.0	8.0	191500.0	0.0	4.1775456919060055e-05	0.0	1.0	1.0
COG1708	0.0	11347.0	8.0	191500.0	0.0	4.1775456919060055e-05	0.0	1.0	1.0
COG4456	0.0	11347.0	8.0	191500.0	0.0	4.1775456919060055e-05	0.0	1.0	1.0
COG2923	0.0	11347.0	8.0	191500.0	0.0	4.1775456919060055e-05	0.0	1.0	1.0
COG2164	0.0	11347.0	7.0	191500.0	0.0	3.6553524804177546e-05	0.0	1.0	1.0
COG5646	0.0	11347.0	7.0	191500.0	0.0	3.6553524804177546e-05	0.0	1.0	1.0
COG3798	0.0	11347.0	7.0	191500.0	0.0	3.6553524804177546e-05	0.0	1.0	1.0
COG3628	0.0	11347.0	7.0	191500.0	0.0	3.6553524804177546e-05	0.0	1.0	1.0
COG2811	0.0	11347.0	6.0	191500.0	0.0	3.133159268929504e-05	0.0	1.0	1.0
COG3370	0.0	11347.0	6.0	191500.0	0.0	3.133159268929504e-05	0.0	1.0	1.0
COG0375	0.0	11347.0	6.0	191500.0	0.0	3.133159268929504e-05	0.0	1.0	1.0
COG5123	0.0	11347.0	6.0	191500.0	0.0	3.133159268929504e-05	0.0	1.0	1.0
COG3831	0.0	11347.0	6.0	191500.0	0.0	3.133159268929504e-05	0.0	1.0	1.0
COG0662	0.0	11347.0	6.0	191500.0	0.0	3.133159268929504e-05	0.0	1.0	1.0
COG3365	0.0	11347.0	6.0	191500.0	0.0	3.133159268929504e-05	0.0	1.0	1.0
COG2210	0.0	11347.0	6.0	191500.0	0.0	3.133159268929504e-05	0.0	1.0	1.0
COG4847	0.0	11347.0	5.0	191500.0	0.0	2.6109660574412533e-05	0.0	1.0	1.0
COG3070	0.0	11347.0	5.0	191500.0	0.0	2.6109660574412533e-05	0.0	1.0	1.0
COG0526	0.0	11347.0	5.0	191500.0	0.0	2.6109660574412533e-05	0.0	1.0	1.0
COG4309	0.0	11347.0	5.0	191500.0	0.0	2.6109660574412533e-05	0.0	1.0	1.0
COG0346	0.0	11347.0	5.0	191500.0	0.0	2.6109660574412533e-05	0.0	1.0	1.0
COG3355	0.0	11347.0	5.0	191500.0	0.0	2.6109660574412533e-05	0.0	1.0	1.0
COG0268	0.0	11347.0	5.0	191500.0	0.0	2.6109660574412533e-05	0.0	1.0	1.0
COG3093	0.0	11347.0	5.0	191500.0	0.0	2.6109660574412533e-05	0.0	1.0	1.0
COG3729	0.0	11347.0	5.0	191500.0	0.0	2.6109660574412533e-05	0.0	1.0	1.0
COG2921	0.0	11347.0	5.0	191500.0	0.0	2.6109660574412533e-05	0.0	1.0	1.0
COG0736	0.0	11347.0	4.0	191500.0	0.0	2.0887728459530027e-05	0.0	1.0	1.0
COG5570	0.0	11347.0	4.0	191500.0	0.0	2.0887728459530027e-05	0.0	1.0	1.0
COG3324	0.0	11347.0	4.0	191500.0	0.0	2.0887728459530027e-05	0.0	1.0	1.0
COG0759	0.0	11347.0	4.0	191500.0	0.0	2.0887728459530027e-05	0.0	1.0	1.0
COG1943	0.0	11347.0	3.0	191500.0	0.0	1.566579634464752e-05	0.0	1.0	1.0
COG0227	0.0	11347.0	3.0	191500.0	0.0	1.566579634464752e-05	0.0	1.0	1.0
COG4680	0.0	11347.0	3.0	191500.0	0.0	1.566579634464752e-05	0.0	1.0	1.0
COG5481	0.0	11347.0	3.0	191500.0	0.0	1.566579634464752e-05	0.0	1.0	1.0
COG1645	0.0	11347.0	3.0	191500.0	0.0	1.566579634464752e-05	0.0	1.0	1.0
COG5045	0.0	11347.0	3.0	191500.0	0.0	1.566579634464752e-05	0.0	1.0	1.0
COG4357	0.0	11347.0	3.0	191500.0	0.0	1.566579634464752e-05	0.0	1.0	1.0
COG2105	0.0	11347.0	3.0	191500.0	0.0	1.566579634464752e-05	0.0	1.0	1.0
COG4391	0.0	11347.0	3.0	191500.0	0.0	1.566579634464752e-05	0.0	1.0	1.0
COG1848	0.0	11347.0	3.0	191500.0	0.0	1.566579634464752e-05	0.0	1.0	1.0
COG1504	0.0	11347.0	3.0	191500.0	0.0	1.566579634464752e-05	0.0	1.0	1.0
COG0394	0.0	11347.0	3.0	191500.0	0.0	1.566579634464752e-05	0.0	1.0	1.0
COG4576	0.0	11347.0	3.0	191500.0	0.0	1.566579634464752e-05	0.0	1.0	1.0
COG5583	0.0	11347.0	3.0	191500.0	0.0	1.566579634464752e-05	0.0	1.0	1.0
COG1841	0.0	11347.0	3.0	191500.0	0.0	1.566579634464752e-05	0.0	1.0	1.0
COG2764	0.0	11347.0	3.0	191500.0	0.0	1.566579634464752e-05	0.0	1.0	1.0
COG3313	0.0	11347.0	3.0	191500.0	0.0	1.566579634464752e-05	0.0	1.0	1.0
COG3794	0.0	11347.0	3.0	191500.0	0.0	1.566579634464752e-05	0.0	1.0	1.0
COG5194	0.0	11347.0	3.0	191500.0	0.0	1.566579634464752e-05	0.0	1.0	1.0
COG1047	0.0	11347.0	3.0	191500.0	0.0	1.566579634464752e-05	0.0	1.0	1.0
COG3450	0.0	11347.0	3.0	191500.0	0.0	1.566579634464752e-05	0.0	1.0	1.0
COG1582	0.0	11347.0	3.0	191500.0	0.0	1.566579634464752e-05	0.0	1.0	1.0
COG0238	0.0	11347.0	3.0	191500.0	0.0	1.566579634464752e-05	0.0	1.0	1.0
COG1430	0.0	11347.0	3.0	191500.0	0.0	1.566579634464752e-05	0.0	1.0	1.0
COG1416	0.0	11347.0	2.0	191500.0	0.0	1.0443864229765014e-05	0.0	1.0	1.0
COG0789	0.0	11347.0	2.0	191500.0	0.0	1.0443864229765014e-05	0.0	1.0	1.0
COG2732	0.0	11347.0	2.0	191500.0	0.0	1.0443864229765014e-05	0.0	1.0	1.0
COG2127	0.0	11347.0	2.0	191500.0	0.0	1.0443864229765014e-05	0.0	1.0	1.0
COG3978	0.0	11347.0	2.0	191500.0	0.0	1.0443864229765014e-05	0.0	1.0	1.0
COG1727	0.0	11347.0	2.0	191500.0	0.0	1.0443864229765014e-05	0.0	1.0	1.0
COG5302	0.0	11347.0	2.0	191500.0	0.0	1.0443864229765014e-05	0.0	1.0	1.0
COG4683	0.0	11347.0	2.0	191500.0	0.0	1.0443864229765014e-05	0.0	1.0	1.0
COG0853	0.0	11347.0	2.0	191500.0	0.0	1.0443864229765014e-05	0.0	1.0	1.0
COG4479	0.0	11347.0	2.0	191500.0	0.0	1.0443864229765014e-05	0.0	1.0	1.0
COG3423	0.0	11347.0	2.0	191500.0	0.0	1.0443864229765014e-05	0.0	1.0	1.0
COG0333	0.0	11347.0	2.0	191500.0	0.0	1.0443864229765014e-05	0.0	1.0	1.0
COG5304	0.0	11347.0	2.0	191500.0	0.0	1.0443864229765014e-05	0.0	1.0	1.0
COG3024	0.0	11347.0	2.0	191500.0	0.0	1.0443864229765014e-05	0.0	1.0	1.0
COG4691	0.0	11347.0	2.0	191500.0	0.0	1.0443864229765014e-05	0.0	1.0	1.0
COG4043	0.0	11347.0	2.0	191500.0	0.0	1.0443864229765014e-05	0.0	1.0	1.0
COG5565	0.0	11347.0	2.0	191500.0	0.0	1.0443864229765014e-05	0.0	1.0	1.0
COG4118	0.0	11347.0	2.0	191500.0	0.0	1.0443864229765014e-05	0.0	1.0	1.0
COG5475	0.0	11347.0	2.0	191500.0	0.0	1.0443864229765014e-05	0.0	1.0	1.0
COG5614	0.0	11347.0	2.0	191500.0	0.0	1.0443864229765014e-05	0.0	1.0	1.0
COG5417	0.0	11347.0	2.0	191500.0	0.0	1.0443864229765014e-05	0.0	1.0	1.0
COG4416	0.0	11347.0	2.0	191500.0	0.0	1.0443864229765014e-05	0.0	1.0	1.0
COG1591	0.0	11347.0	2.0	191500.0	0.0	1.0443864229765014e-05	0.0	1.0	1.0
COG1885	0.0	11347.0	2.0	191500.0	0.0	1.0443864229765014e-05	0.0	1.0	1.0
COG0230	0.0	11347.0	2.0	191500.0	0.0	1.0443864229765014e-05	0.0	1.0	1.0
COG4679	0.0	11347.0	1.0	191500.0	0.0	5.221932114882507e-06	0.0	1.0	1.0
COG3584	0.0	11347.0	1.0	191500.0	0.0	5.221932114882507e-06	0.0	1.0	1.0
COG5431	0.0	11347.0	1.0	191500.0	0.0	5.221932114882507e-06	0.0	1.0	1.0
COG3254	0.0	11347.0	1.0	191500.0	0.0	5.221932114882507e-06	0.0	1.0	1.0
COG3062	0.0	11347.0	1.0	191500.0	0.0	5.221932114882507e-06	0.0	1.0	1.0
COG0727	0.0	11347.0	1.0	191500.0	0.0	5.221932114882507e-06	0.0	1.0	1.0
COG3750	0.0	11347.0	1.0	191500.0	0.0	5.221932114882507e-06	0.0	1.0	1.0
COG2739	0.0	11347.0	1.0	191500.0	0.0	5.221932114882507e-06	0.0	1.0	1.0
COG2158	0.0	11347.0	1.0	191500.0	0.0	5.221932114882507e-06	0.0	1.0	1.0
COG4570	0.0	11347.0	1.0	191500.0	0.0	5.221932114882507e-06	0.0	1.0	1.0
COG0824	0.0	11347.0	1.0	191500.0	0.0	5.221932114882507e-06	0.0	1.0	1.0
COG0605	0.0	11347.0	1.0	191500.0	0.0	5.221932114882507e-06	0.0	1.0	1.0
COG5425	0.0	11347.0	1.0	191500.0	0.0	5.221932114882507e-06	0.0	1.0	1.0
COG5457	0.0	11347.0	1.0	191500.0	0.0	5.221932114882507e-06	0.0	1.0	1.0
COG3089	0.0	11347.0	1.0	191500.0	0.0	5.221932114882507e-06	0.0	1.0	1.0
COG3631	0.0	11347.0	1.0	191500.0	0.0	5.221932114882507e-06	0.0	1.0	1.0
COG4738	0.0	11347.0	1.0	191500.0	0.0	5.221932114882507e-06	0.0	1.0	1.0
COG2944	0.0	11347.0	1.0	191500.0	0.0	5.221932114882507e-06	0.0	1.0	1.0
COG0720	0.0	11347.0	1.0	191500.0	0.0	5.221932114882507e-06	0.0	1.0	1.0
COG0512	0.0	11347.0	1.0	191500.0	0.0	5.221932114882507e-06	0.0	1.0	1.0
COG5515	0.0	11347.0	1.0	191500.0	0.0	5.221932114882507e-06	0.0	1.0	1.0
COG1917	0.0	11347.0	1.0	191500.0	0.0	5.221932114882507e-06	0.0	1.0	1.0
COG1539	0.0	11347.0	1.0	191500.0	0.0	5.221932114882507e-06	0.0	1.0	1.0
COG4837	0.0	11347.0	1.0	191500.0	0.0	5.221932114882507e-06	0.0	1.0	1.0
COG1717	0.0	11347.0	1.0	191500.0	0.0	5.221932114882507e-06	0.0	1.0	1.0
COG5507	0.0	11347.0	1.0	191500.0	0.0	5.221932114882507e-06	0.0	1.0	1.0
COG4831	0.0	11347.0	1.0	191500.0	0.0	5.221932114882507e-06	0.0	1.0	1.0
COG2852	0.0	11347.0	1.0	191500.0	0.0	5.221932114882507e-06	0.0	1.0	1.0
COG2914	0.0	11347.0	1.0	191500.0	0.0	5.221932114882507e-06	0.0	1.0	1.0
COG1695	0.0	11347.0	1.0	191500.0	0.0	5.221932114882507e-06	0.0	1.0	1.0
COG5004	0.0	11347.0	1.0	191500.0	0.0	5.221932114882507e-06	0.0	1.0	1.0
COG5439	0.0	11347.0	1.0	191500.0	0.0	5.221932114882507e-06	0.0	1.0	1.0
COG0197	0.0	11347.0	1.0	191500.0	0.0	5.221932114882507e-06	0.0	1.0	1.0
COG0257	0.0	11347.0	1.0	191500.0	0.0	5.221932114882507e-06	0.0	1.0	1.0
COG1019	0.0	11347.0	1.0	191500.0	0.0	5.221932114882507e-06	0.0	1.0	1.0
COG2052	0.0	11347.0	1.0	191500.0	0.0	5.221932114882507e-06	0.0	1.0	1.0
COG3860	0.0	11347.0	1.0	191500.0	0.0	5.221932114882507e-06	0.0	1.0	1.0
COG5649	0.0	11347.0	1.0	191500.0	0.0	5.221932114882507e-06	0.0	1.0	1.0
COG4423	0.0	11347.0	1.0	191500.0	0.0	5.221932114882507e-06	0.0	1.0	1.0
COG0589	0.0	11347.0	1.0	191500.0	0.0	5.221932114882507e-06	0.0	1.0	1.0
COG3323	0.0	11347.0	1.0	191500.0	0.0	5.221932114882507e-06	0.0	1.0	1.0
COG4352	0.0	11347.0	1.0	191500.0	0.0	5.221932114882507e-06	0.0	1.0	1.0
COG0360	0.0	11347.0	1.0	191500.0	0.0	5.221932114882507e-06	0.0	1.0	1.0
COG1225	0.0	11347.0	1.0	191500.0	0.0	5.221932114882507e-06	0.0	1.0	1.0
COG2250	0.0	11347.0	1.0	191500.0	0.0	5.221932114882507e-06	0.0	1.0	1.0
COG1098	0.0	11347.0	1.0	191500.0	0.0	5.221932114882507e-06	0.0	1.0	1.0
COG3097	0.0	11347.0	1.0	191500.0	0.0	5.221932114882507e-06	0.0	1.0	1.0
COG1528	0.0	11347.0	1.0	191500.0	0.0	5.221932114882507e-06	0.0	1.0	1.0
COG2427	0.0	11347.0	1.0	191500.0	0.0	5.221932114882507e-06	0.0	1.0	1.0
COG1658	0.0	11347.0	1.0	191500.0	0.0	5.221932114882507e-06	0.0	1.0	1.0
COG4075	0.0	11347.0	1.0	191500.0	0.0	5.221932114882507e-06	0.0	1.0	1.0
COG0851	0.0	11347.0	1.0	191500.0	0.0	5.221932114882507e-06	0.0	1.0	1.0
COG4311	0.0	11347.0	1.0	191500.0	0.0	5.221932114882507e-06	0.0	1.0	1.0
COG0251	0.0	11347.0	1.0	191500.0	0.0	5.221932114882507e-06	0.0	1.0	1.0
COG4481	0.0	11347.0	1.0	191500.0	0.0	5.221932114882507e-06	0.0	1.0	1.0
COG3795	0.0	11347.0	1.0	191500.0	0.0	5.221932114882507e-06	0.0	1.0	1.0
COG3784	0.0	11347.0	1.0	191500.0	0.0	5.221932114882507e-06	0.0	1.0	1.0
COG0267	0.0	11347.0	1.0	191500.0	0.0	5.221932114882507e-06	0.0	1.0	1.0
COG0228	0.0	11347.0	1.0	191500.0	0.0	5.221932114882507e-06	0.0	1.0	1.0
COG5051	0.0	11347.0	1.0	191500.0	0.0	5.221932114882507e-06	0.0	1.0	1.0
