accession	arc_trans_count	arc_trans_all	arc_not_trans_count	arc_not_trans_all	arc_trans_proportion	arc_not_trans_proportion	arc_trans_fold_change	arc_p_fisher	arc_p_chi2	p_adjusted_fisher	p_adjusted_chi2	category	description	process
COG4023	2105.0	11347.0	74.0	191500.0	0.1855115889662466	0.0003864229765013055	480.0739092842732	0.0	0.0	0.0	0.0	U	Intracellular trafficking, secretion, and vesicular transport	CELLULAR PROCESSES AND SIGNALING
COG2443	1393.0	11347.0	0.0	191500.0	0.12276372609500308	0.0	inf	0.0	0.0	0.0	0.0	U	Intracellular trafficking, secretion, and vesicular transport	CELLULAR PROCESSES AND SIGNALING
COG4095	1371.0	11347.0	0.0	191500.0	0.12082488763549835	0.0	inf	0.0	0.0	0.0	0.0	G	Carbohydrate transport and metabolism	METABOLISM
COG0636	749.0	11347.0	0.0	191500.0	0.06600863664404688	0.0	inf	0.0	0.0	0.0	0.0	C	Energy production and conversion	METABOLISM
COG4068	733.0	11347.0	0.0	191500.0	0.06459857230986164	0.0	inf	0.0	0.0	0.0	0.0	R	General function prediction only	POORLY CHARACTERIZED
COG2212	653.0	11347.0	0.0	191500.0	0.0575482506389354	0.0	inf	0.0	0.0	0.0	0.0	P	Inorganic ion transport and metabolism	METABOLISM
COG1983	557.0	11347.0	0.0	191500.0	0.04908786463382392	0.0	inf	0.0	0.0	0.0	0.0	KT		
COG1563	449.0	11347.0	0.0	191500.0	0.0395699303780735	0.0	inf	0.0	0.0	0.0	0.0	R	General function prediction only	POORLY CHARACTERIZED
COG2034	367.0	11347.0	0.0	191500.0	0.03234335066537411	0.0	inf	0.0	0.0	0.0	0.0	S	Function unknown	POORLY CHARACTERIZED
COG3326	303.0	11347.0	0.0	191500.0	0.026703093328633118	0.0	inf	0.0	0.0	0.0	0.0	S	Function unknown	POORLY CHARACTERIZED
COG1826	248.0	11347.0	40.0	191500.0	0.02185599717987133	0.00020887728459530023	104.635586498634	3.7384435455691743e-264	0.0	1.6822995955061283e-261	0.0	U	Intracellular trafficking, secretion, and vesicular transport	CELLULAR PROCESSES AND SIGNALING
COG3205	205.0	11347.0	6.0	191500.0	0.01806644928174848	3.133159268929504e-05	576.6208395758057	2.6993907186365398e-247	0.0	1.214725823386443e-244	0.0	S	Function unknown	POORLY CHARACTERIZED
COG4218	160.0	11347.0	0.0	191500.0	0.014100643341852471	0.0	inf	1.486254626460504e-201	0.0	6.688145819072268e-199	0.0	H	Coenzyme transport and metabolism	METABOLISM
COG4062	147.0	11347.0	0.0	191500.0	0.012954966070326958	0.0	inf	3.3436145954132525e-185	0.0	1.5046265679359637e-182	0.0	H	Coenzyme transport and metabolism	METABOLISM
COG0713	144.0	11347.0	0.0	191500.0	0.012690579007667223	0.0	inf	1.9810872917102511e-181	0.0	8.91489281269613e-179	0.0	C	Energy production and conversion	METABOLISM
COG4064	133.0	11347.0	0.0	191500.0	0.011721159777914868	0.0	inf	1.340514709841653e-167	0.0	6.032316194287439e-165	0.0	H	Coenzyme transport and metabolism	METABOLISM
COG2155	125.0	11347.0	0.0	191500.0	0.011016127610822244	0.0	inf	1.5238435816543386e-157	0.0	6.8572961174445235e-155	0.0	S	Function unknown	POORLY CHARACTERIZED
COG1930	125.0	11347.0	0.0	191500.0	0.011016127610822244	0.0	inf	1.5238435816543386e-157	0.0	6.8572961174445235e-155	0.0	P	Inorganic ion transport and metabolism	METABOLISM
COG4040	105.0	11347.0	0.0	191500.0	0.009253547193090685	0.0	inf	2.050597881212822e-132	0.0	9.227690465457699e-130	0.0	C	Energy production and conversion	METABOLISM
COG5625	93.0	11347.0	2.0	191500.0	0.00819599894245175	1.0443864229765014e-05	784.766898739755	9.616128483917095e-114	0.0	4.327257817762693e-111	0.0	K	Transcription	INFORMATION STORAGE AND PROCESSING
COG5487	85.0	11347.0	0.0	191500.0	0.007490966775359127	0.0	inf	2.6682441566726804e-107	3.6697422726696e-310	1.2007098705027062e-104	1.6513840227013242e-307	S	Function unknown	POORLY CHARACTERIZED
COG4038	81.0	11347.0	0.0	191500.0	0.007138450691812814	0.0	inf	2.8012094470999274e-102	1.7598577410787489e-295	1.2605442511949674e-99	7.91935983485437e-293	C	Energy production and conversion	METABOLISM
COG4323	80.0	11347.0	0.0	191500.0	0.007050321670926236	0.0	inf	5.041207384125534e-101	8.235138994372839e-292	2.2685433228564902e-98	3.7058125474677774e-289	S	Function unknown	POORLY CHARACTERIZED
COG2383	74.0	11347.0	0.0	191500.0	0.006521547545606768	0.0	inf	1.7096378566689384e-93	8.644572282840065e-270	7.693370355010222e-91	3.890057527278029e-267	S	Function unknown	POORLY CHARACTERIZED
COG1006	71.0	11347.0	0.0	191500.0	0.006257160482947034	0.0	inf	9.944837884083065e-90	8.856472302153408e-259	4.475177047837379e-87	3.9854125359690334e-256	P	Inorganic ion transport and metabolism	METABOLISM
COG1581	54.0	11347.0	3648.0	191500.0	0.00475896712787521	0.019049608355091386	0.2498196833848965	1.8944890936778626e-38	3.278731600864516e-28	8.525200921550381e-36	1.4754292203890322e-25	K	Transcription	INFORMATION STORAGE AND PROCESSING
COG1146	43.0	11347.0	6131.0	191500.0	0.0037895478981228524	0.03201566579634465	0.11836542529612235	3.106201542486632e-99	1.1953731829902661e-64	1.3977906941189844e-96	5.379179323456198e-62	F	Nucleotide transport and metabolism	METABOLISM
COG2076	39.0	11347.0	0.0	191500.0	0.00343703181457654	0.0	inf	1.3613807865937102e-49	2.5250681768687993e-141	6.126213539671696e-47	1.1362806795909596e-138	V	Defense mechanisms	CELLULAR PROCESSES AND SIGNALING
COG4039	37.0	11347.0	0.0	191500.0	0.003260773772803384	0.0	inf	4.3779358821697594e-47	5.555681438270323e-134	1.9700711469763918e-44	2.5000566472216453e-131	C	Energy production and conversion	METABOLISM
COG1849	33.0	11347.0	2571.0	191500.0	0.0029082576892570725	0.013425587467362924	0.21662051633322807	1.7494562140845158e-30	6.159296940152797e-22	7.872552963380321e-28	2.7716836230687587e-19	S	Function unknown	POORLY CHARACTERIZED
COG3462	31.0	11347.0	0.0	191500.0	0.0027319996474839165	0.0	inf	1.4530103177417234e-39	5.949872549030105e-112	6.538546429837755e-37	2.6774426470635473e-109	S	Function unknown	POORLY CHARACTERIZED
COG1320	29.0	11347.0	0.0	191500.0	0.0025557416057107605	0.0	inf	4.666363248615524e-37	1.3144858500970859e-104	2.099863461876986e-34	5.9151863254368865e-102	P	Inorganic ion transport and metabolism	METABOLISM
COG3847	23.0	11347.0	0.0	191500.0	0.002026967480391293	0.0	inf	1.5425480068626567e-29	1.430936127841378e-82	6.941466030881955e-27	6.439212575286201e-80	UW		
COG3042	21.0	11347.0	1.0	191500.0	0.0018507094386181371	5.221932114882507e-06	354.41085749537314	1.0303928391146317e-25	1.7448967455384478e-71	4.6367677760158427e-23	7.852035354923016e-69	R	General function prediction only	POORLY CHARACTERIZED
COG1942	21.0	11347.0	1363.0	191500.0	0.0018507094386181371	0.007117493472584857	0.2600226393949914	1.6221404357270944e-14	5.262555964835671e-11	7.299631960771925e-12	2.368150184176052e-08	Q	Secondary metabolites biosynthesis, transport and catabolism	METABOLISM
COG4818	21.0	11347.0	0.0	191500.0	0.0018507094386181371	0.0	inf	4.947308943298935e-27	3.1841462160231157e-75	2.2262890244845205e-24	1.4328657972104022e-72	S	Function unknown	POORLY CHARACTERIZED
COG2053	20.0	11347.0	2510.0	191500.0	0.001762580417731559	0.013107049608355093	0.134475756970356	6.942842186616285e-39	5.883296931865913e-26	3.124278983977328e-36	2.647483619339661e-23	J	Translation, ribosomal structure and biogenesis	INFORMATION STORAGE AND PROCESSING
COG2026	20.0	11347.0	7730.0	191500.0	0.001762580417731559	0.040365535248041776	0.04366547865402245	6.604052260058936e-163	3.0057498412921398e-96	2.971823517026521e-160	1.3525874285814629e-93	V	Defense mechanisms	CELLULAR PROCESSES AND SIGNALING
COG1141	19.0	11347.0	3047.0	191500.0	0.0016744513968449813	0.015911227154046997	0.10523709960479616	1.2368411079068179e-51	2.260554502433851e-33	5.56578498558068e-49	1.017249526095233e-30	C	Energy production and conversion	METABOLISM
COG2888	17.0	11347.0	703.0	191500.0	0.0014981933550718251	0.0036710182767624023	0.4081138371212724	4.209158623406721e-05	0.00021543405542831761	0.018941213805330245	0.09694532494274292	R	General function prediction only	POORLY CHARACTERIZED
COG0695	16.0	11347.0	4115.0	191500.0	0.0014100643341852473	0.021488250652741514	0.06562024787277639	9.031339063757136e-80	8.864972614750226e-49	4.064102578690711e-77	3.989237676637602e-46	O	Posttranslational modification, protein turnover, chaperones	CELLULAR PROCESSES AND SIGNALING
COG2260	15.0	11347.0	1065.0	191500.0	0.0013219353132986693	0.00556135770234987	0.2377001056306997	2.3578437396418785e-12	2.4752139108781416e-09	1.0610296828388452e-09	1.1138462598951637e-06	J	Translation, ribosomal structure and biogenesis	INFORMATION STORAGE AND PROCESSING
COG4042	15.0	11347.0	0.0	191500.0	0.0013219353132986693	0.0	inf	1.6288883563900355e-19	3.5696676170220223e-53	7.329997603755159e-17	1.60635042765991e-50	C	Energy production and conversion	METABOLISM
COG3478	14.0	11347.0	117.0	191500.0	0.0012338062924120911	0.0006109660574412533	2.019435085443722	0.019874033993356476	0.01890792602936509	1.0	1.0	R	General function prediction only	POORLY CHARACTERIZED
COG3350	14.0	11347.0	1426.0	191500.0	0.0012338062924120911	0.007446475195822455	0.16568997545365746	1.927894322980221e-20	2.9293792642139365e-14	8.675524453410994e-18	1.3182206688962715e-11	P	Inorganic ion transport and metabolism	METABOLISM
COG3432	13.0	11347.0	6594.0	191500.0	0.0011456772715255133	0.03443342036553525	0.033272247118158293	2.6918540395174527e-144	1.1049317324878059e-83	1.2113343177828538e-141	4.9721927961951265e-81	K	Transcription	INFORMATION STORAGE AND PROCESSING
COG3377	13.0	11347.0	366.0	191500.0	0.0011456772715255133	0.0019112271540469973	0.5994458948009175	0.07238153903736097	0.08490348161928755	1.0	1.0	S	Function unknown	POORLY CHARACTERIZED
COG5510	12.0	11347.0	0.0	191500.0	0.0010575482506389351	0.0	inf	9.336067073189326e-16	3.828696369600836e-42	4.2012301829351965e-13	1.722913366320376e-39	S	Function unknown	POORLY CHARACTERIZED
COG2261	11.0	11347.0	0.0	191500.0	0.0009694192297523574	0.0	inf	1.6705103218131728e-14	1.8234074601762444e-38	7.517296448159278e-12	8.2053335707931e-36	R	General function prediction only	POORLY CHARACTERIZED
COG2314	10.0	11347.0	0.0	191500.0	0.0008812902088657793	0.0	inf	2.988809227724147e-13	8.694618457256644e-35	1.3449641524758661e-10	3.91257830576549e-32	R	General function prediction only	POORLY CHARACTERIZED
COG1873	10.0	11347.0	4712.0	191500.0	0.0008812902088657793	0.02460574412532637	0.03581644206235076	6.728120906506832e-102	2.14784871777948e-59	3.0276544079280743e-99	9.66531923000766e-57	R	General function prediction only	POORLY CHARACTERIZED
COG1977	9.0	11347.0	5001.0	191500.0	0.0007931611879792017	0.026114882506527416	0.030371999099783463	1.6942266461648044e-110	9.642175110980688e-64	7.62401990774162e-108	4.33897879994131e-61	H	Coenzyme transport and metabolism	METABOLISM
COG4744	9.0	11347.0	0.0	191500.0	0.0007931611879792017	0.0	inf	5.347010814340836e-12	4.15071854386072e-31	2.4061548664533763e-09	1.867823344737324e-28	S	Function unknown	POORLY CHARACTERIZED
COG1588	9.0	11347.0	3074.0	191500.0	0.0007931611879792017	0.016052219321148826	0.049411310181528015	3.374113587199986e-63	6.684869417425104e-38	1.5183511142399935e-60	3.008191237841297e-35	J	Translation, ribosomal structure and biogenesis	INFORMATION STORAGE AND PROCESSING
COG1742	9.0	11347.0	0.0	191500.0	0.0007931611879792017	0.0	inf	5.347010814340836e-12	4.15071854386072e-31	2.4061548664533763e-09	1.867823344737324e-28	R	General function prediction only	POORLY CHARACTERIZED
COG1911	9.0	11347.0	1819.0	191500.0	0.0007931611879792017	0.00949869451697128	0.0835021261671342	1.3138471546656173e-33	2.461761161151643e-21	5.912312195995278e-31	1.1077925225182393e-18	J	Translation, ribosomal structure and biogenesis	INFORMATION STORAGE AND PROCESSING
COG1753	8.0	11347.0	2017.0	191500.0	0.0007050321670926237	0.010532637075718016	0.06693785820438146	2.687781965658978e-39	2.3642604658456632e-24	1.2095018845465401e-36	1.0639172096305484e-21	V	Defense mechanisms	CELLULAR PROCESSES AND SIGNALING
COG4035	7.0	11347.0	0.0	191500.0	0.0006169031462060457	0.0	inf	1.7109145328301724e-09	9.48117867971288e-24	7.699115397735776e-07	4.266530405870796e-21	C	Energy production and conversion	METABOLISM
COG2104	7.0	11347.0	2466.0	191500.0	0.0006169031462060457	0.01287728459530026	0.047906306771475164	3.16552830237398e-51	1.0553439618419956e-30	1.424487736068291e-48	4.74904782828898e-28	H	Coenzyme transport and metabolism	METABOLISM
COG1552	6.0	11347.0	949.0	191500.0	0.0005287741253194677	0.0049556135770234995	0.10670204952442366	9.808783523196481e-17	3.525778522941819e-11	4.4139525854384164e-14	1.5866003353238185e-08	J	Translation, ribosomal structure and biogenesis	INFORMATION STORAGE AND PROCESSING
COG3630	6.0	11347.0	0.0	191500.0	0.0005287741253194677	0.0	inf	3.0600794880964304e-08	4.52855213908862e-20	1.3770357696433937e-05	2.037848462589879e-17	C	Energy production and conversion	METABOLISM
COG1644	6.0	11347.0	2917.0	191500.0	0.0005287741253194677	0.015232375979112272	0.03471383099029073	2.1171139257839722e-63	4.0635681698907876e-37	9.527012666027876e-61	1.8286056764508543e-34	K	Transcription	INFORMATION STORAGE AND PROCESSING
COG5466	6.0	11347.0	1160.0	191500.0	0.0005287741253194677	0.006057441253263708	0.0872933146540328	1.7973465625727294e-21	6.130622250384776e-14	8.088059531577283e-19	2.7587800126731494e-11	S	Function unknown	POORLY CHARACTERIZED
COG1278	6.0	11347.0	1873.0	191500.0	0.0005287741253194677	0.009780678851174935	0.054063131339390315	3.7966610781228515e-38	2.644317842535753e-23	1.708497485155283e-35	1.189943029141089e-20	K	Transcription	INFORMATION STORAGE AND PROCESSING
COG1758	6.0	11347.0	1698.0	191500.0	0.0005287741253194677	0.008866840731070497	0.059635008833143724	4.5464297044420805e-34	5.321583467379471e-21	2.0458933669989363e-31	2.394712560320762e-18	K	Transcription	INFORMATION STORAGE AND PROCESSING
COG0298	6.0	11347.0	1600.0	191500.0	0.0005287741253194677	0.00835509138381201	0.06328765312417378	8.690311487746097e-32	1.0344223517765419e-19	3.9106401694857434e-29	4.6549005829944387e-17	O	Posttranslational modification, protein turnover, chaperones	CELLULAR PROCESSES AND SIGNALING
COG3466	6.0	11347.0	1562.0	191500.0	0.0005287741253194677	0.008156657963446475	0.06482730153564538	8.356983482596362e-31	3.2666641537917973e-19	3.760642567168363e-28	1.469998869206309e-16	X	Mobilome: prophages, transposons	CELLULAR PROCESSES AND SIGNALING
COG2770	6.0	11347.0	1.0	191500.0	0.0005287741253194677	5.221932114882507e-06	101.26024499867806	2.0394007697502105e-07	4.3844395633467915e-17	9.177303463875948e-05	1.9729978035060562e-14	T	Signal transduction mechanisms	CELLULAR PROCESSES AND SIGNALING
COG4392	6.0	11347.0	1.0	191500.0	0.0005287741253194677	5.221932114882507e-06	101.26024499867806	2.0394007697502105e-07	4.3844395633467915e-17	9.177303463875948e-05	1.9729978035060562e-14	E	Amino acid transport and metabolism	METABOLISM
COG3830	6.0	11347.0	208.0	191500.0	0.0005287741253194677	0.0010861618798955613	0.486828100955183	0.074533237084904	0.10346994032251232	1.0	1.0	T	Signal transduction mechanisms	CELLULAR PROCESSES AND SIGNALING
COG4541	5.0	11347.0	1.0	191500.0	0.00044064510443288967	5.221932114882507e-06	84.38353749889838	3.130610785873002e-06	1.3808755353313585e-13	0.0014087748536428509	6.213939908991113e-11	S	Function unknown	POORLY CHARACTERIZED
COG1436	5.0	11347.0	818.0	191500.0	0.00044064510443288967	0.0042715404699738896	0.10315835880060926	1.2259062439966968e-14	7.207378333196622e-10	5.5165780979851355e-12	3.24332024993848e-07	C	Energy production and conversion	METABOLISM
COG3414	5.0	11347.0	18.0	191500.0	0.00044064510443288967	9.399477806788511e-05	4.687974305494356	0.007887084331036227	0.003546806399549558	1.0	1.0	G	Carbohydrate transport and metabolism	METABOLISM
COG4575	5.0	11347.0	0.0	191500.0	0.00044064510443288967	0.0	inf	5.472691267253341e-07	2.1551937322120922e-16	0.00024627110702640033	9.698371794954415e-14	J	Translation, ribosomal structure and biogenesis	INFORMATION STORAGE AND PROCESSING
COG3585	5.0	11347.0	665.0	191500.0	0.00044064510443288967	0.0034725848563968674	0.12689253759232838	3.294573655404647e-11	7.2429607820942e-08	1.4825581449320912e-08	3.25933235194239e-05	H	Coenzyme transport and metabolism	METABOLISM
COG2608	4.0	11347.0	1994.0	191500.0	0.00035251608354631183	0.010412532637075715	0.033854979939377486	8.631930653843891e-44	9.17044255253052e-26	3.884368794229751e-41	4.126699148638734e-23	P	Inorganic ion transport and metabolism	METABOLISM
COG2075	4.0	11347.0	1591.0	191500.0	0.00035251608354631183	0.008308093994778068	0.04243043997430465	5.45380999876122e-34	1.9008829403090247e-20	2.4542144994425488e-31	8.553973231390611e-18	J	Translation, ribosomal structure and biogenesis	INFORMATION STORAGE AND PROCESSING
COG2142	4.0	11347.0	0.0	191500.0	0.00035251608354631183	0.0	inf	9.786627124619684e-06	1.0151462864811155e-12	0.004403982206078858	4.56815828916502e-10	C	Energy production and conversion	METABOLISM
COG1254	3.0	11347.0	2941.0	191500.0	0.00026438706265973383	0.015357702349869454	0.017215274566249245	1.0210348030221152e-68	9.200733299751212e-39	4.5946566135995185e-66	4.140329984888046e-36	C	Energy production and conversion	METABOLISM
COG0239	3.0	11347.0	0.0	191500.0	0.00026438706265973383	0.0	inf	0.00017499634982419084	4.6469742762876454e-09	0.07874835742088589	2.0911384243294406e-06	DP		
COG1918	3.0	11347.0	1415.0	191500.0	0.00026438706265973383	0.007389033942558747	0.03578100529988624	5.062973373436859e-31	1.460962786122231e-18	2.2783380180465865e-28	6.57433253755004e-16	P	Inorganic ion transport and metabolism	METABOLISM
COG3668	3.0	11347.0	83.0	191500.0	0.00026438706265973383	0.000433420365535248	0.610001475895651	0.6345224075441218	0.538438362134064	1.0	1.0	X	Mobilome: prophages, transposons	CELLULAR PROCESSES AND SIGNALING
COG1773	3.0	11347.0	840.0	191500.0	0.00026438706265973383	0.004386422976501304	0.06027395535635599	3.3255845784354537e-17	5.5032954453491885e-11	1.4965130602959542e-14	2.4764829504071347e-08	P	Inorganic ion transport and metabolism	METABOLISM
COG2835	3.0	11347.0	1286.0	191500.0	0.00026438706265973383	0.006715404699738904	0.03937023522499146	7.206677842137946e-28	7.319802216952723e-17	3.2430050289620757e-25	3.2939109976287257e-14	J	Translation, ribosomal structure and biogenesis	INFORMATION STORAGE AND PROCESSING
COG3197	3.0	11347.0	0.0	191500.0	0.00026438706265973383	0.0	inf	0.00017499634982419084	4.6469742762876454e-09	0.07874835742088589	2.0911384243294406e-06	O	Posttranslational modification, protein turnover, chaperones	CELLULAR PROCESSES AND SIGNALING
COG2827	3.0	11347.0	656.0	191500.0	0.00026438706265973383	0.0034255874673629247	0.07718006478557779	7.980849029409123e-13	1.4724040444175819e-08	3.5913820632341053e-10	6.625818199879118e-06	L	Replication, recombination and repair	INFORMATION STORAGE AND PROCESSING
COG0401	3.0	11347.0	0.0	191500.0	0.00026438706265973383	0.0	inf	0.00017499634982419084	4.6469742762876454e-09	0.07874835742088589	2.0911384243294406e-06	C	Energy production and conversion	METABOLISM
COG3152	3.0	11347.0	0.0	191500.0	0.00026438706265973383	0.0	inf	0.00017499634982419084	4.6469742762876454e-09	0.07874835742088589	2.0911384243294406e-06	S	Function unknown	POORLY CHARACTERIZED
COG2012	3.0	11347.0	3575.0	191500.0	0.00026438706265973383	0.01866840731070496	0.01416227202778714	2.2031057977573256e-84	3.173686894892914e-47	9.913976089907965e-82	1.4281591027018114e-44	K	Transcription	INFORMATION STORAGE AND PROCESSING
COG1476	2.0	11347.0	2112.0	191500.0	0.00017625804177315592	0.011028720626631856	0.01598173058691257	1.4418158700209543e-49	3.309786864386338e-28	6.488171415094294e-47	1.489404088973852e-25	K	Transcription	INFORMATION STORAGE AND PROCESSING
COG3360	2.0	11347.0	1498.0	191500.0	0.00017625804177315592	0.007822454308093994	0.022532319759385414	1.991188735162199e-34	4.281794260445877e-20	8.960349308229897e-32	1.9268074172006446e-17	R	General function prediction only	POORLY CHARACTERIZED
COG0393	2.0	11347.0	82.0	191500.0	0.00017625804177315592	0.0004281984334203656	0.4116270121897482	0.3346491487222261	0.2963859168462172	1.0	1.0	S	Function unknown	POORLY CHARACTERIZED
COG2412	2.0	11347.0	2728.0	191500.0	0.00017625804177315592	0.014245430809399478	0.012372952712448444	4.7028019666836025e-65	2.2388029812762796e-36	2.116260885007621e-62	1.0074613415743258e-33	S	Function unknown	POORLY CHARACTERIZED
COG3369	2.0	11347.0	124.0	191500.0	0.00017625804177315592	0.0006475195822454307	0.2722049596738657	0.05002209530863647	0.07777183716291318	1.0	1.0	S	Function unknown	POORLY CHARACTERIZED
COG2929	2.0	11347.0	22.0	191500.0	0.00017625804177315592	0.00011488250652741516	1.5342461363436068	0.3916012176682955	0.8887526567818034	1.0	1.0	S	Function unknown	POORLY CHARACTERIZED
COG1687	2.0	11347.0	0.0	191500.0	0.00017625804177315592	0.0	inf	0.003128879204967589	1.943491358597808e-05	1.0	0.008745711113690135	E	Amino acid transport and metabolism	METABOLISM
COG3357	2.0	11347.0	251.0	191500.0	0.00017625804177315592	0.0013107049608355092	0.13447575697035594	9.957457218207707e-05	0.001423356127290798	0.044808557481934685	0.6405102572808592	K	Transcription	INFORMATION STORAGE AND PROCESSING
COG2863	2.0	11347.0	0.0	191500.0	0.00017625804177315592	0.0	inf	0.003128879204967589	1.943491358597808e-05	1.0	0.008745711113690135	C	Energy production and conversion	METABOLISM
COG2139	2.0	11347.0	2845.0	191500.0	0.00017625804177315592	0.014856396866840732	0.011864117750284484	6.069635929770302e-68	6.223032998194215e-38	2.7313361683966356e-65	2.8003648491873963e-35	J	Translation, ribosomal structure and biogenesis	INFORMATION STORAGE AND PROCESSING
COG5131	2.0	11347.0	964.0	191500.0	0.00017625804177315592	0.005033942558746736	0.03501391597464664	1.9336356007976237e-21	4.729826699083332e-13	8.701360203589306e-19	2.1284220145874993e-10	O	Posttranslational modification, protein turnover, chaperones	CELLULAR PROCESSES AND SIGNALING
COG3815	2.0	11347.0	0.0	191500.0	0.00017625804177315592	0.0	inf	0.003128879204967589	1.943491358597808e-05	1.0	0.008745711113690135	S	Function unknown	POORLY CHARACTERIZED
COG0640	2.0	11347.0	411.0	191500.0	0.00017625804177315592	0.0021462140992167104	0.08212509732252883	3.617190404222349e-08	1.0051554175161653e-05	1.6277356819000572e-05	0.0045231993788227435	K	Transcription	INFORMATION STORAGE AND PROCESSING
COG1358	2.0	11347.0	338.0	191500.0	0.00017625804177315592	0.0017650130548302872	0.09986217455490932	1.3284749575051744e-06	9.551015763853928e-05	0.0005978137308773285	0.04297957093734268	J	Translation, ribosomal structure and biogenesis	INFORMATION STORAGE AND PROCESSING
COG4327	2.0	11347.0	0.0	191500.0	0.00017625804177315592	0.0	inf	0.003128879204967589	1.943491358597808e-05	1.0	0.008745711113690135	S	Function unknown	POORLY CHARACTERIZED
COG1872	2.0	11347.0	612.0	191500.0	0.00017625804177315592	0.0031958224543080943	0.05515263888816888	4.701452698880084e-13	2.1292653216180155e-08	2.115653714496038e-10	9.58169394728107e-06	S	Function unknown	POORLY CHARACTERIZED
COG3296	2.0	11347.0	0.0	191500.0	0.00017625804177315592	0.0	inf	0.003128879204967589	1.943491358597808e-05	1.0	0.008745711113690135	R	General function prediction only	POORLY CHARACTERIZED
COG1144	1.0	11347.0	1225.0	191500.0	8.812902088657794e-05	0.006396866840731071	0.013776904081452795	3.3214731851038815e-29	6.16304571553327e-17	1.4946629332967468e-26	2.7733705719899714e-14	C	Energy production and conversion	METABOLISM
COG4888	1.0	11347.0	65.0	191500.0	8.812902088657794e-05	0.00033942558746736287	0.2596416538427643	0.185130994072612	0.24028035484570295	1.0	1.0	K	Transcription	INFORMATION STORAGE AND PROCESSING
COG4545	1.0	11347.0	730.0	191500.0	8.812902088657794e-05	0.00381201044386423	0.02311877739695846	3.555804256161032e-17	2.1339119767267466e-10	1.6001119152724644e-14	9.60260389527036e-08	O	Posttranslational modification, protein turnover, chaperones	CELLULAR PROCESSES AND SIGNALING
COG4919	1.0	11347.0	320.0	191500.0	8.812902088657794e-05	0.0016710182767624019	0.052739710936811485	3.147925323264074e-07	6.332284510913622e-05	0.00014165663954688332	0.0284952802991113	J	Translation, ribosomal structure and biogenesis	INFORMATION STORAGE AND PROCESSING
COG2126	1.0	11347.0	633.0	191500.0	8.812902088657794e-05	0.003305483028720627	0.02666146524451765	1.2252198005883976e-14	4.1245554323295315e-09	5.513489102647789e-12	1.856049944548289e-06	J	Translation, ribosomal structure and biogenesis	INFORMATION STORAGE AND PROCESSING
COG2174	1.0	11347.0	920.0	191500.0	8.812902088657794e-05	0.004804177545691906	0.01834424728236921	7.3602729928488415e-22	6.547864754121158e-13	3.3121228467819786e-19	2.9465391393545213e-10	J	Translation, ribosomal structure and biogenesis	INFORMATION STORAGE AND PROCESSING
COG3422	1.0	11347.0	438.0	191500.0	8.812902088657794e-05	0.002287206266318538	0.03853129566159744	5.032708212333085e-10	1.6359248988975426e-06	2.2647186955498882e-07	0.0007361662045038942	S	Function unknown	POORLY CHARACTERIZED
COG2167	1.0	11347.0	901.0	191500.0	8.812902088657794e-05	0.004704960835509139	0.018731084905415845	2.3533472715810532e-21	1.1672145909355812e-12	1.059006272211474e-18	5.252465659210116e-10	J	Translation, ribosomal structure and biogenesis	INFORMATION STORAGE AND PROCESSING
COG0599	1.0	11347.0	15.0	191500.0	8.812902088657794e-05	7.83289817232376e-05	1.125113833318645	0.6019040098617249	1.0	1.0	1.0	R	General function prediction only	POORLY CHARACTERIZED
COG3339	1.0	11347.0	0.0	191500.0	8.812902088657794e-05	0.0	inf	0.055938712428974975	0.053315297220553295	1.0	1.0	S	Function unknown	POORLY CHARACTERIZED
COG3277	1.0	11347.0	718.0	191500.0	8.812902088657794e-05	0.0037493472584856397	0.023505163648718214	7.750504817361182e-17	3.077114108276105e-10	3.487727167812532e-14	1.3847013487242472e-07	J	Translation, ribosomal structure and biogenesis	INFORMATION STORAGE AND PROCESSING
COG0607	1.0	11347.0	257.0	191500.0	8.812902088657794e-05	0.001342036553524804	0.0656681225672361	9.310150304559374e-06	0.0004553054960755629	0.004189567637051719	0.2048874732340033	P	Inorganic ion transport and metabolism	METABOLISM
COG5272	1.0	11347.0	48.0	191500.0	8.812902088657794e-05	0.0002506527415143603	0.3515980729120766	0.5256953747645587	0.4403760323138136	1.0	1.0	O	Posttranslational modification, protein turnover, chaperones	CELLULAR PROCESSES AND SIGNALING
COG1532	1.0	11347.0	514.0	191500.0	8.812902088657794e-05	0.0026840731070496087	0.03283406128361805	7.663624873829637e-12	1.5789297834108214e-07	3.4486311932233364e-09	7.105184025348697e-05	R	General function prediction only	POORLY CHARACTERIZED
COG0828	1.0	11347.0	213.0	191500.0	8.812902088657794e-05	0.001112271540469974	0.07923336854356658	0.00013346352527993284	0.0018309084719159065	0.06005858637596978	0.823908812362158	J	Translation, ribosomal structure and biogenesis	INFORMATION STORAGE AND PROCESSING
COG4855	1.0	11347.0	103.0	191500.0	8.812902088657794e-05	0.0005378590078328982	0.16385152912407452	0.03149313316264341	0.06535500081826633	1.0	1.0	F	Nucleotide transport and metabolism	METABOLISM
COG1997	1.0	11347.0	957.0	191500.0	8.812902088657794e-05	0.004997389033942559	0.01763501306142077	1.0946732967752078e-22	2.1248450604385125e-13	4.9260298354884355e-20	9.561802771973306e-11	J	Translation, ribosomal structure and biogenesis	INFORMATION STORAGE AND PROCESSING
COG3162	1.0	11347.0	0.0	191500.0	8.812902088657794e-05	0.0	inf	0.055938712428974975	0.053315297220553295	1.0	1.0	S	Function unknown	POORLY CHARACTERIZED
COG2892	1.0	11347.0	2000.0	191500.0	8.812902088657794e-05	0.010443864229765013	0.008438353749889839	1.0406126949687786e-48	3.585307830810277e-27	4.682757127359504e-46	1.6133885238646247e-24	J	Translation, ribosomal structure and biogenesis	INFORMATION STORAGE AND PROCESSING
COG1669	1.0	11347.0	1672.0	191500.0	8.812902088657794e-05	0.008731070496083551	0.010093724581207941	2.3115555374483707e-40	7.760825532772152e-23	1.040199991851767e-37	3.492371489747468e-20	R	General function prediction only	POORLY CHARACTERIZED
COG1958	1.0	11347.0	4455.0	191500.0	8.812902088657794e-05	0.02326370757180157	0.003788262065045943	8.704950808065987e-111	5.87510186158978e-60	3.9172278636296945e-108	2.643795837715401e-57	K	Transcription	INFORMATION STORAGE AND PROCESSING
COG0316	1.0	11347.0	96.0	191500.0	8.812902088657794e-05	0.0005013054830287206	0.1757990364560383	0.04510418543051285	0.08272765814236474	1.0	1.0	O	Posttranslational modification, protein turnover, chaperones	CELLULAR PROCESSES AND SIGNALING
COG2092	1.0	11347.0	3998.0	191500.0	8.812902088657794e-05	0.02087728459530026	0.004221287518704271	3.694181038112441e-99	8.400760654757592e-54	1.6623814671505983e-96	3.7803422946409164e-51	J	Translation, ribosomal structure and biogenesis	INFORMATION STORAGE AND PROCESSING
COG2880	1.0	11347.0	376.0	191500.0	8.812902088657794e-05	0.0019634464751958226	0.04488486037175446	1.5333316185848052e-08	1.1114487403341842e-05	6.899992283631623e-06	0.005001519331503829	R	General function prediction only	POORLY CHARACTERIZED
COG1534	1.0	11347.0	931.0	191500.0	8.812902088657794e-05	0.004861618798955613	0.018127505370332628	5.250694233896763e-22	4.68569094082554e-13	2.362812405253543e-19	2.1085609233714933e-10	J	Translation, ribosomal structure and biogenesis	INFORMATION STORAGE AND PROCESSING
COG1965	1.0	11347.0	3.0	191500.0	8.812902088657794e-05	1.566579634464752e-05	5.625569166593226	0.2056717732554873	0.5478048226039096	1.0	1.0	P	Inorganic ion transport and metabolism	METABOLISM
COG5606	1.0	11347.0	0.0	191500.0	8.812902088657794e-05	0.0	inf	0.055938712428974975	0.053315297220553295	1.0	1.0	R	General function prediction only	POORLY CHARACTERIZED
COG1343	1.0	11347.0	990.0	191500.0	8.812902088657794e-05	0.005169712793733681	0.017047179292706743	1.5656004073226256e-23	7.789475506820849e-14	7.045201832951816e-21	3.505263978069382e-11	V	Defense mechanisms	CELLULAR PROCESSES AND SIGNALING
COG4272	1.0	11347.0	0.0	191500.0	8.812902088657794e-05	0.0	inf	0.055938712428974975	0.053315297220553295	1.0	1.0	S	Function unknown	POORLY CHARACTERIZED
COG0762	1.0	11347.0	0.0	191500.0	8.812902088657794e-05	0.0	inf	0.055938712428974975	0.053315297220553295	1.0	1.0	O	Posttranslational modification, protein turnover, chaperones	CELLULAR PROCESSES AND SIGNALING
COG3269	1.0	11347.0	1805.0	191500.0	8.812902088657794e-05	0.009425587467362924	0.009349976454171566	8.866849074684774e-44	1.3577722386985582e-24	3.9900820836081486e-41	6.109975074143511e-22	R	General function prediction only	POORLY CHARACTERIZED
COG4828	1.0	11347.0	0.0	191500.0	8.812902088657794e-05	0.0	inf	0.055938712428974975	0.053315297220553295	1.0	1.0	S	Function unknown	POORLY CHARACTERIZED
COG2456	1.0	11347.0	0.0	191500.0	8.812902088657794e-05	0.0	inf	0.055938712428974975	0.053315297220553295	1.0	1.0	S	Function unknown	POORLY CHARACTERIZED
COG3293	1.0	11347.0	1.0	191500.0	8.812902088657794e-05	5.221932114882507e-06	16.876707499779673	0.10874854565003493	0.23237538306242625	1.0	1.0	X	Mobilome: prophages, transposons	CELLULAR PROCESSES AND SIGNALING
COG4980	1.0	11347.0	1.0	191500.0	8.812902088657794e-05	5.221932114882507e-06	16.876707499779673	0.10874854565003493	0.23237538306242625	1.0	1.0	R	General function prediction only	POORLY CHARACTERIZED
COG0425	1.0	11347.0	2825.0	191500.0	8.812902088657794e-05	0.014751958224543081	0.005974055752134399	2.4533968129504516e-69	4.0739750280840966e-38	1.1040285658277032e-66	1.8332887626378434e-35	JHO		
COG2337	1.0	11347.0	13.0	191500.0	8.812902088657794e-05	6.788511749347258e-05	1.2982082692138213	0.5533255575599677	1.0	1.0	1.0	V	Defense mechanisms	CELLULAR PROCESSES AND SIGNALING
COG0185	1.0	11347.0	145.0	191500.0	8.812902088657794e-05	0.0007571801566579635	0.11639108620537708	0.0035564030489189853	0.016309546322331808	1.0	1.0	J	Translation, ribosomal structure and biogenesis	INFORMATION STORAGE AND PROCESSING
COG4537	1.0	11347.0	0.0	191500.0	8.812902088657794e-05	0.0	inf	0.055938712428974975	0.053315297220553295	1.0	1.0	X	Mobilome: prophages, transposons	CELLULAR PROCESSES AND SIGNALING
COG2919	1.0	11347.0	0.0	191500.0	8.812902088657794e-05	0.0	inf	0.055938712428974975	0.053315297220553295	1.0	1.0	D	Cell cycle control, cell division, chromosome partitioning	CELLULAR PROCESSES AND SIGNALING
COG2002	1.0	11347.0	2726.0	191500.0	8.812902088657794e-05	0.014234986945169713	0.0061910152236902705	5.8392438196675194e-67	8.45010314699623e-37	2.6276597188503836e-64	3.8025464161483035e-34	KV		
COG1598	1.0	11347.0	2444.0	191500.0	8.812902088657794e-05	0.012762402088772846	0.006905363134116071	9.140575695569028e-60	4.703269815178871e-33	4.1132590630060625e-57	2.116471416830492e-30	V	Defense mechanisms	CELLULAR PROCESSES AND SIGNALING
COG2442	1.0	11347.0	1092.0	191500.0	8.812902088657794e-05	0.005702349869451697	0.015454860347783587	4.7454418228811333e-26	3.50702748469244e-15	2.13544882029651e-23	1.5781623681115979e-12	V	Defense mechanisms	CELLULAR PROCESSES AND SIGNALING
COG1369	1.0	11347.0	401.0	191500.0	8.812902088657794e-05	0.0020939947780678854	0.042086552368527874	5.349435038607092e-09	5.127029049724517e-06	2.4072457673731914e-06	0.0023071630723760328	J	Translation, ribosomal structure and biogenesis	INFORMATION STORAGE AND PROCESSING
COG2036	1.0	11347.0	115.0	191500.0	8.812902088657794e-05	0.0006005221932114883	0.1467539782589537	0.02302733097238753	0.04377457072553257	1.0	1.0	B	Chromatin structure and dynamics	INFORMATION STORAGE AND PROCESSING
COG4009	1.0	11347.0	104.0	191500.0	8.812902088657794e-05	0.0005430809399477807	0.16227603365172766	0.031617245873147015	0.06319859896985397	1.0	1.0	S	Function unknown	POORLY CHARACTERIZED
COG1724	0.0	11347.0	3206.0	191500.0	0.0	0.016741514360313316	0.0	2.774503876068212e-81	1.1980707146558336e-43	1.2485267442306954e-78	5.391318215951251e-41	R	General function prediction only	POORLY CHARACTERIZED
COG1998	0.0	11347.0	2933.0	191500.0	0.0	0.015315926892950391	0.0	2.1568105680255313e-74	5.236415610448789e-40	9.705647556114891e-72	2.356387024701955e-37	J	Translation, ribosomal structure and biogenesis	INFORMATION STORAGE AND PROCESSING
COG1383	0.0	11347.0	2907.0	191500.0	0.0	0.015180156657963446	0.0	1.0617148349688056e-73	1.1623296550001685e-39	4.777716757359625e-71	5.230483447500759e-37	J	Translation, ribosomal structure and biogenesis	INFORMATION STORAGE AND PROCESSING
COG2093	0.0	11347.0	2891.0	191500.0	0.0	0.015096605744125325	0.0	2.328781994473107e-73	1.898445124414388e-39	1.0479518975128981e-70	8.543003059864746e-37	K	Transcription	INFORMATION STORAGE AND PROCESSING
COG1761	0.0	11347.0	2877.0	191500.0	0.0	0.015023498694516971	0.0	8.439388000029802e-73	2.916156006315968e-39	3.7977246000134107e-70	1.3122702028421856e-36	K	Transcription	INFORMATION STORAGE AND PROCESSING
COG0255	0.0	11347.0	2772.0	191500.0	0.0	0.01447519582245431	0.0	2.959125515731123e-70	7.281893623621934e-38	1.3316064820790053e-67	3.2768521306298703e-35	J	Translation, ribosomal structure and biogenesis	INFORMATION STORAGE AND PROCESSING
COG0089	0.0	11347.0	2644.0	191500.0	0.0	0.013806788511749345	0.0	5.539560174429735e-67	3.666311217204856e-36	2.492802078493381e-64	1.649840047742185e-33	J	Translation, ribosomal structure and biogenesis	INFORMATION STORAGE AND PROCESSING
COG1698	0.0	11347.0	2470.0	191500.0	0.0	0.012898172323759793	0.0	1.7130862686638829e-62	7.502635660481558e-34	7.708888208987473e-60	3.3761860472167013e-31	S	Function unknown	POORLY CHARACTERIZED
COG2051	0.0	11347.0	2247.0	191500.0	0.0	0.011733681462140991	0.0	7.923965425855374e-57	6.803697423679699e-31	3.5657844416349183e-54	3.0616638406558646e-28	J	Translation, ribosomal structure and biogenesis	INFORMATION STORAGE AND PROCESSING
COG1828	0.0	11347.0	1803.0	191500.0	0.0	0.009415143603133159	0.0	9.284472229112331e-46	5.1127022377784895e-25	4.178012503100549e-43	2.30071600700032e-22	F	Nucleotide transport and metabolism	METABOLISM
COG2451	0.0	11347.0	1649.0	191500.0	0.0	0.008610966057441253	0.0	7.996204656705452e-42	5.53899056816147e-23	3.598292095517453e-39	2.4925457556726615e-20	J	Translation, ribosomal structure and biogenesis	INFORMATION STORAGE AND PROCESSING
COG1996	0.0	11347.0	1564.0	191500.0	0.0	0.008167101827676241	0.0	8.540881630192502e-40	7.344724429344279e-22	3.843396733586626e-37	3.3051259932049257e-19	K	Transcription	INFORMATION STORAGE AND PROCESSING
COG1631	0.0	11347.0	1394.0	191500.0	0.0	0.0072793733681462145	0.0	2.504805959043629e-35	1.28885941727893e-19	1.127162681569633e-32	5.799867377755184e-17	J	Translation, ribosomal structure and biogenesis	INFORMATION STORAGE AND PROCESSING
COG0721	0.0	11347.0	1361.0	191500.0	0.0	0.007107049608355091	0.0	1.0960648730913904e-34	3.513652081931197e-19	4.932291928911256e-32	1.5811434368690385e-16	J	Translation, ribosomal structure and biogenesis	INFORMATION STORAGE AND PROCESSING
COG1400	0.0	11347.0	1340.0	191500.0	0.0	0.006997389033942559	0.0	5.767684047325532e-34	6.651503857296546e-19	2.5954578212964893e-31	2.993176735783446e-16	U	Intracellular trafficking, secretion, and vesicular transport	CELLULAR PROCESSES AND SIGNALING
COG2157	0.0	11347.0	1208.0	191500.0	0.0	0.006308093994778068	0.0	9.03470417076147e-31	3.6730438372056527e-17	4.065616876842661e-28	1.6528697267425438e-14	J	Translation, ribosomal structure and biogenesis	INFORMATION STORAGE AND PROCESSING
COG2097	0.0	11347.0	1122.0	191500.0	0.0	0.005859007832898173	0.0	1.5101698712256498e-28	5.013576016930557e-16	6.795764420515424e-26	2.2561092076187507e-13	J	Translation, ribosomal structure and biogenesis	INFORMATION STORAGE AND PROCESSING
COG0199	0.0	11347.0	1085.0	191500.0	0.0	0.0056657963446475204	0.0	1.0232822047784613e-27	1.5437952447534516e-15	4.604769921503076e-25	6.947078601390532e-13	J	Translation, ribosomal structure and biogenesis	INFORMATION STORAGE AND PROCESSING
COG4274	0.0	11347.0	1027.0	191500.0	0.0	0.005362924281984334	0.0	3.5721752200242714e-26	9.003227665256422e-15	1.607478849010922e-23	4.05145244936539e-12	S	Function unknown	POORLY CHARACTERIZED
COG1531	0.0	11347.0	1023.0	191500.0	0.0	0.005342036553524804	0.0	5.722310312606157e-26	1.016764654557443e-14	2.5750396406727707e-23	4.5754409455084936e-12	S	Function unknown	POORLY CHARACTERIZED
COG1605	0.0	11347.0	996.0	191500.0	0.0	0.005201044386422975	0.0	2.7356451078912923e-25	2.311007918927047e-14	1.2310402985510814e-22	1.0399535635171711e-11	E	Amino acid transport and metabolism	METABOLISM
COG0023	0.0	11347.0	911.0	191500.0	0.0	0.004757180156657963	0.0	2.692957112242641e-23	3.067633938157653e-13	1.2118307005091885e-20	1.3804352721709438e-10	J	Translation, ribosomal structure and biogenesis	INFORMATION STORAGE AND PROCESSING
COG5428	0.0	11347.0	867.0	191500.0	0.0	0.004527415143603133	0.0	4.484170265314243e-22	1.1707157269027222e-12	2.0178766193914095e-19	5.268220771062251e-10	V	Defense mechanisms	CELLULAR PROCESSES AND SIGNALING
COG2154	0.0	11347.0	774.0	191500.0	0.0	0.00404177545691906	0.0	6.563042001269032e-20	1.9900422989539257e-11	2.9533689005710647e-17	8.955190345292666e-09	H	Coenzyme transport and metabolism	METABOLISM
COG1888	0.0	11347.0	736.0	191500.0	0.0	0.003843342036553525	0.0	7.004996888870832e-19	6.34039696989809e-11	3.152248599991874e-16	2.8531786364541403e-08	S	Function unknown	POORLY CHARACTERIZED
COG0236	0.0	11347.0	702.0	191500.0	0.0	0.0036657963446475204	0.0	4.917988028517451e-18	1.7893922797287638e-10	2.213094612832853e-15	8.052265258779438e-08	I	Lipid transport and metabolism	METABOLISM
COG0361	0.0	11347.0	625.0	191500.0	0.0	0.0032637075718015664	0.0	3.529967461497548e-16	1.881389793774265e-09	1.5884853576738967e-13	8.466254071984193e-07	J	Translation, ribosomal structure and biogenesis	INFORMATION STORAGE AND PROCESSING
COG1594	0.0	11347.0	595.0	191500.0	0.0	0.0031070496083550913	0.0	2.597241386876785e-15	4.711648768065044e-09	1.1687586240945533e-12	2.1202419456292697e-06	K	Transcription	INFORMATION STORAGE AND PROCESSING
COG3695	0.0	11347.0	550.0	191500.0	0.0	0.0028720626631853785	0.0	4.2806607926471816e-14	1.870647892044441e-08	1.9262973566912317e-11	8.417915514199984e-06	K	Transcription	INFORMATION STORAGE AND PROCESSING
COG4895	0.0	11347.0	528.0	191500.0	0.0	0.002757180156657964	0.0	1.3083985295101676e-13	3.673991600556762e-08	5.887793382795754e-11	1.6532962202505427e-05	S	Function unknown	POORLY CHARACTERIZED
COG0234	0.0	11347.0	494.0	191500.0	0.0	0.0025796344647519578	0.0	9.175002693779028e-13	1.044158455138402e-07	4.1287512122005625e-10	4.6987130481228086e-05	O	Posttranslational modification, protein turnover, chaperones	CELLULAR PROCESSES AND SIGNALING
COG2023	0.0	11347.0	491.0	191500.0	0.0	0.0025639686684073106	0.0	8.73592961074248e-13	1.1450636951116946e-07	3.931168324834116e-10	5.152786628002626e-05	J	Translation, ribosomal structure and biogenesis	INFORMATION STORAGE AND PROCESSING
COG1694	0.0	11347.0	402.0	191500.0	0.0	0.002099216710182768	0.0	1.3957216933824643e-10	1.781312085254858e-06	6.280747620221089e-08	0.000801590438364686	V	Defense mechanisms	CELLULAR PROCESSES AND SIGNALING
COG3609	0.0	11347.0	402.0	191500.0	0.0	0.002099216710182768	0.0	1.3957216933824643e-10	1.781312085254858e-06	6.280747620221089e-08	0.000801590438364686	K	Transcription	INFORMATION STORAGE AND PROCESSING
COG0011	0.0	11347.0	399.0	191500.0	0.0	0.0020835509138381197	0.0	2.1624068554705047e-10	1.954563097179409e-06	9.730830849617272e-08	0.000879553393730734	H	Coenzyme transport and metabolism	METABOLISM
COG1745	0.0	11347.0	386.0	191500.0	0.0	0.002015665796344648	0.0	4.789684164686956e-10	2.9231056576591078e-06	2.1553578741091302e-07	0.0013153975459465985	S	Function unknown	POORLY CHARACTERIZED
COG1145	0.0	11347.0	382.0	191500.0	0.0	0.0019947780678851177	0.0	4.5115936101229936e-10	3.308781317839455e-06	2.030217124555347e-07	0.0014889515930277546	C	Energy production and conversion	METABOLISM
COG2004	0.0	11347.0	375.0	191500.0	0.0	0.0019582245430809398	0.0	6.665396643439688e-10	4.110619221165735e-06	2.9994284895478595e-07	0.0018497786495245807	J	Translation, ribosomal structure and biogenesis	INFORMATION STORAGE AND PROCESSING
COG2151	0.0	11347.0	367.0	191500.0	0.0	0.0019164490861618801	0.0	1.610408694673629e-09	5.268495926993603e-06	7.24683912603133e-07	0.0023708231671471214	O	Posttranslational modification, protein turnover, chaperones	CELLULAR PROCESSES AND SIGNALING
COG3041	0.0	11347.0	362.0	191500.0	0.0	0.0018903394255874676	0.0	1.4596751600018936e-09	6.153077202476709e-06	6.568538220008521e-07	0.0027688847411145192	JV		
COG1722	0.0	11347.0	351.0	191500.0	0.0	0.0018328981723237602	0.0	3.294573996752138e-09	8.65981434348577e-06	1.4825582985384622e-06	0.0038969164545685966	L	Replication, recombination and repair	INFORMATION STORAGE AND PROCESSING
COG4830	0.0	11347.0	350.0	191500.0	0.0	0.0018276762402088765	0.0	3.238880643252658e-09	8.93325394750052e-06	1.4574962894636961e-06	0.004019964276375234	J	Translation, ribosomal structure and biogenesis	INFORMATION STORAGE AND PROCESSING
COG4746	0.0	11347.0	344.0	191500.0	0.0	0.0017963446475195825	0.0	4.85031120520729e-09	1.0765839030862074e-05	2.1826400423432807e-06	0.004844627563887933	S	Function unknown	POORLY CHARACTERIZED
COG0186	0.0	11347.0	337.0	191500.0	0.0	0.0017597911227154046	0.0	7.143263521814863e-09	1.3386372495198127e-05	3.2144685848166883e-06	0.0060238676228391574	J	Translation, ribosomal structure and biogenesis	INFORMATION STORAGE AND PROCESSING
COG3655	0.0	11347.0	328.0	191500.0	0.0	0.0017127937336814624	0.0	1.0310229256806752e-08	1.771851884107067e-05	4.639603165563039e-06	0.007973333478481802	K	Transcription	INFORMATION STORAGE AND PROCESSING
COG0140	0.0	11347.0	326.0	191500.0	0.0	0.0017023498694516972	0.0	1.6635052254556786e-08	1.8858393228069838e-05	7.485773514550554e-06	0.008486276952631428	E	Amino acid transport and metabolism	METABOLISM
COG1342	0.0	11347.0	323.0	191500.0	0.0	0.0016866840731070494	0.0	1.5510268942231967e-08	2.070778178041865e-05	6.979621024004385e-06	0.009318501801188393	R	General function prediction only	POORLY CHARACTERIZED
COG4892	0.0	11347.0	305.0	191500.0	0.0	0.0015926892950391645	0.0	5.2758596079464356e-08	3.632877987625652e-05	2.374136823575896e-05	0.016347950944315435	R	General function prediction only	POORLY CHARACTERIZED
COG2146	0.0	11347.0	297.0	191500.0	0.0	0.0015509138381201045	0.0	7.573759906491412e-08	4.666046074251325e-05	3.408191957921135e-05	0.020997207334130963	PQ		
COG0694	0.0	11347.0	287.0	191500.0	0.0	0.0014986945169712794	0.0	1.0781501430889492e-07	6.382795887165132e-05	4.851675643900271e-05	0.028722581492243094	O	Posttranslational modification, protein turnover, chaperones	CELLULAR PROCESSES AND SIGNALING
COG4014	0.0	11347.0	285.0	191500.0	0.0	0.0014882506527415145	0.0	1.7250106129404868e-07	6.795943425787585e-05	7.76254775823219e-05	0.030581745416044134	S	Function unknown	POORLY CHARACTERIZED
COG3388	0.0	11347.0	279.0	191500.0	0.0	0.0014569190600522196	0.0	2.61669631482238e-07	8.203916957986476e-05	0.0001177513341670071	0.036917626310939144	K	Transcription	INFORMATION STORAGE AND PROCESSING
COG2058	0.0	11347.0	274.0	191500.0	0.0	0.0014308093994778069	0.0	2.365956899866943e-07	9.599073517625003e-05	0.00010646806049401244	0.04319583082931251	J	Translation, ribosomal structure and biogenesis	INFORMATION STORAGE AND PROCESSING
COG0633	0.0	11347.0	250.0	191500.0	0.0	0.0013054830287206266	0.0	1.1897201922897115e-06	0.00020442204705731334	0.0005353740865303701	0.09198992117579101	C	Energy production and conversion	METABOLISM
COG0517	0.0	11347.0	246.0	191500.0	0.0	0.0012845953002610965	0.0	1.1312362123423272e-06	0.00023195387318507247	0.0005090562955540473	0.10437924293328261	T	Signal transduction mechanisms	CELLULAR PROCESSES AND SIGNALING
COG1393	0.0	11347.0	224.0	191500.0	0.0	0.0011697127937336815	0.0	5.899675367333267e-06	0.00046572289089409044	0.0026548539152999704	0.2095753009023407	P	Inorganic ion transport and metabolism	METABOLISM
COG4572	0.0	11347.0	215.0	191500.0	0.0	0.0011227154046997386	0.0	8.289160915831881e-06	0.0006201052370571282	0.0037301224121243466	0.2790473566757077	P	Inorganic ion transport and metabolism	METABOLISM
COG5559	0.0	11347.0	195.0	191500.0	0.0	0.0010182767624020888	0.0	2.7172487387491182e-05	0.0011748194401258064	0.012227619324371032	0.5286687480566129	S	Function unknown	POORLY CHARACTERIZED
COG4104	0.0	11347.0	193.0	191500.0	0.0	0.0010078328981723238	0.0	2.638422803961909e-05	0.0012526277167096967	0.01187290261782859	0.5636824725193635	U	Intracellular trafficking, secretion, and vesicular transport	CELLULAR PROCESSES AND SIGNALING
COG1359	0.0	11347.0	178.0	191500.0	0.0	0.0009295039164490859	0.0	5.7529425227970766e-05	0.0020293698985736713	0.025888241352586844	0.913216454358152	C	Energy production and conversion	METABOLISM
COG2336	0.0	11347.0	174.0	191500.0	0.0	0.0009086161879895561	0.0	8.761722515788734e-05	0.00230913483517852	0.0394277513210493	1.0	V	Defense mechanisms	CELLULAR PROCESSES AND SIGNALING
COG4004	0.0	11347.0	172.0	191500.0	0.0	0.0008981723237597913	0.0	8.55960044572359e-05	0.0024633676501242038	0.038518202005756154	1.0	S	Function unknown	POORLY CHARACTERIZED
COG1308	0.0	11347.0	158.0	191500.0	0.0	0.0008250652741514361	0.0	0.0001880022335752893	0.003879825383411689	0.08460100510888019	1.0	K	Transcription	INFORMATION STORAGE AND PROCESSING
COG1460	0.0	11347.0	157.0	191500.0	0.0	0.0008198433420365535	0.0	0.00018764747272872968	0.004008257112925281	0.08444136272792836	1.0	K	Transcription	INFORMATION STORAGE AND PROCESSING
COG4033	0.0	11347.0	156.0	191500.0	0.0	0.000814621409921671	0.0	0.000302952853712516	0.0041410103310818725	0.13632878417063218	1.0	S	Function unknown	POORLY CHARACTERIZED
COG5007	0.0	11347.0	152.0	191500.0	0.0	0.000793733681462141	0.0	0.00028057026081280555	0.004718289974417422	0.1262566173657625	1.0	T	Signal transduction mechanisms	CELLULAR PROCESSES AND SIGNALING
COG2886	0.0	11347.0	152.0	191500.0	0.0	0.000793733681462141	0.0	0.00028057026081280555	0.004718289974417422	0.1262566173657625	1.0	R	General function prediction only	POORLY CHARACTERIZED
COG2440	0.0	11347.0	147.0	191500.0	0.0	0.0007676240208877286	0.0	0.000427079959606034	0.005556602494326257	0.1921859818227153	1.0	C	Energy production and conversion	METABOLISM
COG3809	0.0	11347.0	146.0	191500.0	0.0	0.000762402088772846	0.0	0.00042039541839232014	0.005741678448582038	0.18917793827654406	1.0	R	General function prediction only	POORLY CHARACTERIZED
COG3905	0.0	11347.0	145.0	191500.0	0.0	0.0007571801566579635	0.0	0.0004159601396559139	0.0059330342453633575	0.18718206284516126	1.0	K	Transcription	INFORMATION STORAGE AND PROCESSING
COG0271	0.0	11347.0	144.0	191500.0	0.0	0.0007519582245430809	0.0	0.0004137162054177708	0.006130888328942755	0.18617229243799685	1.0	KT		
COG1937	0.0	11347.0	142.0	191500.0	0.0	0.0007415143603133159	0.0	0.0006613704576808282	0.006547004724542285	0.2976167059563727	1.0	K	Transcription	INFORMATION STORAGE AND PROCESSING
COG2331	0.0	11347.0	141.0	191500.0	0.0	0.0007362924281984335	0.0	0.0006451515561723553	0.0067657444159832675	0.2903182002775599	1.0	R	General function prediction only	POORLY CHARACTERIZED
COG1925	0.0	11347.0	135.0	191500.0	0.0	0.0007049608355091384	0.0	0.0009782182874323905	0.008244177319463523	0.4401982293445757	1.0	TG		
COG3411	0.0	11347.0	130.0	191500.0	0.0	0.0006788511749347257	0.0	0.0009123093643162947	0.00972618803144968	0.4105392139423326	1.0	C	Energy production and conversion	METABOLISM
COG2118	0.0	11347.0	128.0	191500.0	0.0	0.0006684073107049609	0.0	0.0014479605986894954	0.01039282457071115	0.651582269410273	1.0	R	General function prediction only	POORLY CHARACTERIZED
COG0051	0.0	11347.0	128.0	191500.0	0.0	0.0006684073107049609	0.0	0.0014479605986894954	0.01039282457071115	0.651582269410273	1.0	J	Translation, ribosomal structure and biogenesis	INFORMATION STORAGE AND PROCESSING
COG0198	0.0	11347.0	125.0	191500.0	0.0	0.0006527415143603133	0.0	0.00137131524349424	0.01148158680201326	0.6170918595724081	1.0	J	Translation, ribosomal structure and biogenesis	INFORMATION STORAGE AND PROCESSING
COG0073	0.0	11347.0	116.0	191500.0	0.0	0.0006057441253263707	0.0	0.0020164409136117713	0.01550388724275725	0.9073984111252971	1.0	J	Translation, ribosomal structure and biogenesis	INFORMATION STORAGE AND PROCESSING
COG4802	0.0	11347.0	105.0	191500.0	0.0	0.0005483028720626632	0.0	0.004552139301492411	0.022455759314247224	1.0	1.0	C	Energy production and conversion	METABOLISM
COG0776	0.0	11347.0	104.0	191500.0	0.0	0.0005430809399477807	0.0	0.004502205016639104	0.023229693816395128	1.0	1.0	L	Replication, recombination and repair	INFORMATION STORAGE AND PROCESSING
COG1324	0.0	11347.0	102.0	191500.0	0.0	0.0005326370757180157	0.0	0.004468787256444624	0.024861286603781875	1.0	1.0	P	Inorganic ion transport and metabolism	METABOLISM
COG4710	0.0	11347.0	99.0	191500.0	0.0	0.0005169712793733682	0.0	0.006876320626146668	0.027534039733894605	1.0	1.0	R	General function prediction only	POORLY CHARACTERIZED
COG2168	0.0	11347.0	99.0	191500.0	0.0	0.0005169712793733682	0.0	0.006876320626146668	0.027534039733894605	1.0	1.0	J	Translation, ribosomal structure and biogenesis	INFORMATION STORAGE AND PROCESSING
COG3237	0.0	11347.0	94.0	191500.0	0.0	0.0004908616187989556	0.0	0.010676164666553105	0.032669233573764306	1.0	1.0	S	Function unknown	POORLY CHARACTERIZED
COG0347	0.0	11347.0	85.0	191500.0	0.0	0.000443864229765013	0.0	0.015256736655412138	0.04457468758156079	1.0	1.0	TE		
COG4281	0.0	11347.0	85.0	191500.0	0.0	0.000443864229765013	0.0	0.015256736655412138	0.04457468758156079	1.0	1.0	I	Lipid transport and metabolism	METABOLISM
COG4634	0.0	11347.0	84.0	191500.0	0.0	0.00043864229765013056	0.0	0.015047188322490043	0.0461523722238445	1.0	1.0	R	General function prediction only	POORLY CHARACTERIZED
COG5552	0.0	11347.0	82.0	191500.0	0.0	0.0004281984334203656	0.0	0.014837765688161468	0.049485536985572405	1.0	1.0	S	Function unknown	POORLY CHARACTERIZED
COG2771	0.0	11347.0	82.0	191500.0	0.0	0.0004281984334203656	0.0	0.014837765688161468	0.049485536985572405	1.0	1.0	K	Transcription	INFORMATION STORAGE AND PROCESSING
COG2329	0.0	11347.0	81.0	191500.0	0.0	0.000422976501305483	0.0	0.014837138258080846	0.051245760171976434	1.0	1.0	H	Coenzyme transport and metabolism	METABOLISM
COG0184	0.0	11347.0	77.0	191500.0	0.0	0.00040208877284595297	0.0	0.022473998529309182	0.05897129296676783	1.0	1.0	J	Translation, ribosomal structure and biogenesis	INFORMATION STORAGE AND PROCESSING
COG2161	0.0	11347.0	76.0	191500.0	0.0	0.0003968668407310705	0.0	0.022275569145515144	0.061087951471871425	1.0	1.0	V	Defense mechanisms	CELLULAR PROCESSES AND SIGNALING
COG0831	0.0	11347.0	76.0	191500.0	0.0	0.0003968668407310705	0.0	0.022275569145515144	0.061087951471871425	1.0	1.0	E	Amino acid transport and metabolism	METABOLISM
COG1366	0.0	11347.0	74.0	191500.0	0.0	0.0003864229765013055	0.0	0.03622958538295604	0.06556518629886195	1.0	1.0	T	Signal transduction mechanisms	CELLULAR PROCESSES AND SIGNALING
COG4901	0.0	11347.0	73.0	191500.0	0.0	0.000381201044386423	0.0	0.03535788282404385	0.06793250242062042	1.0	1.0	J	Translation, ribosomal structure and biogenesis	INFORMATION STORAGE AND PROCESSING
COG2350	0.0	11347.0	68.0	191500.0	0.0	0.00035509138381201036	0.0	0.0332021008009942	0.0812056236132144	1.0	1.0	QR		
COG2906	0.0	11347.0	68.0	191500.0	0.0	0.00035509138381201036	0.0	0.0332021008009942	0.0812056236132144	1.0	1.0	P	Inorganic ion transport and metabolism	METABOLISM
COG1837	0.0	11347.0	66.0	191500.0	0.0	0.00034464751958224546	0.0	0.052901623720027297	0.0872636730904412	1.0	1.0	R	General function prediction only	POORLY CHARACTERIZED
COG3311	0.0	11347.0	64.0	191500.0	0.0	0.00033420365535248044	0.0	0.051028246446743794	0.0938063492298348	1.0	1.0	KX		
COG1993	0.0	11347.0	62.0	191500.0	0.0	0.00032375979112271537	0.0	0.049994746265359366	0.10087679704075007	1.0	1.0	T	Signal transduction mechanisms	CELLULAR PROCESSES AND SIGNALING
COG2501	0.0	11347.0	62.0	191500.0	0.0	0.00032375979112271537	0.0	0.049994746265359366	0.10087679704075007	1.0	1.0	J	Translation, ribosomal structure and biogenesis	INFORMATION STORAGE AND PROCESSING
COG4115	0.0	11347.0	61.0	191500.0	0.0	0.0003185378590078329	0.0	0.049797155641116815	0.10462463190308116	1.0	1.0	V	Defense mechanisms	CELLULAR PROCESSES AND SIGNALING
COG5460	0.0	11347.0	61.0	191500.0	0.0	0.0003185378590078329	0.0	0.049797155641116815	0.10462463190308116	1.0	1.0	S	Function unknown	POORLY CHARACTERIZED
COG4891	0.0	11347.0	59.0	191500.0	0.0	0.00030809399477806787	0.0	0.07934514227079212	0.11257762084355104	1.0	1.0	S	Function unknown	POORLY CHARACTERIZED
COG2388	0.0	11347.0	59.0	191500.0	0.0	0.00030809399477806787	0.0	0.07934514227079212	0.11257762084355104	1.0	1.0	R	General function prediction only	POORLY CHARACTERIZED
COG1990	0.0	11347.0	58.0	191500.0	0.0	0.00030287206266318533	0.0	0.07785389986772175	0.11679663638976015	1.0	1.0	J	Translation, ribosomal structure and biogenesis	INFORMATION STORAGE AND PROCESSING
COG3461	0.0	11347.0	51.0	191500.0	0.0	0.00026631853785900785	0.0	0.11723896865198495	0.15160734714312948	1.0	1.0	S	Function unknown	POORLY CHARACTERIZED
COG4997	0.0	11347.0	49.0	191500.0	0.0	0.00025587467362924284	0.0	0.11420906084854582	0.16353421709195587	1.0	1.0	R	General function prediction only	POORLY CHARACTERIZED
COG4013	0.0	11347.0	49.0	191500.0	0.0	0.00025587467362924284	0.0	0.11420906084854582	0.16353421709195587	1.0	1.0	S	Function unknown	POORLY CHARACTERIZED
COG4443	0.0	11347.0	47.0	191500.0	0.0	0.0002454308093994778	0.0	0.11287569816219327	0.17650638440726338	1.0	1.0	S	Function unknown	POORLY CHARACTERIZED
COG1433	0.0	11347.0	45.0	191500.0	0.0	0.0002349869451697128	0.0	0.18023900730734965	0.19063241207349416	1.0	1.0	O	Posttranslational modification, protein turnover, chaperones	CELLULAR PROCESSES AND SIGNALING
COG2361	0.0	11347.0	41.0	191500.0	0.0	0.0002140992167101828	0.0	0.17159056851264948	0.22285461453422176	1.0	1.0	V	Defense mechanisms	CELLULAR PROCESSES AND SIGNALING
COG0278	0.0	11347.0	36.0	191500.0	0.0	0.00018798955613577023	0.0	0.26594630606402264	0.27220967607651586	1.0	1.0	O	Posttranslational modification, protein turnover, chaperones	CELLULAR PROCESSES AND SIGNALING
COG3586	0.0	11347.0	32.0	191500.0	0.0	0.00016710182767624022	0.0	0.2599026189335435	0.3209813147315749	1.0	1.0	R	General function prediction only	POORLY CHARACTERIZED
COG5470	0.0	11347.0	32.0	191500.0	0.0	0.00016710182767624022	0.0	0.2599026189335435	0.3209813147315749	1.0	1.0	S	Function unknown	POORLY CHARACTERIZED
COG1553	0.0	11347.0	29.0	191500.0	0.0	0.00015143603133159267	0.0	0.4077822409164921	0.3644648140466684	1.0	1.0	P	Inorganic ion transport and metabolism	METABOLISM
COG3526	0.0	11347.0	28.0	191500.0	0.0	0.0001462140992167102	0.0	0.4041306371723651	0.3805218343079103	1.0	1.0	R	General function prediction only	POORLY CHARACTERIZED
COG0099	0.0	11347.0	28.0	191500.0	0.0	0.0001462140992167102	0.0	0.4041306371723651	0.3805218343079103	1.0	1.0	J	Translation, ribosomal structure and biogenesis	INFORMATION STORAGE AND PROCESSING
COG2044	0.0	11347.0	28.0	191500.0	0.0	0.0001462140992167102	0.0	0.4041306371723651	0.3805218343079103	1.0	1.0	R	General function prediction only	POORLY CHARACTERIZED
COG0093	0.0	11347.0	27.0	191500.0	0.0	0.00014099216710182768	0.0	0.4013835955178875	0.3974547963183077	1.0	1.0	J	Translation, ribosomal structure and biogenesis	INFORMATION STORAGE AND PROCESSING
COG2963	0.0	11347.0	26.0	191500.0	0.0	0.00013577023498694517	0.0	0.3996171461308444	0.41532942072266665	1.0	1.0	X	Mobilome: prophages, transposons	CELLULAR PROCESSES AND SIGNALING
COG2522	0.0	11347.0	26.0	191500.0	0.0	0.00013577023498694517	0.0	0.3996171461308444	0.41532942072266665	1.0	1.0	K	Transcription	INFORMATION STORAGE AND PROCESSING
COG2163	0.0	11347.0	26.0	191500.0	0.0	0.00013577023498694517	0.0	0.3996171461308444	0.41532942072266665	1.0	1.0	J	Translation, ribosomal structure and biogenesis	INFORMATION STORAGE AND PROCESSING
COG2088	0.0	11347.0	22.0	191500.0	0.0	0.00011488250652741516	0.0	0.6325845281794075	0.4978344727515344	1.0	1.0	D	Cell cycle control, cell division, chromosome partitioning	CELLULAR PROCESSES AND SIGNALING
COG3364	0.0	11347.0	22.0	191500.0	0.0	0.00011488250652741516	0.0	0.6325845281794075	0.4978344727515344	1.0	1.0	R	General function prediction only	POORLY CHARACTERIZED
COG2098	0.0	11347.0	22.0	191500.0	0.0	0.00011488250652741516	0.0	0.6325845281794075	0.4978344727515344	1.0	1.0	H	Coenzyme transport and metabolism	METABOLISM
COG4829	0.0	11347.0	22.0	191500.0	0.0	0.00011488250652741516	0.0	0.6325845281794075	0.4978344727515344	1.0	1.0	Q	Secondary metabolites biosynthesis, transport and catabolism	METABOLISM
COG4003	0.0	11347.0	20.0	191500.0	0.0	0.00010443864229765012	0.0	0.6252298068758073	0.5470949414730969	1.0	1.0	S	Function unknown	POORLY CHARACTERIZED
COG2359	0.0	11347.0	20.0	191500.0	0.0	0.00010443864229765012	0.0	0.6252298068758073	0.5470949414730969	1.0	1.0	S	Function unknown	POORLY CHARACTERIZED
COG2018	0.0	11347.0	19.0	191500.0	0.0	9.921671018276761e-05	0.0	0.6228721535626403	0.574175610960797	1.0	1.0	T	Signal transduction mechanisms	CELLULAR PROCESSES AND SIGNALING
COG0139	0.0	11347.0	17.0	191500.0	0.0	8.877284595300259e-05	0.0	0.6213975260071765	0.6341004093976617	1.0	1.0	E	Amino acid transport and metabolism	METABOLISM
COG1733	0.0	11347.0	16.0	191500.0	0.0	8.355091383812011e-05	0.0	1.0	0.667375097396237	1.0	1.0	K	Transcription	INFORMATION STORAGE AND PROCESSING
COG4551	0.0	11347.0	16.0	191500.0	0.0	8.355091383812011e-05	0.0	1.0	0.667375097396237	1.0	1.0	R	General function prediction only	POORLY CHARACTERIZED
COG1382	0.0	11347.0	15.0	191500.0	0.0	7.83289817232376e-05	0.0	1.0	0.7032083396918438	1.0	1.0	O	Posttranslational modification, protein turnover, chaperones	CELLULAR PROCESSES AND SIGNALING
COG4877	0.0	11347.0	15.0	191500.0	0.0	7.83289817232376e-05	0.0	1.0	0.7032083396918438	1.0	1.0	S	Function unknown	POORLY CHARACTERIZED
COG3077	0.0	11347.0	15.0	191500.0	0.0	7.83289817232376e-05	0.0	1.0	0.7032083396918438	1.0	1.0	V	Defense mechanisms	CELLULAR PROCESSES AND SIGNALING
COG1654	0.0	11347.0	14.0	191500.0	0.0	7.310704960835509e-05	0.0	1.0	0.7419248369701839	1.0	1.0	K	Transcription	INFORMATION STORAGE AND PROCESSING
COG2924	0.0	11347.0	13.0	191500.0	0.0	6.788511749347258e-05	0.0	1.0	0.7839149050302117	1.0	1.0	PO		
COG2033	0.0	11347.0	13.0	191500.0	0.0	6.788511749347258e-05	0.0	1.0	0.7839149050302117	1.0	1.0	C	Energy production and conversion	METABOLISM
COG3592	0.0	11347.0	13.0	191500.0	0.0	6.788511749347258e-05	0.0	1.0	0.7839149050302117	1.0	1.0	S	Function unknown	POORLY CHARACTERIZED
COG3189	0.0	11347.0	13.0	191500.0	0.0	6.788511749347258e-05	0.0	1.0	0.7839149050302117	1.0	1.0	S	Function unknown	POORLY CHARACTERIZED
COG2920	0.0	11347.0	12.0	191500.0	0.0	6.266318537859008e-05	0.0	1.0	0.8296534538919312	1.0	1.0	J	Translation, ribosomal structure and biogenesis	INFORMATION STORAGE AND PROCESSING
COG3373	0.0	11347.0	12.0	191500.0	0.0	6.266318537859008e-05	0.0	1.0	0.8296534538919312	1.0	1.0	K	Transcription	INFORMATION STORAGE AND PROCESSING
COG1846	0.0	11347.0	12.0	191500.0	0.0	6.266318537859008e-05	0.0	1.0	0.8296534538919312	1.0	1.0	K	Transcription	INFORMATION STORAGE AND PROCESSING
COG1923	0.0	11347.0	10.0	191500.0	0.0	5.221932114882506e-05	0.0	1.0	0.9348666331260914	1.0	1.0	T	Signal transduction mechanisms	CELLULAR PROCESSES AND SIGNALING
COG0784	0.0	11347.0	10.0	191500.0	0.0	5.221932114882506e-05	0.0	1.0	0.9348666331260914	1.0	1.0	T	Signal transduction mechanisms	CELLULAR PROCESSES AND SIGNALING
COG3549	0.0	11347.0	10.0	191500.0	0.0	5.221932114882506e-05	0.0	1.0	0.9348666331260914	1.0	1.0	V	Defense mechanisms	CELLULAR PROCESSES AND SIGNALING
COG1551	0.0	11347.0	9.0	191500.0	0.0	4.6997389033942557e-05	0.0	1.0	0.9960089291947472	1.0	1.0	T	Signal transduction mechanisms	CELLULAR PROCESSES AND SIGNALING
COG3113	0.0	11347.0	9.0	191500.0	0.0	4.6997389033942557e-05	0.0	1.0	0.9960089291947472	1.0	1.0	M	Cell wall/membrane/envelope biogenesis	CELLULAR PROCESSES AND SIGNALING
COG4049	0.0	11347.0	9.0	191500.0	0.0	4.6997389033942557e-05	0.0	1.0	0.9960089291947472	1.0	1.0	R	General function prediction only	POORLY CHARACTERIZED
COG3848	0.0	11347.0	9.0	191500.0	0.0	4.6997389033942557e-05	0.0	1.0	0.9960089291947472	1.0	1.0	T	Signal transduction mechanisms	CELLULAR PROCESSES AND SIGNALING
COG5216	0.0	11347.0	9.0	191500.0	0.0	4.6997389033942557e-05	0.0	1.0	0.9960089291947472	1.0	1.0			
COG3052	0.0	11347.0	9.0	191500.0	0.0	4.6997389033942557e-05	0.0	1.0	0.9960089291947472	1.0	1.0	C	Energy production and conversion	METABOLISM
COG5513	0.0	11347.0	9.0	191500.0	0.0	4.6997389033942557e-05	0.0	1.0	0.9960089291947472	1.0	1.0	O	Posttranslational modification, protein turnover, chaperones	CELLULAR PROCESSES AND SIGNALING
COG3937	0.0	11347.0	9.0	191500.0	0.0	4.6997389033942557e-05	0.0	1.0	0.9960089291947472	1.0	1.0	QT		
COG4718	0.0	11347.0	9.0	191500.0	0.0	4.6997389033942557e-05	0.0	1.0	0.9960089291947472	1.0	1.0	X	Mobilome: prophages, transposons	CELLULAR PROCESSES AND SIGNALING
COG4844	0.0	11347.0	8.0	191500.0	0.0	4.1775456919060055e-05	0.0	1.0	1.0	1.0	1.0	S	Function unknown	POORLY CHARACTERIZED
COG5561	0.0	11347.0	8.0	191500.0	0.0	4.1775456919060055e-05	0.0	1.0	1.0	1.0	1.0	S	Function unknown	POORLY CHARACTERIZED
COG2445	0.0	11347.0	8.0	191500.0	0.0	4.1775456919060055e-05	0.0	1.0	1.0	1.0	1.0	R	General function prediction only	POORLY CHARACTERIZED
COG1708	0.0	11347.0	8.0	191500.0	0.0	4.1775456919060055e-05	0.0	1.0	1.0	1.0	1.0	R	General function prediction only	POORLY CHARACTERIZED
COG4456	0.0	11347.0	8.0	191500.0	0.0	4.1775456919060055e-05	0.0	1.0	1.0	1.0	1.0	S	Function unknown	POORLY CHARACTERIZED
COG2923	0.0	11347.0	8.0	191500.0	0.0	4.1775456919060055e-05	0.0	1.0	1.0	1.0	1.0	J	Translation, ribosomal structure and biogenesis	INFORMATION STORAGE AND PROCESSING
COG2164	0.0	11347.0	7.0	191500.0	0.0	3.6553524804177546e-05	0.0	1.0	1.0	1.0	1.0	R	General function prediction only	POORLY CHARACTERIZED
COG5646	0.0	11347.0	7.0	191500.0	0.0	3.6553524804177546e-05	0.0	1.0	1.0	1.0	1.0	OP		
COG3798	0.0	11347.0	7.0	191500.0	0.0	3.6553524804177546e-05	0.0	1.0	1.0	1.0	1.0	S	Function unknown	POORLY CHARACTERIZED
COG3628	0.0	11347.0	7.0	191500.0	0.0	3.6553524804177546e-05	0.0	1.0	1.0	1.0	1.0	X	Mobilome: prophages, transposons	CELLULAR PROCESSES AND SIGNALING
COG2811	0.0	11347.0	6.0	191500.0	0.0	3.133159268929504e-05	0.0	1.0	1.0	1.0	1.0	C	Energy production and conversion	METABOLISM
COG3370	0.0	11347.0	6.0	191500.0	0.0	3.133159268929504e-05	0.0	1.0	1.0	1.0	1.0	R	General function prediction only	POORLY CHARACTERIZED
COG0375	0.0	11347.0	6.0	191500.0	0.0	3.133159268929504e-05	0.0	1.0	1.0	1.0	1.0	O	Posttranslational modification, protein turnover, chaperones	CELLULAR PROCESSES AND SIGNALING
COG5123	0.0	11347.0	6.0	191500.0	0.0	3.133159268929504e-05	0.0	1.0	1.0	1.0	1.0			
COG3831	0.0	11347.0	6.0	191500.0	0.0	3.133159268929504e-05	0.0	1.0	1.0	1.0	1.0	K	Transcription	INFORMATION STORAGE AND PROCESSING
COG0662	0.0	11347.0	6.0	191500.0	0.0	3.133159268929504e-05	0.0	1.0	1.0	1.0	1.0	G	Carbohydrate transport and metabolism	METABOLISM
COG3365	0.0	11347.0	6.0	191500.0	0.0	3.133159268929504e-05	0.0	1.0	1.0	1.0	1.0	S	Function unknown	POORLY CHARACTERIZED
COG2210	0.0	11347.0	6.0	191500.0	0.0	3.133159268929504e-05	0.0	1.0	1.0	1.0	1.0	C	Energy production and conversion	METABOLISM
COG4847	0.0	11347.0	5.0	191500.0	0.0	2.610966057441253e-05	0.0	1.0	1.0	1.0	1.0	S	Function unknown	POORLY CHARACTERIZED
COG3070	0.0	11347.0	5.0	191500.0	0.0	2.610966057441253e-05	0.0	1.0	1.0	1.0	1.0	K	Transcription	INFORMATION STORAGE AND PROCESSING
COG0526	0.0	11347.0	5.0	191500.0	0.0	2.610966057441253e-05	0.0	1.0	1.0	1.0	1.0	O	Posttranslational modification, protein turnover, chaperones	CELLULAR PROCESSES AND SIGNALING
COG4309	0.0	11347.0	5.0	191500.0	0.0	2.610966057441253e-05	0.0	1.0	1.0	1.0	1.0	R	General function prediction only	POORLY CHARACTERIZED
COG0346	0.0	11347.0	5.0	191500.0	0.0	2.610966057441253e-05	0.0	1.0	1.0	1.0	1.0	Q	Secondary metabolites biosynthesis, transport and catabolism	METABOLISM
COG3355	0.0	11347.0	5.0	191500.0	0.0	2.610966057441253e-05	0.0	1.0	1.0	1.0	1.0	K	Transcription	INFORMATION STORAGE AND PROCESSING
COG0268	0.0	11347.0	5.0	191500.0	0.0	2.610966057441253e-05	0.0	1.0	1.0	1.0	1.0	J	Translation, ribosomal structure and biogenesis	INFORMATION STORAGE AND PROCESSING
COG3093	0.0	11347.0	5.0	191500.0	0.0	2.610966057441253e-05	0.0	1.0	1.0	1.0	1.0	V	Defense mechanisms	CELLULAR PROCESSES AND SIGNALING
COG3729	0.0	11347.0	5.0	191500.0	0.0	2.610966057441253e-05	0.0	1.0	1.0	1.0	1.0	R	General function prediction only	POORLY CHARACTERIZED
COG2921	0.0	11347.0	5.0	191500.0	0.0	2.610966057441253e-05	0.0	1.0	1.0	1.0	1.0	T	Signal transduction mechanisms	CELLULAR PROCESSES AND SIGNALING
COG0736	0.0	11347.0	4.0	191500.0	0.0	2.0887728459530027e-05	0.0	1.0	1.0	1.0	1.0	I	Lipid transport and metabolism	METABOLISM
COG5570	0.0	11347.0	4.0	191500.0	0.0	2.0887728459530027e-05	0.0	1.0	1.0	1.0	1.0	S	Function unknown	POORLY CHARACTERIZED
COG3324	0.0	11347.0	4.0	191500.0	0.0	2.0887728459530027e-05	0.0	1.0	1.0	1.0	1.0	R	General function prediction only	POORLY CHARACTERIZED
COG0759	0.0	11347.0	4.0	191500.0	0.0	2.0887728459530027e-05	0.0	1.0	1.0	1.0	1.0	M	Cell wall/membrane/envelope biogenesis	CELLULAR PROCESSES AND SIGNALING
COG1943	0.0	11347.0	3.0	191500.0	0.0	1.566579634464752e-05	0.0	1.0	1.0	1.0	1.0	X	Mobilome: prophages, transposons	CELLULAR PROCESSES AND SIGNALING
COG0227	0.0	11347.0	3.0	191500.0	0.0	1.566579634464752e-05	0.0	1.0	1.0	1.0	1.0	J	Translation, ribosomal structure and biogenesis	INFORMATION STORAGE AND PROCESSING
COG4680	0.0	11347.0	3.0	191500.0	0.0	1.566579634464752e-05	0.0	1.0	1.0	1.0	1.0	JV		
COG5481	0.0	11347.0	3.0	191500.0	0.0	1.566579634464752e-05	0.0	1.0	1.0	1.0	1.0	S	Function unknown	POORLY CHARACTERIZED
COG1645	0.0	11347.0	3.0	191500.0	0.0	1.566579634464752e-05	0.0	1.0	1.0	1.0	1.0	R	General function prediction only	POORLY CHARACTERIZED
COG5045	0.0	11347.0	3.0	191500.0	0.0	1.566579634464752e-05	0.0	1.0	1.0	1.0	1.0			
COG4357	0.0	11347.0	3.0	191500.0	0.0	1.566579634464752e-05	0.0	1.0	1.0	1.0	1.0	S	Function unknown	POORLY CHARACTERIZED
COG2105	0.0	11347.0	3.0	191500.0	0.0	1.566579634464752e-05	0.0	1.0	1.0	1.0	1.0	E	Amino acid transport and metabolism	METABOLISM
COG4391	0.0	11347.0	3.0	191500.0	0.0	1.566579634464752e-05	0.0	1.0	1.0	1.0	1.0	S	Function unknown	POORLY CHARACTERIZED
COG1848	0.0	11347.0	3.0	191500.0	0.0	1.566579634464752e-05	0.0	1.0	1.0	1.0	1.0	V	Defense mechanisms	CELLULAR PROCESSES AND SIGNALING
COG1504	0.0	11347.0	3.0	191500.0	0.0	1.566579634464752e-05	0.0	1.0	1.0	1.0	1.0	S	Function unknown	POORLY CHARACTERIZED
COG0394	0.0	11347.0	3.0	191500.0	0.0	1.566579634464752e-05	0.0	1.0	1.0	1.0	1.0	T	Signal transduction mechanisms	CELLULAR PROCESSES AND SIGNALING
COG4576	0.0	11347.0	3.0	191500.0	0.0	1.566579634464752e-05	0.0	1.0	1.0	1.0	1.0	QC		
COG5583	0.0	11347.0	3.0	191500.0	0.0	1.566579634464752e-05	0.0	1.0	1.0	1.0	1.0	S	Function unknown	POORLY CHARACTERIZED
COG1841	0.0	11347.0	3.0	191500.0	0.0	1.566579634464752e-05	0.0	1.0	1.0	1.0	1.0	J	Translation, ribosomal structure and biogenesis	INFORMATION STORAGE AND PROCESSING
COG2764	0.0	11347.0	3.0	191500.0	0.0	1.566579634464752e-05	0.0	1.0	1.0	1.0	1.0	C	Energy production and conversion	METABOLISM
COG3313	0.0	11347.0	3.0	191500.0	0.0	1.566579634464752e-05	0.0	1.0	1.0	1.0	1.0	R	General function prediction only	POORLY CHARACTERIZED
COG3794	0.0	11347.0	3.0	191500.0	0.0	1.566579634464752e-05	0.0	1.0	1.0	1.0	1.0	C	Energy production and conversion	METABOLISM
COG5194	0.0	11347.0	3.0	191500.0	0.0	1.566579634464752e-05	0.0	1.0	1.0	1.0	1.0			
COG1047	0.0	11347.0	3.0	191500.0	0.0	1.566579634464752e-05	0.0	1.0	1.0	1.0	1.0	O	Posttranslational modification, protein turnover, chaperones	CELLULAR PROCESSES AND SIGNALING
COG3450	0.0	11347.0	3.0	191500.0	0.0	1.566579634464752e-05	0.0	1.0	1.0	1.0	1.0	R	General function prediction only	POORLY CHARACTERIZED
COG1582	0.0	11347.0	3.0	191500.0	0.0	1.566579634464752e-05	0.0	1.0	1.0	1.0	1.0	N	Cell motility	CELLULAR PROCESSES AND SIGNALING
COG0238	0.0	11347.0	3.0	191500.0	0.0	1.566579634464752e-05	0.0	1.0	1.0	1.0	1.0	J	Translation, ribosomal structure and biogenesis	INFORMATION STORAGE AND PROCESSING
COG1430	0.0	11347.0	3.0	191500.0	0.0	1.566579634464752e-05	0.0	1.0	1.0	1.0	1.0	S	Function unknown	POORLY CHARACTERIZED
COG1416	0.0	11347.0	2.0	191500.0	0.0	1.0443864229765014e-05	0.0	1.0	1.0	1.0	1.0	P	Inorganic ion transport and metabolism	METABOLISM
COG0789	0.0	11347.0	2.0	191500.0	0.0	1.0443864229765014e-05	0.0	1.0	1.0	1.0	1.0	K	Transcription	INFORMATION STORAGE AND PROCESSING
COG2732	0.0	11347.0	2.0	191500.0	0.0	1.0443864229765014e-05	0.0	1.0	1.0	1.0	1.0	K	Transcription	INFORMATION STORAGE AND PROCESSING
COG2127	0.0	11347.0	2.0	191500.0	0.0	1.0443864229765014e-05	0.0	1.0	1.0	1.0	1.0	O	Posttranslational modification, protein turnover, chaperones	CELLULAR PROCESSES AND SIGNALING
COG3978	0.0	11347.0	2.0	191500.0	0.0	1.0443864229765014e-05	0.0	1.0	1.0	1.0	1.0	E	Amino acid transport and metabolism	METABOLISM
COG1727	0.0	11347.0	2.0	191500.0	0.0	1.0443864229765014e-05	0.0	1.0	1.0	1.0	1.0	J	Translation, ribosomal structure and biogenesis	INFORMATION STORAGE AND PROCESSING
COG5302	0.0	11347.0	2.0	191500.0	0.0	1.0443864229765014e-05	0.0	1.0	1.0	1.0	1.0	X	Mobilome: prophages, transposons	CELLULAR PROCESSES AND SIGNALING
COG4683	0.0	11347.0	2.0	191500.0	0.0	1.0443864229765014e-05	0.0	1.0	1.0	1.0	1.0	S	Function unknown	POORLY CHARACTERIZED
COG0853	0.0	11347.0	2.0	191500.0	0.0	1.0443864229765014e-05	0.0	1.0	1.0	1.0	1.0	H	Coenzyme transport and metabolism	METABOLISM
COG4479	0.0	11347.0	2.0	191500.0	0.0	1.0443864229765014e-05	0.0	1.0	1.0	1.0	1.0	S	Function unknown	POORLY CHARACTERIZED
COG3423	0.0	11347.0	2.0	191500.0	0.0	1.0443864229765014e-05	0.0	1.0	1.0	1.0	1.0	K	Transcription	INFORMATION STORAGE AND PROCESSING
COG0333	0.0	11347.0	2.0	191500.0	0.0	1.0443864229765014e-05	0.0	1.0	1.0	1.0	1.0	J	Translation, ribosomal structure and biogenesis	INFORMATION STORAGE AND PROCESSING
COG5304	0.0	11347.0	2.0	191500.0	0.0	1.0443864229765014e-05	0.0	1.0	1.0	1.0	1.0	K	Transcription	INFORMATION STORAGE AND PROCESSING
COG3024	0.0	11347.0	2.0	191500.0	0.0	1.0443864229765014e-05	0.0	1.0	1.0	1.0	1.0	L	Replication, recombination and repair	INFORMATION STORAGE AND PROCESSING
COG4691	0.0	11347.0	2.0	191500.0	0.0	1.0443864229765014e-05	0.0	1.0	1.0	1.0	1.0	V	Defense mechanisms	CELLULAR PROCESSES AND SIGNALING
COG4043	0.0	11347.0	2.0	191500.0	0.0	1.0443864229765014e-05	0.0	1.0	1.0	1.0	1.0	R	General function prediction only	POORLY CHARACTERIZED
COG5565	0.0	11347.0	2.0	191500.0	0.0	1.0443864229765014e-05	0.0	1.0	1.0	1.0	1.0	X	Mobilome: prophages, transposons	CELLULAR PROCESSES AND SIGNALING
COG4118	0.0	11347.0	2.0	191500.0	0.0	1.0443864229765014e-05	0.0	1.0	1.0	1.0	1.0	V	Defense mechanisms	CELLULAR PROCESSES AND SIGNALING
COG5475	0.0	11347.0	2.0	191500.0	0.0	1.0443864229765014e-05	0.0	1.0	1.0	1.0	1.0	S	Function unknown	POORLY CHARACTERIZED
COG5614	0.0	11347.0	2.0	191500.0	0.0	1.0443864229765014e-05	0.0	1.0	1.0	1.0	1.0	X	Mobilome: prophages, transposons	CELLULAR PROCESSES AND SIGNALING
COG5417	0.0	11347.0	2.0	191500.0	0.0	1.0443864229765014e-05	0.0	1.0	1.0	1.0	1.0	U	Intracellular trafficking, secretion, and vesicular transport	CELLULAR PROCESSES AND SIGNALING
COG4416	0.0	11347.0	2.0	191500.0	0.0	1.0443864229765014e-05	0.0	1.0	1.0	1.0	1.0	X	Mobilome: prophages, transposons	CELLULAR PROCESSES AND SIGNALING
COG1591	0.0	11347.0	2.0	191500.0	0.0	1.0443864229765014e-05	0.0	1.0	1.0	1.0	1.0	L	Replication, recombination and repair	INFORMATION STORAGE AND PROCESSING
COG1885	0.0	11347.0	2.0	191500.0	0.0	1.0443864229765014e-05	0.0	1.0	1.0	1.0	1.0	S	Function unknown	POORLY CHARACTERIZED
COG0230	0.0	11347.0	2.0	191500.0	0.0	1.0443864229765014e-05	0.0	1.0	1.0	1.0	1.0	J	Translation, ribosomal structure and biogenesis	INFORMATION STORAGE AND PROCESSING
COG4679	0.0	11347.0	1.0	191500.0	0.0	5.221932114882507e-06	0.0	1.0	1.0	1.0	1.0	X	Mobilome: prophages, transposons	CELLULAR PROCESSES AND SIGNALING
COG3584	0.0	11347.0	1.0	191500.0	0.0	5.221932114882507e-06	0.0	1.0	1.0	1.0	1.0	S	Function unknown	POORLY CHARACTERIZED
COG5431	0.0	11347.0	1.0	191500.0	0.0	5.221932114882507e-06	0.0	1.0	1.0	1.0	1.0	R	General function prediction only	POORLY CHARACTERIZED
COG3254	0.0	11347.0	1.0	191500.0	0.0	5.221932114882507e-06	0.0	1.0	1.0	1.0	1.0	M	Cell wall/membrane/envelope biogenesis	CELLULAR PROCESSES AND SIGNALING
COG3062	0.0	11347.0	1.0	191500.0	0.0	5.221932114882507e-06	0.0	1.0	1.0	1.0	1.0	O	Posttranslational modification, protein turnover, chaperones	CELLULAR PROCESSES AND SIGNALING
COG0727	0.0	11347.0	1.0	191500.0	0.0	5.221932114882507e-06	0.0	1.0	1.0	1.0	1.0	R	General function prediction only	POORLY CHARACTERIZED
COG3750	0.0	11347.0	1.0	191500.0	0.0	5.221932114882507e-06	0.0	1.0	1.0	1.0	1.0	S	Function unknown	POORLY CHARACTERIZED
COG2739	0.0	11347.0	1.0	191500.0	0.0	5.221932114882507e-06	0.0	1.0	1.0	1.0	1.0	K	Transcription	INFORMATION STORAGE AND PROCESSING
COG2158	0.0	11347.0	1.0	191500.0	0.0	5.221932114882507e-06	0.0	1.0	1.0	1.0	1.0	R	General function prediction only	POORLY CHARACTERIZED
COG4570	0.0	11347.0	1.0	191500.0	0.0	5.221932114882507e-06	0.0	1.0	1.0	1.0	1.0	L	Replication, recombination and repair	INFORMATION STORAGE AND PROCESSING
COG0824	0.0	11347.0	1.0	191500.0	0.0	5.221932114882507e-06	0.0	1.0	1.0	1.0	1.0	I	Lipid transport and metabolism	METABOLISM
COG0605	0.0	11347.0	1.0	191500.0	0.0	5.221932114882507e-06	0.0	1.0	1.0	1.0	1.0	P	Inorganic ion transport and metabolism	METABOLISM
COG5425	0.0	11347.0	1.0	191500.0	0.0	5.221932114882507e-06	0.0	1.0	1.0	1.0	1.0	S	Function unknown	POORLY CHARACTERIZED
COG5457	0.0	11347.0	1.0	191500.0	0.0	5.221932114882507e-06	0.0	1.0	1.0	1.0	1.0	S	Function unknown	POORLY CHARACTERIZED
COG3089	0.0	11347.0	1.0	191500.0	0.0	5.221932114882507e-06	0.0	1.0	1.0	1.0	1.0	S	Function unknown	POORLY CHARACTERIZED
COG3631	0.0	11347.0	1.0	191500.0	0.0	5.221932114882507e-06	0.0	1.0	1.0	1.0	1.0	R	General function prediction only	POORLY CHARACTERIZED
COG4738	0.0	11347.0	1.0	191500.0	0.0	5.221932114882507e-06	0.0	1.0	1.0	1.0	1.0	K	Transcription	INFORMATION STORAGE AND PROCESSING
COG2944	0.0	11347.0	1.0	191500.0	0.0	5.221932114882507e-06	0.0	1.0	1.0	1.0	1.0	K	Transcription	INFORMATION STORAGE AND PROCESSING
COG0720	0.0	11347.0	1.0	191500.0	0.0	5.221932114882507e-06	0.0	1.0	1.0	1.0	1.0	H	Coenzyme transport and metabolism	METABOLISM
COG0512	0.0	11347.0	1.0	191500.0	0.0	5.221932114882507e-06	0.0	1.0	1.0	1.0	1.0	EH		
COG5515	0.0	11347.0	1.0	191500.0	0.0	5.221932114882507e-06	0.0	1.0	1.0	1.0	1.0	S	Function unknown	POORLY CHARACTERIZED
COG1917	0.0	11347.0	1.0	191500.0	0.0	5.221932114882507e-06	0.0	1.0	1.0	1.0	1.0	R	General function prediction only	POORLY CHARACTERIZED
COG1539	0.0	11347.0	1.0	191500.0	0.0	5.221932114882507e-06	0.0	1.0	1.0	1.0	1.0	H	Coenzyme transport and metabolism	METABOLISM
COG4837	0.0	11347.0	1.0	191500.0	0.0	5.221932114882507e-06	0.0	1.0	1.0	1.0	1.0	O	Posttranslational modification, protein turnover, chaperones	CELLULAR PROCESSES AND SIGNALING
COG1717	0.0	11347.0	1.0	191500.0	0.0	5.221932114882507e-06	0.0	1.0	1.0	1.0	1.0	J	Translation, ribosomal structure and biogenesis	INFORMATION STORAGE AND PROCESSING
COG5507	0.0	11347.0	1.0	191500.0	0.0	5.221932114882507e-06	0.0	1.0	1.0	1.0	1.0	S	Function unknown	POORLY CHARACTERIZED
COG4831	0.0	11347.0	1.0	191500.0	0.0	5.221932114882507e-06	0.0	1.0	1.0	1.0	1.0	T	Signal transduction mechanisms	CELLULAR PROCESSES AND SIGNALING
COG2852	0.0	11347.0	1.0	191500.0	0.0	5.221932114882507e-06	0.0	1.0	1.0	1.0	1.0	L	Replication, recombination and repair	INFORMATION STORAGE AND PROCESSING
COG2914	0.0	11347.0	1.0	191500.0	0.0	5.221932114882507e-06	0.0	1.0	1.0	1.0	1.0	V	Defense mechanisms	CELLULAR PROCESSES AND SIGNALING
COG1695	0.0	11347.0	1.0	191500.0	0.0	5.221932114882507e-06	0.0	1.0	1.0	1.0	1.0	K	Transcription	INFORMATION STORAGE AND PROCESSING
COG5004	0.0	11347.0	1.0	191500.0	0.0	5.221932114882507e-06	0.0	1.0	1.0	1.0	1.0	X	Mobilome: prophages, transposons	CELLULAR PROCESSES AND SIGNALING
COG5439	0.0	11347.0	1.0	191500.0	0.0	5.221932114882507e-06	0.0	1.0	1.0	1.0	1.0	R	General function prediction only	POORLY CHARACTERIZED
COG0197	0.0	11347.0	1.0	191500.0	0.0	5.221932114882507e-06	0.0	1.0	1.0	1.0	1.0	J	Translation, ribosomal structure and biogenesis	INFORMATION STORAGE AND PROCESSING
COG0257	0.0	11347.0	1.0	191500.0	0.0	5.221932114882507e-06	0.0	1.0	1.0	1.0	1.0	J	Translation, ribosomal structure and biogenesis	INFORMATION STORAGE AND PROCESSING
COG1019	0.0	11347.0	1.0	191500.0	0.0	5.221932114882507e-06	0.0	1.0	1.0	1.0	1.0	H	Coenzyme transport and metabolism	METABOLISM
COG2052	0.0	11347.0	1.0	191500.0	0.0	5.221932114882507e-06	0.0	1.0	1.0	1.0	1.0	M	Cell wall/membrane/envelope biogenesis	CELLULAR PROCESSES AND SIGNALING
COG3860	0.0	11347.0	1.0	191500.0	0.0	5.221932114882507e-06	0.0	1.0	1.0	1.0	1.0	S	Function unknown	POORLY CHARACTERIZED
COG5649	0.0	11347.0	1.0	191500.0	0.0	5.221932114882507e-06	0.0	1.0	1.0	1.0	1.0	S	Function unknown	POORLY CHARACTERIZED
COG4423	0.0	11347.0	1.0	191500.0	0.0	5.221932114882507e-06	0.0	1.0	1.0	1.0	1.0	S	Function unknown	POORLY CHARACTERIZED
COG0589	0.0	11347.0	1.0	191500.0	0.0	5.221932114882507e-06	0.0	1.0	1.0	1.0	1.0	T	Signal transduction mechanisms	CELLULAR PROCESSES AND SIGNALING
COG3323	0.0	11347.0	1.0	191500.0	0.0	5.221932114882507e-06	0.0	1.0	1.0	1.0	1.0	S	Function unknown	POORLY CHARACTERIZED
COG4352	0.0	11347.0	1.0	191500.0	0.0	5.221932114882507e-06	0.0	1.0	1.0	1.0	1.0	J	Translation, ribosomal structure and biogenesis	INFORMATION STORAGE AND PROCESSING
COG0360	0.0	11347.0	1.0	191500.0	0.0	5.221932114882507e-06	0.0	1.0	1.0	1.0	1.0	J	Translation, ribosomal structure and biogenesis	INFORMATION STORAGE AND PROCESSING
COG1225	0.0	11347.0	1.0	191500.0	0.0	5.221932114882507e-06	0.0	1.0	1.0	1.0	1.0	O	Posttranslational modification, protein turnover, chaperones	CELLULAR PROCESSES AND SIGNALING
COG2250	0.0	11347.0	1.0	191500.0	0.0	5.221932114882507e-06	0.0	1.0	1.0	1.0	1.0	V	Defense mechanisms	CELLULAR PROCESSES AND SIGNALING
COG1098	0.0	11347.0	1.0	191500.0	0.0	5.221932114882507e-06	0.0	1.0	1.0	1.0	1.0	R	General function prediction only	POORLY CHARACTERIZED
COG3097	0.0	11347.0	1.0	191500.0	0.0	5.221932114882507e-06	0.0	1.0	1.0	1.0	1.0	S	Function unknown	POORLY CHARACTERIZED
COG1528	0.0	11347.0	1.0	191500.0	0.0	5.221932114882507e-06	0.0	1.0	1.0	1.0	1.0	P	Inorganic ion transport and metabolism	METABOLISM
COG2427	0.0	11347.0	1.0	191500.0	0.0	5.221932114882507e-06	0.0	1.0	1.0	1.0	1.0	S	Function unknown	POORLY CHARACTERIZED
COG1658	0.0	11347.0	1.0	191500.0	0.0	5.221932114882507e-06	0.0	1.0	1.0	1.0	1.0	J	Translation, ribosomal structure and biogenesis	INFORMATION STORAGE AND PROCESSING
COG4075	0.0	11347.0	1.0	191500.0	0.0	5.221932114882507e-06	0.0	1.0	1.0	1.0	1.0	S	Function unknown	POORLY CHARACTERIZED
COG0851	0.0	11347.0	1.0	191500.0	0.0	5.221932114882507e-06	0.0	1.0	1.0	1.0	1.0	D	Cell cycle control, cell division, chromosome partitioning	CELLULAR PROCESSES AND SIGNALING
COG4311	0.0	11347.0	1.0	191500.0	0.0	5.221932114882507e-06	0.0	1.0	1.0	1.0	1.0	E	Amino acid transport and metabolism	METABOLISM
COG0251	0.0	11347.0	1.0	191500.0	0.0	5.221932114882507e-06	0.0	1.0	1.0	1.0	1.0	V	Defense mechanisms	CELLULAR PROCESSES AND SIGNALING
COG4481	0.0	11347.0	1.0	191500.0	0.0	5.221932114882507e-06	0.0	1.0	1.0	1.0	1.0	S	Function unknown	POORLY CHARACTERIZED
COG3795	0.0	11347.0	1.0	191500.0	0.0	5.221932114882507e-06	0.0	1.0	1.0	1.0	1.0	Q	Secondary metabolites biosynthesis, transport and catabolism	METABOLISM
COG3784	0.0	11347.0	1.0	191500.0	0.0	5.221932114882507e-06	0.0	1.0	1.0	1.0	1.0	S	Function unknown	POORLY CHARACTERIZED
COG0267	0.0	11347.0	1.0	191500.0	0.0	5.221932114882507e-06	0.0	1.0	1.0	1.0	1.0	J	Translation, ribosomal structure and biogenesis	INFORMATION STORAGE AND PROCESSING
COG0228	0.0	11347.0	1.0	191500.0	0.0	5.221932114882507e-06	0.0	1.0	1.0	1.0	1.0	J	Translation, ribosomal structure and biogenesis	INFORMATION STORAGE AND PROCESSING
COG5051	0.0	11347.0	1.0	191500.0	0.0	5.221932114882507e-06	0.0	1.0	1.0	1.0	1.0			
