accession	arc_trans_count	arc_trans_all	arc_not_trans_count	arc_not_trans_all	arc_trans_proportion	arc_not_trans_proportion	arc_trans_fold_change	arc_p_fisher	arc_p_chi2	p_adjusted_fisher	p_adjusted_chi2	category	description	process	class
COG4023	2105.0	11347.0	74.0	191500.0	18.55115889662466	0.03864229765013055	480.0739092842732	0.0	0.0	0.0	0.0	U	Intracellular trafficking, secretion, and vesicular transport	CELLULAR PROCESSES AND SIGNALING	CELLULAR PROCESSES AND SIGNALING
COG2443	1393.0	11347.0	0.0	191500.0	12.276372609500308	0.0	inf	0.0	0.0	0.0	0.0	U	Intracellular trafficking, secretion, and vesicular transport	CELLULAR PROCESSES AND SIGNALING	CELLULAR PROCESSES AND SIGNALING
COG4095	1371.0	11347.0	0.0	191500.0	12.082488763549835	0.0	inf	0.0	0.0	0.0	0.0	G	Carbohydrate transport and metabolism	METABOLISM	METABOLISM
COG0636	749.0	11347.0	0.0	191500.0	6.600863664404688	0.0	inf	0.0	0.0	0.0	0.0	C	Energy production and conversion	METABOLISM	METABOLISM
COG4068	733.0	11347.0	0.0	191500.0	6.459857230986164	0.0	inf	0.0	0.0	0.0	0.0	R	General function prediction only	POORLY CHARACTERIZED	POORLY CHARACTERIZED
COG2212	653.0	11347.0	0.0	191500.0	5.75482506389354	0.0	inf	0.0	0.0	0.0	0.0	P	Inorganic ion transport and metabolism	METABOLISM	METABOLISM
COG1563	449.0	11347.0	0.0	191500.0	3.95699303780735	0.0	inf	0.0	0.0	0.0	0.0	R	General function prediction only	POORLY CHARACTERIZED	POORLY CHARACTERIZED
COG2034	367.0	11347.0	0.0	191500.0	3.234335066537411	0.0	inf	0.0	0.0	0.0	0.0	S	Function unknown	POORLY CHARACTERIZED	POORLY CHARACTERIZED
COG3326	303.0	11347.0	0.0	191500.0	2.6703093328633116	0.0	inf	0.0	0.0	0.0	0.0	S	Function unknown	POORLY CHARACTERIZED	POORLY CHARACTERIZED
COG1826	248.0	11347.0	40.0	191500.0	2.185599717987133	0.020887728459530023	104.635586498634	3.7384435455691725e-264	0.0	1.6822995955061274e-261	0.0	U	Intracellular trafficking, secretion, and vesicular transport	CELLULAR PROCESSES AND SIGNALING	CELLULAR PROCESSES AND SIGNALING
COG3205	205.0	11347.0	6.0	191500.0	1.806644928174848	0.0031331592689295036	576.6208395758057	2.6993907186365386e-247	0.0	1.2147258233864422e-244	0.0	S	Function unknown	POORLY CHARACTERIZED	POORLY CHARACTERIZED
COG4218	160.0	11347.0	0.0	191500.0	1.410064334185247	0.0	inf	1.4862546264605033e-201	0.0	6.6881458190722645e-199	0.0	H	Coenzyme transport and metabolism	METABOLISM	METABOLISM
COG4062	147.0	11347.0	0.0	191500.0	1.2954966070326959	0.0	inf	3.343614595413251e-185	0.0	1.504626567935963e-182	0.0	H	Coenzyme transport and metabolism	METABOLISM	METABOLISM
COG0713	144.0	11347.0	0.0	191500.0	1.2690579007667224	0.0	inf	1.9810872917102503e-181	0.0	8.914892812696126e-179	0.0	C	Energy production and conversion	METABOLISM	METABOLISM
COG4064	133.0	11347.0	0.0	191500.0	1.172115977791487	0.0	inf	1.3405147098416522e-167	0.0	6.032316194287438e-165	0.0	H	Coenzyme transport and metabolism	METABOLISM	METABOLISM
COG2155	125.0	11347.0	0.0	191500.0	1.1016127610822244	0.0	inf	1.523843581654338e-157	0.0	6.857296117444522e-155	0.0	S	Function unknown	POORLY CHARACTERIZED	POORLY CHARACTERIZED
COG1930	125.0	11347.0	0.0	191500.0	1.1016127610822244	0.0	inf	1.523843581654338e-157	0.0	6.857296117444522e-155	0.0	P	Inorganic ion transport and metabolism	METABOLISM	METABOLISM
COG4040	105.0	11347.0	0.0	191500.0	0.9253547193090685	0.0	inf	2.0505978812128212e-132	0.0	9.227690465457697e-130	0.0	C	Energy production and conversion	METABOLISM	METABOLISM
COG5625	93.0	11347.0	2.0	191500.0	0.819599894245175	0.0010443864229765013	784.766898739755	9.616128483917094e-114	0.0	4.327257817762692e-111	0.0	K	Transcription	INFORMATION STORAGE AND PROCESSING	INFORMATION STORAGE AND PROCESSING
COG5487	85.0	11347.0	0.0	191500.0	0.7490966775359127	0.0	inf	2.6682441566726798e-107	3.6697422726696e-310	1.2007098705027059e-104	1.6513840227013232e-307	S	Function unknown	POORLY CHARACTERIZED	POORLY CHARACTERIZED
COG4038	81.0	11347.0	0.0	191500.0	0.7138450691812814	0.0	inf	2.801209447099927e-102	1.7598577410787478e-295	1.2605442511949672e-99	7.919359834854366e-293	C	Energy production and conversion	METABOLISM	METABOLISM
COG4323	80.0	11347.0	0.0	191500.0	0.7050321670926235	0.0	inf	5.041207384125533e-101	8.235138994372833e-292	2.26854332285649e-98	3.7058125474677756e-289	S	Function unknown	POORLY CHARACTERIZED	POORLY CHARACTERIZED
COG2383	74.0	11347.0	0.0	191500.0	0.6521547545606768	0.0	inf	1.7096378566689384e-93	8.644572282840062e-270	7.69337035501022e-91	3.890057527278027e-267	S	Function unknown	POORLY CHARACTERIZED	POORLY CHARACTERIZED
COG1006	71.0	11347.0	0.0	191500.0	0.6257160482947034	0.0	inf	9.944837884083061e-90	8.856472302153402e-259	4.4751770478373775e-87	3.9854125359690317e-256	P	Inorganic ion transport and metabolism	METABOLISM	METABOLISM
COG1581	54.0	11347.0	3648.0	191500.0	0.475896712787521	1.9049608355091385	0.2498196833848965	1.8944890936778626e-38	3.278731600864516e-28	8.52520092155038e-36	1.475429220389032e-25	K	Transcription	INFORMATION STORAGE AND PROCESSING	INFORMATION STORAGE AND PROCESSING
COG1146	43.0	11347.0	6131.0	191500.0	0.3789547898122853	3.201566579634465	0.11836542529612235	3.106201542486631e-99	1.195373182990266e-64	1.397790694118984e-96	5.379179323456197e-62	F	Nucleotide transport and metabolism	METABOLISM	METABOLISM
COG2076	39.0	11347.0	0.0	191500.0	0.343703181457654	0.0	inf	1.36138078659371e-49	2.5250681768687987e-141	6.126213539671695e-47	1.1362806795909592e-138	V	Defense mechanisms	CELLULAR PROCESSES AND SIGNALING	CELLULAR PROCESSES AND SIGNALING
COG4039	37.0	11347.0	0.0	191500.0	0.3260773772803384	0.0	inf	4.3779358821697594e-47	5.555681438270322e-134	1.970071146976392e-44	2.5000566472216443e-131	C	Energy production and conversion	METABOLISM	METABOLISM
COG1849	33.0	11347.0	2571.0	191500.0	0.2908257689257072	1.3425587467362923	0.21662051633322807	1.7494562140845158e-30	6.159296940152797e-22	7.87255296338032e-28	2.7716836230687587e-19	S	Function unknown	POORLY CHARACTERIZED	POORLY CHARACTERIZED
COG3462	31.0	11347.0	0.0	191500.0	0.27319996474839164	0.0	inf	1.4530103177417234e-39	5.949872549030104e-112	6.5385464298377546e-37	2.6774426470635464e-109	S	Function unknown	POORLY CHARACTERIZED	POORLY CHARACTERIZED
COG1320	29.0	11347.0	0.0	191500.0	0.25557416057107607	0.0	inf	4.666363248615524e-37	1.3144858500970856e-104	2.099863461876986e-34	5.915186325436886e-102	P	Inorganic ion transport and metabolism	METABOLISM	METABOLISM
COG3042	21.0	11347.0	1.0	191500.0	0.18507094386181366	0.0005221932114882506	354.41085749537314	1.0303928391146317e-25	1.7448967455384472e-71	4.636767776015842e-23	7.852035354923015e-69	R	General function prediction only	POORLY CHARACTERIZED	POORLY CHARACTERIZED
COG1942	21.0	11347.0	1363.0	191500.0	0.18507094386181366	0.7117493472584857	0.2600226393949914	1.6221404357270944e-14	5.262555964835671e-11	7.299631960771925e-12	2.3681501841760518e-08	Q	Secondary metabolites biosynthesis, transport and catabolism	METABOLISM	METABOLISM
COG4818	21.0	11347.0	0.0	191500.0	0.18507094386181366	0.0	inf	4.947308943298935e-27	3.1841462160231157e-75	2.22628902448452e-24	1.432865797210402e-72	S	Function unknown	POORLY CHARACTERIZED	POORLY CHARACTERIZED
COG2053	20.0	11347.0	2510.0	191500.0	0.17625804177315588	1.3107049608355092	0.134475756970356	6.942842186616285e-39	5.883296931865913e-26	3.124278983977328e-36	2.647483619339661e-23	J	Translation, ribosomal structure and biogenesis	INFORMATION STORAGE AND PROCESSING	INFORMATION STORAGE AND PROCESSING
COG2026	20.0	11347.0	7730.0	191500.0	0.17625804177315588	4.0365535248041775	0.04366547865402245	6.604052260058934e-163	3.0057498412921394e-96	2.971823517026521e-160	1.3525874285814624e-93	V	Defense mechanisms	CELLULAR PROCESSES AND SIGNALING	CELLULAR PROCESSES AND SIGNALING
COG1141	19.0	11347.0	3047.0	191500.0	0.16744513968449815	1.5911227154046998	0.10523709960479616	1.2368411079068177e-51	2.260554502433851e-33	5.5657849855806795e-49	1.0172495260952329e-30	C	Energy production and conversion	METABOLISM	METABOLISM
COG0695	16.0	11347.0	4115.0	191500.0	0.14100643341852473	2.1488250652741514	0.06562024787277639	9.031339063757136e-80	8.864972614750224e-49	4.064102578690711e-77	3.989237676637602e-46	O	Posttranslational modification, protein turnover, chaperones	CELLULAR PROCESSES AND SIGNALING	CELLULAR PROCESSES AND SIGNALING
COG2260	15.0	11347.0	1065.0	191500.0	0.13219353132986694	0.5561357702349871	0.2377001056306997	2.3578437396418785e-12	2.4752139108781416e-09	1.0610296828388452e-09	1.1138462598951635e-06	J	Translation, ribosomal structure and biogenesis	INFORMATION STORAGE AND PROCESSING	INFORMATION STORAGE AND PROCESSING
COG4042	15.0	11347.0	0.0	191500.0	0.13219353132986694	0.0	inf	1.6288883563900355e-19	3.5696676170220223e-53	7.329997603755158e-17	1.6063504276599096e-50	C	Energy production and conversion	METABOLISM	METABOLISM
COG3350	14.0	11347.0	1426.0	191500.0	0.12338062924120911	0.7446475195822455	0.16568997545365746	1.927894322980221e-20	2.9293792642139365e-14	8.675524453410993e-18	1.3182206688962713e-11	P	Inorganic ion transport and metabolism	METABOLISM	METABOLISM
COG3432	13.0	11347.0	6594.0	191500.0	0.11456772715255134	3.4433420365535246	0.033272247118158293	2.6918540395174516e-144	1.1049317324878059e-83	1.2113343177828535e-141	4.972192796195126e-81	K	Transcription	INFORMATION STORAGE AND PROCESSING	INFORMATION STORAGE AND PROCESSING
COG5510	12.0	11347.0	0.0	191500.0	0.10575482506389351	0.0	inf	9.336067073189326e-16	3.828696369600836e-42	4.2012301829351975e-13	1.7229133663203757e-39	S	Function unknown	POORLY CHARACTERIZED	POORLY CHARACTERIZED
COG2261	11.0	11347.0	0.0	191500.0	0.09694192297523574	0.0	inf	1.6705103218131728e-14	1.8234074601762444e-38	7.517296448159278e-12	8.205333570793099e-36	R	General function prediction only	POORLY CHARACTERIZED	POORLY CHARACTERIZED
COG2314	10.0	11347.0	0.0	191500.0	0.08812902088657794	0.0	inf	2.988809227724147e-13	8.694618457256643e-35	1.3449641524758661e-10	3.9125783057654904e-32	R	General function prediction only	POORLY CHARACTERIZED	POORLY CHARACTERIZED
COG1873	10.0	11347.0	4712.0	191500.0	0.08812902088657794	2.4605744125326368	0.03581644206235076	6.7281209065068305e-102	2.14784871777948e-59	3.027654407928074e-99	9.665319230007659e-57	R	General function prediction only	POORLY CHARACTERIZED	POORLY CHARACTERIZED
COG1977	9.0	11347.0	5001.0	191500.0	0.07931611879792018	2.6114882506527417	0.030371999099783463	1.694226646164804e-110	9.642175110980687e-64	7.624019907741618e-108	4.338978799941309e-61	H	Coenzyme transport and metabolism	METABOLISM	METABOLISM
COG4744	9.0	11347.0	0.0	191500.0	0.07931611879792018	0.0	inf	5.347010814340836e-12	4.15071854386072e-31	2.4061548664533763e-09	1.867823344737324e-28	S	Function unknown	POORLY CHARACTERIZED	POORLY CHARACTERIZED
COG1588	9.0	11347.0	3074.0	191500.0	0.07931611879792018	1.6052219321148826	0.04941131018152802	3.374113587199985e-63	6.684869417425103e-38	1.5183511142399935e-60	3.0081912378412965e-35	J	Translation, ribosomal structure and biogenesis	INFORMATION STORAGE AND PROCESSING	INFORMATION STORAGE AND PROCESSING
COG1742	9.0	11347.0	0.0	191500.0	0.07931611879792018	0.0	inf	5.347010814340836e-12	4.15071854386072e-31	2.4061548664533763e-09	1.867823344737324e-28	R	General function prediction only	POORLY CHARACTERIZED	POORLY CHARACTERIZED
COG1911	9.0	11347.0	1819.0	191500.0	0.07931611879792018	0.949869451697128	0.0835021261671342	1.3138471546656171e-33	2.461761161151643e-21	5.912312195995278e-31	1.107792522518239e-18	J	Translation, ribosomal structure and biogenesis	INFORMATION STORAGE AND PROCESSING	INFORMATION STORAGE AND PROCESSING
COG1753	8.0	11347.0	2017.0	191500.0	0.07050321670926238	1.0532637075718017	0.06693785820438146	2.687781965658978e-39	2.3642604658456632e-24	1.2095018845465401e-36	1.0639172096305484e-21	V	Defense mechanisms	CELLULAR PROCESSES AND SIGNALING	CELLULAR PROCESSES AND SIGNALING
COG4035	7.0	11347.0	0.0	191500.0	0.061690314620604564	0.0	inf	1.7109145328301724e-09	9.48117867971288e-24	7.699115397735777e-07	4.266530405870795e-21	C	Energy production and conversion	METABOLISM	METABOLISM
COG2104	7.0	11347.0	2466.0	191500.0	0.061690314620604564	1.287728459530026	0.04790630677147517	3.16552830237398e-51	1.0553439618419956e-30	1.424487736068291e-48	4.74904782828898e-28	H	Coenzyme transport and metabolism	METABOLISM	METABOLISM
COG1552	6.0	11347.0	949.0	191500.0	0.05287741253194677	0.49556135770235005	0.10670204952442366	9.80878352319648e-17	3.525778522941819e-11	4.4139525854384164e-14	1.5866003353238182e-08	J	Translation, ribosomal structure and biogenesis	INFORMATION STORAGE AND PROCESSING	INFORMATION STORAGE AND PROCESSING
COG3630	6.0	11347.0	0.0	191500.0	0.05287741253194677	0.0	inf	3.0600794880964304e-08	4.52855213908862e-20	1.3770357696433935e-05	2.0378484625898788e-17	C	Energy production and conversion	METABOLISM	METABOLISM
COG1644	6.0	11347.0	2917.0	191500.0	0.05287741253194677	1.5232375979112271	0.03471383099029073	2.1171139257839717e-63	4.0635681698907876e-37	9.527012666027876e-61	1.8286056764508545e-34	K	Transcription	INFORMATION STORAGE AND PROCESSING	INFORMATION STORAGE AND PROCESSING
COG5466	6.0	11347.0	1160.0	191500.0	0.05287741253194677	0.6057441253263708	0.0872933146540328	1.7973465625727294e-21	6.130622250384776e-14	8.088059531577283e-19	2.758780012673149e-11	S	Function unknown	POORLY CHARACTERIZED	POORLY CHARACTERIZED
COG1278	6.0	11347.0	1873.0	191500.0	0.05287741253194677	0.9780678851174935	0.05406313133939032	3.7966610781228515e-38	2.644317842535753e-23	1.7084974851552828e-35	1.1899430291410891e-20	K	Transcription	INFORMATION STORAGE AND PROCESSING	INFORMATION STORAGE AND PROCESSING
COG1758	6.0	11347.0	1698.0	191500.0	0.05287741253194677	0.8866840731070497	0.059635008833143724	4.5464297044420805e-34	5.321583467379471e-21	2.0458933669989363e-31	2.394712560320762e-18	K	Transcription	INFORMATION STORAGE AND PROCESSING	INFORMATION STORAGE AND PROCESSING
COG0298	6.0	11347.0	1600.0	191500.0	0.05287741253194677	0.835509138381201	0.06328765312417378	8.690311487746097e-32	1.0344223517765419e-19	3.910640169485744e-29	4.6549005829944387e-17	O	Posttranslational modification, protein turnover, chaperones	CELLULAR PROCESSES AND SIGNALING	CELLULAR PROCESSES AND SIGNALING
COG3466	6.0	11347.0	1562.0	191500.0	0.05287741253194677	0.8156657963446475	0.06482730153564538	8.356983482596362e-31	3.266664153791797e-19	3.760642567168363e-28	1.4699988692063091e-16	X	Mobilome: prophages, transposons	CELLULAR PROCESSES AND SIGNALING	CELLULAR PROCESSES AND SIGNALING
COG2770	6.0	11347.0	1.0	191500.0	0.05287741253194677	0.0005221932114882506	101.26024499867806	2.0394007697502105e-07	4.3844395633467915e-17	9.177303463875949e-05	1.9729978035060556e-14	T	Signal transduction mechanisms	CELLULAR PROCESSES AND SIGNALING	CELLULAR PROCESSES AND SIGNALING
COG4392	6.0	11347.0	1.0	191500.0	0.05287741253194677	0.0005221932114882506	101.26024499867806	2.0394007697502105e-07	4.3844395633467915e-17	9.177303463875949e-05	1.9729978035060556e-14	E	Amino acid transport and metabolism	METABOLISM	METABOLISM
COG4541	5.0	11347.0	1.0	191500.0	0.04406451044328897	0.0005221932114882506	84.38353749889838	3.130610785873002e-06	1.3808755353313585e-13	0.0014087748536428509	6.213939908991113e-11	S	Function unknown	POORLY CHARACTERIZED	POORLY CHARACTERIZED
COG1436	5.0	11347.0	818.0	191500.0	0.04406451044328897	0.42715404699738896	0.10315835880060926	1.2259062439966968e-14	7.207378333196622e-10	5.5165780979851355e-12	3.24332024993848e-07	C	Energy production and conversion	METABOLISM	METABOLISM
COG4575	5.0	11347.0	0.0	191500.0	0.04406451044328897	0.0	inf	5.472691267253341e-07	2.155193732212092e-16	0.00024627110702640033	9.698371794954416e-14	J	Translation, ribosomal structure and biogenesis	INFORMATION STORAGE AND PROCESSING	INFORMATION STORAGE AND PROCESSING
COG3585	5.0	11347.0	665.0	191500.0	0.04406451044328897	0.34725848563968675	0.12689253759232838	3.294573655404647e-11	7.2429607820942e-08	1.4825581449320912e-08	3.25933235194239e-05	H	Coenzyme transport and metabolism	METABOLISM	METABOLISM
COG2608	4.0	11347.0	1994.0	191500.0	0.03525160835463118	1.0412532637075715	0.033854979939377486	8.631930653843891e-44	9.17044255253052e-26	3.884368794229751e-41	4.126699148638734e-23	P	Inorganic ion transport and metabolism	METABOLISM	METABOLISM
COG2075	4.0	11347.0	1591.0	191500.0	0.03525160835463118	0.8308093994778067	0.04243043997430465	5.45380999876122e-34	1.9008829403090247e-20	2.4542144994425488e-31	8.553973231390611e-18	J	Translation, ribosomal structure and biogenesis	INFORMATION STORAGE AND PROCESSING	INFORMATION STORAGE AND PROCESSING
COG2142	4.0	11347.0	0.0	191500.0	0.03525160835463118	0.0	inf	9.786627124619684e-06	1.0151462864811155e-12	0.004403982206078858	4.56815828916502e-10	C	Energy production and conversion	METABOLISM	METABOLISM
COG1254	3.0	11347.0	2941.0	191500.0	0.026438706265973385	1.5357702349869453	0.017215274566249245	1.021034803022115e-68	9.200733299751212e-39	4.594656613599519e-66	4.1403299848880464e-36	C	Energy production and conversion	METABOLISM	METABOLISM
COG1918	3.0	11347.0	1415.0	191500.0	0.026438706265973385	0.7389033942558747	0.03578100529988624	5.062973373436859e-31	1.460962786122231e-18	2.2783380180465865e-28	6.57433253755004e-16	P	Inorganic ion transport and metabolism	METABOLISM	METABOLISM
COG1773	3.0	11347.0	840.0	191500.0	0.026438706265973385	0.43864229765013035	0.06027395535635599	3.325584578435453e-17	5.5032954453491885e-11	1.4965130602959542e-14	2.476482950407135e-08	P	Inorganic ion transport and metabolism	METABOLISM	METABOLISM
COG2835	3.0	11347.0	1286.0	191500.0	0.026438706265973385	0.6715404699738904	0.03937023522499146	7.206677842137946e-28	7.319802216952723e-17	3.2430050289620757e-25	3.2939109976287257e-14	J	Translation, ribosomal structure and biogenesis	INFORMATION STORAGE AND PROCESSING	INFORMATION STORAGE AND PROCESSING
COG2827	3.0	11347.0	656.0	191500.0	0.026438706265973385	0.3425587467362925	0.07718006478557779	7.980849029409123e-13	1.4724040444175819e-08	3.591382063234105e-10	6.6258181998791175e-06	L	Replication, recombination and repair	INFORMATION STORAGE AND PROCESSING	INFORMATION STORAGE AND PROCESSING
COG2012	3.0	11347.0	3575.0	191500.0	0.026438706265973385	1.866840731070496	0.01416227202778714	2.203105797757325e-84	3.173686894892914e-47	9.913976089907961e-82	1.428159102701811e-44	K	Transcription	INFORMATION STORAGE AND PROCESSING	INFORMATION STORAGE AND PROCESSING
COG1476	2.0	11347.0	2112.0	191500.0	0.01762580417731559	1.1028720626631856	0.01598173058691257	1.4418158700209543e-49	3.309786864386338e-28	6.4881714150942935e-47	1.489404088973852e-25	K	Transcription	INFORMATION STORAGE AND PROCESSING	INFORMATION STORAGE AND PROCESSING
COG3360	2.0	11347.0	1498.0	191500.0	0.01762580417731559	0.7822454308093995	0.022532319759385414	1.991188735162199e-34	4.281794260445877e-20	8.960349308229897e-32	1.9268074172006446e-17	R	General function prediction only	POORLY CHARACTERIZED	POORLY CHARACTERIZED
COG2412	2.0	11347.0	2728.0	191500.0	0.01762580417731559	1.4245430809399477	0.012372952712448444	4.702801966683601e-65	2.2388029812762796e-36	2.1162608850076206e-62	1.0074613415743258e-33	S	Function unknown	POORLY CHARACTERIZED	POORLY CHARACTERIZED
COG2139	2.0	11347.0	2845.0	191500.0	0.01762580417731559	1.485639686684073	0.011864117750284484	6.069635929770302e-68	6.223032998194215e-38	2.7313361683966352e-65	2.8003648491873963e-35	J	Translation, ribosomal structure and biogenesis	INFORMATION STORAGE AND PROCESSING	INFORMATION STORAGE AND PROCESSING
COG5131	2.0	11347.0	964.0	191500.0	0.01762580417731559	0.5033942558746736	0.03501391597464664	1.9336356007976237e-21	4.729826699083332e-13	8.701360203589306e-19	2.1284220145874996e-10	O	Posttranslational modification, protein turnover, chaperones	CELLULAR PROCESSES AND SIGNALING	CELLULAR PROCESSES AND SIGNALING
COG0640	2.0	11347.0	411.0	191500.0	0.01762580417731559	0.21462140992167103	0.08212509732252883	3.617190404222349e-08	1.0051554175161653e-05	1.6277356819000572e-05	0.0045231993788227435	K	Transcription	INFORMATION STORAGE AND PROCESSING	INFORMATION STORAGE AND PROCESSING
COG1358	2.0	11347.0	338.0	191500.0	0.01762580417731559	0.17650130548302873	0.09986217455490932	1.3284749575051744e-06	9.551015763853928e-05	0.0005978137308773285	0.042979570937342684	J	Translation, ribosomal structure and biogenesis	INFORMATION STORAGE AND PROCESSING	INFORMATION STORAGE AND PROCESSING
COG1872	2.0	11347.0	612.0	191500.0	0.01762580417731559	0.3195822454308095	0.05515263888816888	4.701452698880084e-13	2.1292653216180155e-08	2.1156537144960378e-10	9.58169394728107e-06	S	Function unknown	POORLY CHARACTERIZED	POORLY CHARACTERIZED
COG1144	1.0	11347.0	1225.0	191500.0	0.008812902088657794	0.6396866840731071	0.013776904081452795	3.3214731851038815e-29	6.16304571553327e-17	1.4946629332967468e-26	2.7733705719899718e-14	C	Energy production and conversion	METABOLISM	METABOLISM
COG4545	1.0	11347.0	730.0	191500.0	0.008812902088657794	0.381201044386423	0.02311877739695846	3.555804256161032e-17	2.133911976726746e-10	1.6001119152724644e-14	9.60260389527036e-08	O	Posttranslational modification, protein turnover, chaperones	CELLULAR PROCESSES AND SIGNALING	CELLULAR PROCESSES AND SIGNALING
COG4919	1.0	11347.0	320.0	191500.0	0.008812902088657794	0.16710182767624018	0.052739710936811485	3.147925323264074e-07	6.332284510913622e-05	0.00014165663954688332	0.0284952802991113	J	Translation, ribosomal structure and biogenesis	INFORMATION STORAGE AND PROCESSING	INFORMATION STORAGE AND PROCESSING
COG2126	1.0	11347.0	633.0	191500.0	0.008812902088657794	0.3305483028720627	0.02666146524451765	1.2252198005883976e-14	4.1245554323295315e-09	5.513489102647789e-12	1.856049944548289e-06	J	Translation, ribosomal structure and biogenesis	INFORMATION STORAGE AND PROCESSING	INFORMATION STORAGE AND PROCESSING
COG2174	1.0	11347.0	920.0	191500.0	0.008812902088657794	0.4804177545691906	0.01834424728236921	7.3602729928488415e-22	6.547864754121158e-13	3.3121228467819786e-19	2.9465391393545213e-10	J	Translation, ribosomal structure and biogenesis	INFORMATION STORAGE AND PROCESSING	INFORMATION STORAGE AND PROCESSING
COG3422	1.0	11347.0	438.0	191500.0	0.008812902088657794	0.2287206266318538	0.03853129566159744	5.032708212333085e-10	1.6359248988975426e-06	2.2647186955498876e-07	0.0007361662045038942	S	Function unknown	POORLY CHARACTERIZED	POORLY CHARACTERIZED
COG2167	1.0	11347.0	901.0	191500.0	0.008812902088657794	0.4704960835509139	0.018731084905415845	2.353347271581053e-21	1.1672145909355812e-12	1.059006272211474e-18	5.252465659210117e-10	J	Translation, ribosomal structure and biogenesis	INFORMATION STORAGE AND PROCESSING	INFORMATION STORAGE AND PROCESSING
COG3277	1.0	11347.0	718.0	191500.0	0.008812902088657794	0.37493472584856397	0.023505163648718214	7.750504817361182e-17	3.077114108276105e-10	3.4877271678125323e-14	1.3847013487242472e-07	J	Translation, ribosomal structure and biogenesis	INFORMATION STORAGE AND PROCESSING	INFORMATION STORAGE AND PROCESSING
COG1532	1.0	11347.0	514.0	191500.0	0.008812902088657794	0.26840731070496093	0.03283406128361805	7.663624873829637e-12	1.5789297834108214e-07	3.4486311932233364e-09	7.105184025348697e-05	R	General function prediction only	POORLY CHARACTERIZED	POORLY CHARACTERIZED
COG1997	1.0	11347.0	957.0	191500.0	0.008812902088657794	0.4997389033942559	0.01763501306142077	1.0946732967752078e-22	2.1248450604385125e-13	4.9260298354884355e-20	9.561802771973306e-11	J	Translation, ribosomal structure and biogenesis	INFORMATION STORAGE AND PROCESSING	INFORMATION STORAGE AND PROCESSING
COG2892	1.0	11347.0	2000.0	191500.0	0.008812902088657794	1.0443864229765014	0.008438353749889839	1.0406126949687785e-48	3.585307830810277e-27	4.682757127359504e-46	1.6133885238646247e-24	J	Translation, ribosomal structure and biogenesis	INFORMATION STORAGE AND PROCESSING	INFORMATION STORAGE AND PROCESSING
COG1669	1.0	11347.0	1672.0	191500.0	0.008812902088657794	0.8731070496083552	0.010093724581207941	2.3115555374483707e-40	7.760825532772152e-23	1.040199991851767e-37	3.492371489747468e-20	R	General function prediction only	POORLY CHARACTERIZED	POORLY CHARACTERIZED
COG1958	1.0	11347.0	4455.0	191500.0	0.008812902088657794	2.326370757180157	0.003788262065045943	8.704950808065984e-111	5.87510186158978e-60	3.917227863629695e-108	2.6437958377154004e-57	K	Transcription	INFORMATION STORAGE AND PROCESSING	INFORMATION STORAGE AND PROCESSING
COG2092	1.0	11347.0	3998.0	191500.0	0.008812902088657794	2.087728459530026	0.004221287518704271	3.69418103811244e-99	8.400760654757592e-54	1.662381467150598e-96	3.7803422946409164e-51	J	Translation, ribosomal structure and biogenesis	INFORMATION STORAGE AND PROCESSING	INFORMATION STORAGE AND PROCESSING
COG2880	1.0	11347.0	376.0	191500.0	0.008812902088657794	0.19634464751958225	0.04488486037175446	1.5333316185848052e-08	1.1114487403341842e-05	6.899992283631622e-06	0.005001519331503829	R	General function prediction only	POORLY CHARACTERIZED	POORLY CHARACTERIZED
COG1534	1.0	11347.0	931.0	191500.0	0.008812902088657794	0.4861618798955613	0.018127505370332628	5.250694233896762e-22	4.685690940825539e-13	2.3628124052535427e-19	2.1085609233714933e-10	J	Translation, ribosomal structure and biogenesis	INFORMATION STORAGE AND PROCESSING	INFORMATION STORAGE AND PROCESSING
COG1343	1.0	11347.0	990.0	191500.0	0.008812902088657794	0.5169712793733681	0.017047179292706743	1.5656004073226256e-23	7.789475506820849e-14	7.045201832951816e-21	3.505263978069382e-11	V	Defense mechanisms	CELLULAR PROCESSES AND SIGNALING	CELLULAR PROCESSES AND SIGNALING
COG3269	1.0	11347.0	1805.0	191500.0	0.008812902088657794	0.9425587467362924	0.009349976454171566	8.866849074684773e-44	1.3577722386985582e-24	3.990082083608149e-41	6.1099750741435105e-22	R	General function prediction only	POORLY CHARACTERIZED	POORLY CHARACTERIZED
COG1598	1.0	11347.0	2444.0	191500.0	0.008812902088657794	1.2762402088772846	0.006905363134116071	9.140575695569026e-60	4.703269815178871e-33	4.113259063006062e-57	2.116471416830492e-30	V	Defense mechanisms	CELLULAR PROCESSES AND SIGNALING	CELLULAR PROCESSES AND SIGNALING
COG2442	1.0	11347.0	1092.0	191500.0	0.008812902088657794	0.5702349869451697	0.015454860347783587	4.745441822881132e-26	3.50702748469244e-15	2.13544882029651e-23	1.5781623681115979e-12	V	Defense mechanisms	CELLULAR PROCESSES AND SIGNALING	CELLULAR PROCESSES AND SIGNALING
COG1369	1.0	11347.0	401.0	191500.0	0.008812902088657794	0.20939947780678853	0.042086552368527874	5.349435038607092e-09	5.127029049724517e-06	2.4072457673731914e-06	0.0023071630723760328	J	Translation, ribosomal structure and biogenesis	INFORMATION STORAGE AND PROCESSING	INFORMATION STORAGE AND PROCESSING
COG1724	0.0	11347.0	3206.0	191500.0	0.0	1.6741514360313317	0.0	2.7745038760682114e-81	1.1980707146558336e-43	1.2485267442306954e-78	5.391318215951251e-41	R	General function prediction only	POORLY CHARACTERIZED	POORLY CHARACTERIZED
COG1998	0.0	11347.0	2933.0	191500.0	0.0	1.5315926892950391	0.0	2.1568105680255313e-74	5.236415610448789e-40	9.705647556114891e-72	2.3563870247019547e-37	J	Translation, ribosomal structure and biogenesis	INFORMATION STORAGE AND PROCESSING	INFORMATION STORAGE AND PROCESSING
COG1383	0.0	11347.0	2907.0	191500.0	0.0	1.5180156657963446	0.0	1.0617148349688056e-73	1.1623296550001685e-39	4.777716757359624e-71	5.230483447500759e-37	J	Translation, ribosomal structure and biogenesis	INFORMATION STORAGE AND PROCESSING	INFORMATION STORAGE AND PROCESSING
COG2093	0.0	11347.0	2891.0	191500.0	0.0	1.5096605744125324	0.0	2.328781994473107e-73	1.898445124414388e-39	1.0479518975128978e-70	8.543003059864746e-37	K	Transcription	INFORMATION STORAGE AND PROCESSING	INFORMATION STORAGE AND PROCESSING
COG1761	0.0	11347.0	2877.0	191500.0	0.0	1.5023498694516972	0.0	8.4393880000298e-73	2.916156006315968e-39	3.7977246000134107e-70	1.3122702028421853e-36	K	Transcription	INFORMATION STORAGE AND PROCESSING	INFORMATION STORAGE AND PROCESSING
COG0255	0.0	11347.0	2772.0	191500.0	0.0	1.447519582245431	0.0	2.9591255157311224e-70	7.281893623621934e-38	1.3316064820790052e-67	3.2768521306298703e-35	J	Translation, ribosomal structure and biogenesis	INFORMATION STORAGE AND PROCESSING	INFORMATION STORAGE AND PROCESSING
COG0089	0.0	11347.0	2644.0	191500.0	0.0	1.3806788511749344	0.0	5.5395601744297345e-67	3.666311217204856e-36	2.4928020784933806e-64	1.649840047742185e-33	J	Translation, ribosomal structure and biogenesis	INFORMATION STORAGE AND PROCESSING	INFORMATION STORAGE AND PROCESSING
COG1698	0.0	11347.0	2470.0	191500.0	0.0	1.2898172323759793	0.0	1.7130862686638826e-62	7.502635660481557e-34	7.708888208987471e-60	3.3761860472167004e-31	S	Function unknown	POORLY CHARACTERIZED	POORLY CHARACTERIZED
COG2051	0.0	11347.0	2247.0	191500.0	0.0	1.1733681462140992	0.0	7.923965425855373e-57	6.803697423679699e-31	3.565784441634918e-54	3.0616638406558646e-28	J	Translation, ribosomal structure and biogenesis	INFORMATION STORAGE AND PROCESSING	INFORMATION STORAGE AND PROCESSING
COG1828	0.0	11347.0	1803.0	191500.0	0.0	0.9415143603133159	0.0	9.284472229112331e-46	5.1127022377784895e-25	4.178012503100549e-43	2.30071600700032e-22	F	Nucleotide transport and metabolism	METABOLISM	METABOLISM
COG2451	0.0	11347.0	1649.0	191500.0	0.0	0.8610966057441253	0.0	7.996204656705452e-42	5.53899056816147e-23	3.5982920955174525e-39	2.492545755672661e-20	J	Translation, ribosomal structure and biogenesis	INFORMATION STORAGE AND PROCESSING	INFORMATION STORAGE AND PROCESSING
COG1996	0.0	11347.0	1564.0	191500.0	0.0	0.8167101827676241	0.0	8.540881630192502e-40	7.344724429344279e-22	3.843396733586626e-37	3.305125993204925e-19	K	Transcription	INFORMATION STORAGE AND PROCESSING	INFORMATION STORAGE AND PROCESSING
COG1631	0.0	11347.0	1394.0	191500.0	0.0	0.7279373368146215	0.0	2.504805959043629e-35	1.28885941727893e-19	1.1271626815696329e-32	5.799867377755184e-17	J	Translation, ribosomal structure and biogenesis	INFORMATION STORAGE AND PROCESSING	INFORMATION STORAGE AND PROCESSING
COG0721	0.0	11347.0	1361.0	191500.0	0.0	0.710704960835509	0.0	1.0960648730913904e-34	3.513652081931197e-19	4.932291928911255e-32	1.5811434368690382e-16	J	Translation, ribosomal structure and biogenesis	INFORMATION STORAGE AND PROCESSING	INFORMATION STORAGE AND PROCESSING
COG1400	0.0	11347.0	1340.0	191500.0	0.0	0.6997389033942559	0.0	5.767684047325532e-34	6.651503857296546e-19	2.5954578212964893e-31	2.9931767357834463e-16	U	Intracellular trafficking, secretion, and vesicular transport	CELLULAR PROCESSES AND SIGNALING	CELLULAR PROCESSES AND SIGNALING
COG2157	0.0	11347.0	1208.0	191500.0	0.0	0.6308093994778068	0.0	9.03470417076147e-31	3.6730438372056527e-17	4.065616876842661e-28	1.6528697267425438e-14	J	Translation, ribosomal structure and biogenesis	INFORMATION STORAGE AND PROCESSING	INFORMATION STORAGE AND PROCESSING
COG2097	0.0	11347.0	1122.0	191500.0	0.0	0.5859007832898172	0.0	1.5101698712256498e-28	5.013576016930557e-16	6.795764420515423e-26	2.256109207618751e-13	J	Translation, ribosomal structure and biogenesis	INFORMATION STORAGE AND PROCESSING	INFORMATION STORAGE AND PROCESSING
COG0199	0.0	11347.0	1085.0	191500.0	0.0	0.566579634464752	0.0	1.0232822047784613e-27	1.5437952447534516e-15	4.604769921503076e-25	6.947078601390533e-13	J	Translation, ribosomal structure and biogenesis	INFORMATION STORAGE AND PROCESSING	INFORMATION STORAGE AND PROCESSING
COG4274	0.0	11347.0	1027.0	191500.0	0.0	0.5362924281984334	0.0	3.572175220024272e-26	9.003227665256422e-15	1.607478849010922e-23	4.05145244936539e-12	S	Function unknown	POORLY CHARACTERIZED	POORLY CHARACTERIZED
COG1531	0.0	11347.0	1023.0	191500.0	0.0	0.5342036553524804	0.0	5.722310312606157e-26	1.016764654557443e-14	2.5750396406727707e-23	4.5754409455084936e-12	S	Function unknown	POORLY CHARACTERIZED	POORLY CHARACTERIZED
COG1605	0.0	11347.0	996.0	191500.0	0.0	0.5201044386422975	0.0	2.7356451078912923e-25	2.311007918927047e-14	1.2310402985510814e-22	1.0399535635171713e-11	E	Amino acid transport and metabolism	METABOLISM	METABOLISM
COG0023	0.0	11347.0	911.0	191500.0	0.0	0.4757180156657963	0.0	2.692957112242641e-23	3.067633938157653e-13	1.2118307005091885e-20	1.3804352721709438e-10	J	Translation, ribosomal structure and biogenesis	INFORMATION STORAGE AND PROCESSING	INFORMATION STORAGE AND PROCESSING
COG5428	0.0	11347.0	867.0	191500.0	0.0	0.4527415143603133	0.0	4.484170265314243e-22	1.1707157269027222e-12	2.0178766193914093e-19	5.268220771062252e-10	V	Defense mechanisms	CELLULAR PROCESSES AND SIGNALING	CELLULAR PROCESSES AND SIGNALING
COG2154	0.0	11347.0	774.0	191500.0	0.0	0.404177545691906	0.0	6.563042001269032e-20	1.9900422989539257e-11	2.9533689005710647e-17	8.955190345292666e-09	H	Coenzyme transport and metabolism	METABOLISM	METABOLISM
COG1888	0.0	11347.0	736.0	191500.0	0.0	0.3843342036553525	0.0	7.004996888870832e-19	6.34039696989809e-11	3.1522485999918736e-16	2.8531786364541406e-08	S	Function unknown	POORLY CHARACTERIZED	POORLY CHARACTERIZED
COG0236	0.0	11347.0	702.0	191500.0	0.0	0.36657963446475206	0.0	4.917988028517451e-18	1.7893922797287638e-10	2.2130946128328533e-15	8.052265258779438e-08	I	Lipid transport and metabolism	METABOLISM	METABOLISM
COG0361	0.0	11347.0	625.0	191500.0	0.0	0.3263707571801566	0.0	3.529967461497548e-16	1.881389793774265e-09	1.5884853576738967e-13	8.466254071984194e-07	J	Translation, ribosomal structure and biogenesis	INFORMATION STORAGE AND PROCESSING	INFORMATION STORAGE AND PROCESSING
COG1594	0.0	11347.0	595.0	191500.0	0.0	0.31070496083550914	0.0	2.597241386876785e-15	4.711648768065044e-09	1.1687586240945533e-12	2.1202419456292697e-06	K	Transcription	INFORMATION STORAGE AND PROCESSING	INFORMATION STORAGE AND PROCESSING
COG3695	0.0	11347.0	550.0	191500.0	0.0	0.28720626631853785	0.0	4.2806607926471816e-14	1.870647892044441e-08	1.926297356691232e-11	8.417915514199982e-06	K	Transcription	INFORMATION STORAGE AND PROCESSING	INFORMATION STORAGE AND PROCESSING
COG4895	0.0	11347.0	528.0	191500.0	0.0	0.2757180156657964	0.0	1.3083985295101676e-13	3.673991600556762e-08	5.887793382795754e-11	1.6532962202505427e-05	S	Function unknown	POORLY CHARACTERIZED	POORLY CHARACTERIZED
COG0234	0.0	11347.0	494.0	191500.0	0.0	0.25796344647519576	0.0	9.175002693779028e-13	1.044158455138402e-07	4.1287512122005625e-10	4.6987130481228086e-05	O	Posttranslational modification, protein turnover, chaperones	CELLULAR PROCESSES AND SIGNALING	CELLULAR PROCESSES AND SIGNALING
COG2023	0.0	11347.0	491.0	191500.0	0.0	0.25639686684073104	0.0	8.73592961074248e-13	1.1450636951116946e-07	3.931168324834116e-10	5.152786628002626e-05	J	Translation, ribosomal structure and biogenesis	INFORMATION STORAGE AND PROCESSING	INFORMATION STORAGE AND PROCESSING
COG1694	0.0	11347.0	402.0	191500.0	0.0	0.20992167101827683	0.0	1.3957216933824643e-10	1.781312085254858e-06	6.280747620221089e-08	0.000801590438364686	V	Defense mechanisms	CELLULAR PROCESSES AND SIGNALING	CELLULAR PROCESSES AND SIGNALING
COG3609	0.0	11347.0	402.0	191500.0	0.0	0.20992167101827683	0.0	1.3957216933824643e-10	1.781312085254858e-06	6.280747620221089e-08	0.000801590438364686	K	Transcription	INFORMATION STORAGE AND PROCESSING	INFORMATION STORAGE AND PROCESSING
COG0011	0.0	11347.0	399.0	191500.0	0.0	0.20835509138381197	0.0	2.1624068554705047e-10	1.954563097179409e-06	9.730830849617274e-08	0.000879553393730734	H	Coenzyme transport and metabolism	METABOLISM	METABOLISM
COG1745	0.0	11347.0	386.0	191500.0	0.0	0.2015665796344648	0.0	4.789684164686956e-10	2.9231056576591078e-06	2.1553578741091305e-07	0.0013153975459465985	S	Function unknown	POORLY CHARACTERIZED	POORLY CHARACTERIZED
COG1145	0.0	11347.0	382.0	191500.0	0.0	0.19947780678851176	0.0	4.5115936101229936e-10	3.308781317839455e-06	2.030217124555347e-07	0.0014889515930277546	C	Energy production and conversion	METABOLISM	METABOLISM
COG2004	0.0	11347.0	375.0	191500.0	0.0	0.19582245430809397	0.0	6.665396643439688e-10	4.110619221165735e-06	2.999428489547859e-07	0.0018497786495245809	J	Translation, ribosomal structure and biogenesis	INFORMATION STORAGE AND PROCESSING	INFORMATION STORAGE AND PROCESSING
COG2151	0.0	11347.0	367.0	191500.0	0.0	0.19164490861618802	0.0	1.610408694673629e-09	5.268495926993603e-06	7.24683912603133e-07	0.002370823167147121	O	Posttranslational modification, protein turnover, chaperones	CELLULAR PROCESSES AND SIGNALING	CELLULAR PROCESSES AND SIGNALING
COG1722	0.0	11347.0	351.0	191500.0	0.0	0.18328981723237603	0.0	3.294573996752138e-09	8.65981434348577e-06	1.4825582985384622e-06	0.003896916454568597	L	Replication, recombination and repair	INFORMATION STORAGE AND PROCESSING	INFORMATION STORAGE AND PROCESSING
COG4830	0.0	11347.0	350.0	191500.0	0.0	0.18276762402088764	0.0	3.238880643252658e-09	8.93325394750052e-06	1.457496289463696e-06	0.004019964276375234	J	Translation, ribosomal structure and biogenesis	INFORMATION STORAGE AND PROCESSING	INFORMATION STORAGE AND PROCESSING
COG4746	0.0	11347.0	344.0	191500.0	0.0	0.17963446475195824	0.0	4.85031120520729e-09	1.0765839030862074e-05	2.1826400423432807e-06	0.004844627563887933	S	Function unknown	POORLY CHARACTERIZED	POORLY CHARACTERIZED
COG0186	0.0	11347.0	337.0	191500.0	0.0	0.17597911227154045	0.0	7.143263521814863e-09	1.3386372495198127e-05	3.2144685848166883e-06	0.0060238676228391574	J	Translation, ribosomal structure and biogenesis	INFORMATION STORAGE AND PROCESSING	INFORMATION STORAGE AND PROCESSING
COG3655	0.0	11347.0	328.0	191500.0	0.0	0.17127937336814625	0.0	1.0310229256806752e-08	1.771851884107067e-05	4.639603165563039e-06	0.007973333478481802	K	Transcription	INFORMATION STORAGE AND PROCESSING	INFORMATION STORAGE AND PROCESSING
COG0140	0.0	11347.0	326.0	191500.0	0.0	0.17023498694516973	0.0	1.6635052254556786e-08	1.8858393228069838e-05	7.485773514550554e-06	0.008486276952631428	E	Amino acid transport and metabolism	METABOLISM	METABOLISM
COG1342	0.0	11347.0	323.0	191500.0	0.0	0.16866840731070495	0.0	1.5510268942231967e-08	2.070778178041865e-05	6.979621024004385e-06	0.009318501801188392	R	General function prediction only	POORLY CHARACTERIZED	POORLY CHARACTERIZED
COG4892	0.0	11347.0	305.0	191500.0	0.0	0.15926892950391647	0.0	5.2758596079464356e-08	3.632877987625652e-05	2.374136823575896e-05	0.01634795094431544	R	General function prediction only	POORLY CHARACTERIZED	POORLY CHARACTERIZED
COG0694	0.0	11347.0	287.0	191500.0	0.0	0.14986945169712795	0.0	1.0781501430889492e-07	6.382795887165132e-05	4.851675643900271e-05	0.028722581492243094	O	Posttranslational modification, protein turnover, chaperones	CELLULAR PROCESSES AND SIGNALING	CELLULAR PROCESSES AND SIGNALING
COG4014	0.0	11347.0	285.0	191500.0	0.0	0.14882506527415146	0.0	1.7250106129404868e-07	6.795943425787585e-05	7.762547758232192e-05	0.03058174541604413	S	Function unknown	POORLY CHARACTERIZED	POORLY CHARACTERIZED
COG3388	0.0	11347.0	279.0	191500.0	0.0	0.14569190600522197	0.0	2.61669631482238e-07	8.203916957986476e-05	0.0001177513341670071	0.03691762631093914	K	Transcription	INFORMATION STORAGE AND PROCESSING	INFORMATION STORAGE AND PROCESSING
COG2058	0.0	11347.0	274.0	191500.0	0.0	0.14308093994778068	0.0	2.365956899866943e-07	9.599073517625003e-05	0.00010646806049401244	0.04319583082931251	J	Translation, ribosomal structure and biogenesis	INFORMATION STORAGE AND PROCESSING	INFORMATION STORAGE AND PROCESSING
