accession	arc_trans_count	arc_trans_all	bac_trans_count	bac_trans_all	arc_trans_proportion	bac_trans_proportion	fold change	arc_p_fisher	arc_p_chi2	p_adjusted_fisher	p_adjusted_chi2	category	description	process	class
COG4023	2105.0	11347	128.0	455582	0.1855115889662466	0.00028095930041134197	660.2792244095356	0.0	0.0	0.0	0.0	U	Intracellular trafficking, secretion, and vesicular transport	CELLULAR PROCESSES AND SIGNALING	CELLULAR PROCESSES AND SIGNALING
COG2443	1393.0	11347	153.0	455582	0.12276372609500308	0.0003358341637729322	365.5486526915928	0.0	0.0	0.0	0.0	U	Intracellular trafficking, secretion, and vesicular transport	CELLULAR PROCESSES AND SIGNALING	CELLULAR PROCESSES AND SIGNALING
COG4095	1371.0	11347	10988.0	455582	0.12082488763549835	0.02411859994468614	5.0096144847793616	0.0	0.0	0.0	0.0	G	Carbohydrate transport and metabolism	METABOLISM	METABOLISM
COG0636	749.0	11347	26441.0	455582	0.06600863664404688	0.05803785048575229	1.1373377217037242	0.00044492968679497	0.0003693454792691095	0.24248667930325865	0.20129328620166467	C	Energy production and conversion	METABOLISM	Not significant
COG4068	733.0	11347	55.0	455582	0.06459857230986164	0.00012072469939549851	535.0899412740254	0.0	0.0	0.0	0.0	R	General function prediction only	POORLY CHARACTERIZED	POORLY CHARACTERIZED
COG2212	653.0	11347	12733.0	455582	0.0575482506389354	0.027948865407325132	2.059054984888673	2.1848041465822045e-61	1.6652056542215323e-77	1.1907182598873015e-58	9.07537081550735e-75	P	Inorganic ion transport and metabolism	METABOLISM	METABOLISM
COG1563	449.0	11347	2902.0	455582	0.0395699303780735	0.006369874139013394	6.212042736562193	1.2165050646124843e-187	0.0	6.629952602138039e-185	0.0	R	General function prediction only	POORLY CHARACTERIZED	POORLY CHARACTERIZED
COG2034	367.0	11347	14.0	455582	0.03234335066537411	3.072992348249053e-05	1052.5034559166052	0.0	0.0	0.0	0.0	S	Function unknown	POORLY CHARACTERIZED	POORLY CHARACTERIZED
COG3326	303.0	11347	8424.0	455582	0.026703093328633118	0.01849063395832144	1.4441415793975942	1.766852880257217e-09	2.216879700953722e-10	9.629348197401833e-07	1.2081994370197786e-07	S	Function unknown	POORLY CHARACTERIZED	POORLY CHARACTERIZED
COG1826	248.0	11347	8126.0	455582	0.02185599717987133	0.017836525587051292	1.2253505915825915	0.0020516057520757035	0.001627111731881483	1.0	0.8867758938754082	U	Intracellular trafficking, secretion, and vesicular transport	CELLULAR PROCESSES AND SIGNALING	Not significant
COG3205	205.0	11347	3131.0	455582	0.01806644928174848	0.00687252788740556	2.628792429472225	4.165246343097962e-32	4.2711106403263985e-44	2.2700592569883894e-29	2.3277552989778873e-41	S	Function unknown	POORLY CHARACTERIZED	POORLY CHARACTERIZED
COG4218	160.0	11347	0.0	455582	0.014100643341852471	0.0	inf	1.673106293329975e-259	0.0	9.118429298648365e-257	0.0	H	Coenzyme transport and metabolism	METABOLISM	METABOLISM
COG4062	147.0	11347	1.0	455582	0.012954966070326958	2.194994534463609e-06	5902.049352251695	2.7855563890119117e-236	0.0	1.5181282320114917e-233	0.0	H	Coenzyme transport and metabolism	METABOLISM	METABOLISM
COG0713	144.0	11347	8398.0	455582	0.012690579007667223	0.01843356410042539	0.6884495553073411	2.322797875354346e-06	7.689461906206723e-06	0.0012659248420681187	0.004190756738882664	C	Energy production and conversion	METABOLISM	METABOLISM
COG4064	133.0	11347	1.0	455582	0.011721159777914868	2.194994534463609e-06	5339.949413942011	1.192127407670964e-213	0.0	6.497094371806754e-211	0.0	H	Coenzyme transport and metabolism	METABOLISM	METABOLISM
COG2155	125.0	11347	4899.0	455582	0.011016127610822244	0.010753278224337222	1.024443651601065	0.7821621900085072	0.8243025983860501	1.0	1.0	S	Function unknown	POORLY CHARACTERIZED	Not significant
COG1930	125.0	11347	387.0	455582	0.011016127610822244	0.0008494628848374168	12.968344829957676	1.1406456460355305e-84	3.4759988972239843e-227	6.216518770893641e-82	1.8944193989870714e-224	P	Inorganic ion transport and metabolism	METABOLISM	METABOLISM
COG4040	105.0	11347	1.0	455582	0.009253547193090685	2.194994534463609e-06	4215.74953732264	2.001937859393143e-168	0.0	1.0910561333692628e-165	0.0	C	Energy production and conversion	METABOLISM	METABOLISM
COG5625	93.0	11347	2.0	455582	0.00819599894245175	4.389989068927218e-06	1866.9747951000265	2.1491164832459813e-147	0.0	1.1712684833690598e-144	0.0	K	Transcription	INFORMATION STORAGE AND PROCESSING	INFORMATION STORAGE AND PROCESSING
COG5487	85.0	11347	14927.0	455582	0.007490966775359127	0.032764683415938294	0.2286293043110914	3.160881184250728e-72	3.5319363187519747e-51	1.722680245416647e-69	1.924905293719826e-48	S	Function unknown	POORLY CHARACTERIZED	POORLY CHARACTERIZED
COG4038	81.0	11347	2.0	455582	0.007138450691812814	4.389989068927218e-06	1626.0748215387325	4.2234229491045585e-128	0.0	2.3017655072619843e-125	0.0	C	Energy production and conversion	METABOLISM	METABOLISM
COG4323	80.0	11347	438.0	455582	0.007050321670926236	0.0009614076060950607	7.333332528502092	4.3686143238805866e-39	2.373815912687346e-81	2.3808948065149196e-36	1.2937296724146034e-78	S	Function unknown	POORLY CHARACTERIZED	POORLY CHARACTERIZED
COG2383	74.0	11347	41.0	455582	0.006521547545606768	8.999477591300798e-05	72.46584570542981	2.6814256116870597e-89	0.0	1.4613769583694475e-86	0.0	S	Function unknown	POORLY CHARACTERIZED	POORLY CHARACTERIZED
COG1006	71.0	11347	731.0	455582	0.006257160482947034	0.0016045410046928985	3.8996575747496247	3.3392160439622594e-20	1.1640665025278025e-31	1.8198727439594313e-17	6.344162438776523e-29	P	Inorganic ion transport and metabolism	METABOLISM	METABOLISM
COG1581	54.0	11347	5.0	455582	0.00475896712787521	1.0974972672318047e-05	433.61995241032866	2.617212609161233e-81	0.0	1.426380871992872e-78	0.0	K	Transcription	INFORMATION STORAGE AND PROCESSING	INFORMATION STORAGE AND PROCESSING
COG1146	43.0	11347	1743.0	455582	0.0037895478981228524	0.003825875473570071	0.9905047679418276	1.0	1.0	1.0	1.0	F	Nucleotide transport and metabolism	METABOLISM	Not significant
COG2076	39.0	11347	1468.0	455582	0.00343703181457654	0.0032222519765925787	1.0666551962863824	0.6747757000617525	0.7530203049696589	1.0	1.0	V	Defense mechanisms	CELLULAR PROCESSES AND SIGNALING	Not significant
COG4039	37.0	11347	3.0	455582	0.003260773772803384	6.584983603390827e-06	495.1832789871038	1.6109348433531675e-56	2.0936653243928067e-291	8.779594896274763e-54	1.1410476017940797e-288	C	Energy production and conversion	METABOLISM	METABOLISM
COG1849	33.0	11347	3.0	455582	0.0029082576892570725	6.584983603390827e-06	441.64995152903856	3.3786973000495463e-50	8.239025745075004e-257	1.8413900285270029e-47	4.4902690310658774e-254	S	Function unknown	POORLY CHARACTERIZED	POORLY CHARACTERIZED
COG3462	31.0	11347	164.0	455582	0.0027319996474839165	0.0003599791036520319	7.58932843536596	1.6980364784623492e-16	4.360100217161855e-33	9.254298807619804e-14	2.376254618353211e-30	S	Function unknown	POORLY CHARACTERIZED	POORLY CHARACTERIZED
COG1320	29.0	11347	966.0	455582	0.0025557416057107605	0.0021203647202918466	1.2053311306551964	0.302384604166536	0.3732575687786073	1.0	1.0	P	Inorganic ion transport and metabolism	METABOLISM	Not significant
COG3042	21.0	11347	658.0	455582	0.0018507094386181371	0.0014443064036770551	1.2813828380919878	0.2597264716307831	0.31853403709168954	1.0	1.0	R	General function prediction only	POORLY CHARACTERIZED	Not significant
COG1942	21.0	11347	37.0	455582	0.0018507094386181371	8.121479777515354e-05	22.787835336879137	1.7312509805227854e-19	1.3658161836824092e-59	9.435317843849181e-17	7.44369820106913e-57	Q	Secondary metabolites biosynthesis, transport and catabolism	METABOLISM	METABOLISM
COG4818	21.0	11347	907.0	455582	0.0018507094386181371	0.0019908600427584935	0.9296029850766572	0.8311237589147568	0.8224338347937397	1.0	1.0	S	Function unknown	POORLY CHARACTERIZED	Not significant
COG2053	20.0	11347	1.0	455582	0.001762580417731559	2.194994534463609e-06	802.9999118709792	1.041291019220664e-31	1.593091808040218e-159	5.675036054752618e-29	8.682350353819189e-157	J	Translation, ribosomal structure and biogenesis	INFORMATION STORAGE AND PROCESSING	INFORMATION STORAGE AND PROCESSING
COG2026	20.0	11347	338.0	455582	0.001762580417731559	0.0007419081526486999	2.375739384233666	0.000737974857485958	0.00020861439548109672	0.4021962973298471	0.1136948455371977	V	Defense mechanisms	CELLULAR PROCESSES AND SIGNALING	Not significant
COG1141	19.0	11347	645.0	455582	0.0016744513968449813	0.001415771474729028	1.1827130484921398	0.4478201239201324	0.5510497602754354	1.0	1.0	C	Energy production and conversion	METABOLISM	Not significant
COG2888	17.0	11347	7.0	455582	0.0014981933550718251	1.5364961741245264e-05	97.50713215576175	1.0456154429834268e-22	7.912777844636738e-99	5.698604164259676e-20	4.312463925327022e-96	R	General function prediction only	POORLY CHARACTERIZED	POORLY CHARACTERIZED
COG0695	16.0	11347	498.0	455582	0.0014100643341852473	0.0010931072781628773	1.2899596977847054	0.3128575659570417	0.3884519199916563	1.0	1.0	O	Posttranslational modification, protein turnover, chaperones	CELLULAR PROCESSES AND SIGNALING	Not significant
COG2260	15.0	11347	5.0	455582	0.0013219353132986693	1.0974972672318047e-05	120.44998678064688	8.336899467585351e-21	4.56260824067262e-92	4.543610209834016e-18	2.4866214911665776e-89	J	Translation, ribosomal structure and biogenesis	INFORMATION STORAGE AND PROCESSING	INFORMATION STORAGE AND PROCESSING
COG4042	15.0	11347	0.0	455582	0.0013219353132986693	0.0	inf	6.032957825949736e-25	3.3768579596729673e-124	3.287962015142606e-22	1.8403875880217671e-121	C	Energy production and conversion	METABOLISM	METABOLISM
COG3478	14.0	11347	4.0	455582	0.0012338062924120911	8.779978137854436e-06	140.52498457742135	6.939756785155535e-20	6.05103796165285e-89	3.7821674479097664e-17	3.2978156891008035e-86	R	General function prediction only	POORLY CHARACTERIZED	POORLY CHARACTERIZED
COG3350	14.0	11347	1766.0	455582	0.0012338062924120911	0.0038763603478627344	0.31828988579257383	2.8569883534752743e-07	9.212875808554447e-06	0.00015570586526440246	0.0050210173156621735	P	Inorganic ion transport and metabolism	METABOLISM	METABOLISM
COG3432	13.0	11347	5.0	455582	0.0011456772715255133	1.0974972672318047e-05	104.38998854322728	7.828241275788962e-18	3.981747470724311e-76	4.266391495304984e-15	2.1700523715447496e-73	K	Transcription	INFORMATION STORAGE AND PROCESSING	INFORMATION STORAGE AND PROCESSING
COG3377	13.0	11347	23.0	455582	0.0011456772715255133	5.048487429266301e-05	22.6934757702668	1.4015648521562926e-12	2.612231376375397e-36	7.638528444251794e-10	1.4236661001245914e-33	S	Function unknown	POORLY CHARACTERIZED	POORLY CHARACTERIZED
COG5510	12.0	11347	8398.0	455582	0.0010575482506389351	0.01843356410042539	0.057370796275611737	7.176685894412465e-72	8.636337670474744e-43	3.9112938124547934e-69	4.706804030408736e-40	S	Function unknown	POORLY CHARACTERIZED	POORLY CHARACTERIZED
COG2261	11.0	11347	47736.0	455582	0.0009694192297523574	0.10478025909715484	0.00925192625123677	0.0	2.3403827532201544e-284	0.0	1.2755086005049841e-281	R	General function prediction only	POORLY CHARACTERIZED	POORLY CHARACTERIZED
COG2314	10.0	11347	460.0	455582	0.0008812902088657793	0.00100969748585326	0.8728259911641078	0.8801146068897633	0.7823800718365741	1.0	1.0	R	General function prediction only	POORLY CHARACTERIZED	Not significant
COG1873	10.0	11347	33.0	455582	0.0008812902088657793	7.243481963729909e-05	12.166665331378471	6.58302195440088e-08	5.573446542405788e-17	3.58774696514848e-05	3.0375283656111546e-14	R	General function prediction only	POORLY CHARACTERIZED	POORLY CHARACTERIZED
COG1977	9.0	11347	882.0	455582	0.0007931611879792017	0.001935985179396903	0.40969383258723424	0.003117365052040207	0.008133472527506022	1.0	1.0	H	Coenzyme transport and metabolism	METABOLISM	Not significant
COG4744	9.0	11347	108.0	455582	0.0007931611879792017	0.00023705940972206982	3.3458329661290795	0.002312144326661668	0.0006820796374955304	1.0	0.37173340243506403	S	Function unknown	POORLY CHARACTERIZED	Not significant
COG1588	9.0	11347	0.0	455582	0.0007931611879792017	0.0	inf	2.9466404100618163e-15	7.257946293129006e-72	1.6059190234836898e-12	3.9555807297553084e-69	J	Translation, ribosomal structure and biogenesis	INFORMATION STORAGE AND PROCESSING	INFORMATION STORAGE AND PROCESSING
COG1742	9.0	11347	158.0	455582	0.0007931611879792017	0.00034680913644525023	2.2870250654553206	0.0216214101939825	0.025581281134337056	1.0	1.0	R	General function prediction only	POORLY CHARACTERIZED	Not significant
COG1911	9.0	11347	5.0	455582	0.0007931611879792017	1.0974972672318047e-05	72.26999206838813	5.28239402369865e-12	1.5574337102168398e-45	2.878904742915764e-09	8.488013720681777e-43	J	Translation, ribosomal structure and biogenesis	INFORMATION STORAGE AND PROCESSING	INFORMATION STORAGE AND PROCESSING
COG1753	8.0	11347	1.0	455582	0.0007050321670926237	2.194994534463609e-06	321.19996474839166	1.0684662613297525e-12	5.658319084581825e-56	5.823141124247152e-10	3.0837839010970946e-53	V	Defense mechanisms	CELLULAR PROCESSES AND SIGNALING	CELLULAR PROCESSES AND SIGNALING
COG4035	7.0	11347	0.0	455582	0.0006169031462060457	0.0	inf	4.9960534343506405e-12	1.937765988988934e-54	2.722849121721099e-09	1.0560824639989692e-51	C	Energy production and conversion	METABOLISM	METABOLISM
COG2104	7.0	11347	718.0	455582	0.0006169031462060457	0.0015760060757448713	0.3914344974301429	0.007350717715907552	0.014591434782547685	1.0	1.0	H	Coenzyme transport and metabolism	METABOLISM	Not significant
COG1552	6.0	11347	4.0	455582	0.0005287741253194677	8.779978137854436e-06	60.22499339032344	3.971154167327462e-08	3.5897412832285785e-27	2.164279021193467e-05	1.956408999359575e-24	J	Translation, ribosomal structure and biogenesis	INFORMATION STORAGE AND PROCESSING	INFORMATION STORAGE AND PROCESSING
COG3630	6.0	11347	2766.0	455582	0.0005287741253194677	0.006071354882326343	0.08709326592960727	5.760649972878706e-22	5.0848183670527886e-14	3.1395542352188947e-19	2.7712260100437698e-11	C	Energy production and conversion	METABOLISM	METABOLISM
COG1644	6.0	11347	14.0	455582	0.0005287741253194677	3.072992348249053e-05	17.207140968663836	5.94378573818835e-06	3.3084749822952256e-13	0.003239363227312651	1.8031188653508979e-10	K	Transcription	INFORMATION STORAGE AND PROCESSING	INFORMATION STORAGE AND PROCESSING
COG5466	6.0	11347	96.0	455582	0.0005287741253194677	0.00021071947530850647	2.50937472459681	0.03857934595645941	0.052021463271927824	1.0	1.0	S	Function unknown	POORLY CHARACTERIZED	Not significant
COG1278	6.0	11347	187.0	455582	0.0005287741253194677	0.00041046397794469486	1.2882351527341909	0.4790741274246578	0.7049476257838885	1.0	1.0	K	Transcription	INFORMATION STORAGE AND PROCESSING	Not significant
COG1758	6.0	11347	12.0	455582	0.0005287741253194677	2.633993441356331e-05	20.07499779677448	2.9683888825014087e-06	9.229365315711708e-15	0.0016177719409632676	5.0300040970628805e-12	K	Transcription	INFORMATION STORAGE AND PROCESSING	INFORMATION STORAGE AND PROCESSING
COG0298	6.0	11347	67.0	455582	0.0005287741253194677	0.00014706463380906182	3.5955219934521447	0.008747791799932217	0.004621124031604068	1.0	1.0	O	Posttranslational modification, protein turnover, chaperones	CELLULAR PROCESSES AND SIGNALING	Not significant
COG3466	6.0	11347	0.0	455582	0.0005287741253194677	0.0	inf	2.0569370054126623e-10	9.780336428478776e-46	1.121030667949901e-07	5.330283353520933e-43	X	Mobilome: prophages, transposons	CELLULAR PROCESSES AND SIGNALING	CELLULAR PROCESSES AND SIGNALING
COG2770	6.0	11347	816.0	455582	0.0005287741253194677	0.001791115540122305	0.29522055583491874	0.00039791243518528537	0.002249872111364655	0.21686227717598053	1.0	T	Signal transduction mechanisms	CELLULAR PROCESSES AND SIGNALING	Not significant
COG4392	6.0	11347	1403.0	455582	0.0005287741253194677	0.0030795773318524435	0.17170347367162775	5.773735535285402e-09	1.5347233304907699e-06	3.146685866730544e-06	0.0008364242151174696	E	Amino acid transport and metabolism	METABOLISM	METABOLISM
COG3830	6.0	11347	240.0	455582	0.0005287741253194677	0.0005267986882712662	1.0037498898387238	1.0	1.0	1.0	1.0	T	Signal transduction mechanisms	CELLULAR PROCESSES AND SIGNALING	Not significant
COG4541	5.0	11347	636.0	455582	0.00044064510443288967	0.0013960165239188555	0.3156446194461396	0.0029784829758487084	0.009691942301128288	1.0	1.0	S	Function unknown	POORLY CHARACTERIZED	Not significant
COG1436	5.0	11347	13.0	455582	0.00044064510443288967	2.8534928948026922e-05	15.44230599751883	5.5669512005466384e-05	5.012430512113492e-10	0.03033988404297918	2.731774629101853e-07	C	Energy production and conversion	METABOLISM	METABOLISM
COG3414	5.0	11347	1905.0	455582	0.00044064510443288967	0.004181464588153176	0.1053805658623332	1.4854379396782588e-14	1.1122544738795656e-09	8.09563677124651e-12	6.061786882643632e-07	G	Carbohydrate transport and metabolism	METABOLISM	METABOLISM
COG4575	5.0	11347	1845.0	455582	0.00044064510443288967	0.0040497649160853594	0.10880757613427902	6.145898370756953e-14	2.380900919277145e-09	3.349514612062539e-11	1.297591001006044e-06	J	Translation, ribosomal structure and biogenesis	INFORMATION STORAGE AND PROCESSING	INFORMATION STORAGE AND PROCESSING
COG3585	5.0	11347	126.0	455582	0.00044064510443288967	0.00027656931134241474	1.5932537933948	0.25445294155008313	0.4550005457861799	1.0	1.0	H	Coenzyme transport and metabolism	METABOLISM	Not significant
COG2608	4.0	11347	5807.0	455582	0.00035251608354631183	0.012746333261630178	0.027656273871912492	1.3888928104625631e-55	1.003580123651612e-31	7.569465817020969e-53	5.469511673901285e-29	P	Inorganic ion transport and metabolism	METABOLISM	METABOLISM
COG2075	4.0	11347	1.0	455582	0.00035251608354631183	2.194994534463609e-06	160.59998237419583	1.7090052849281236e-06	9.974613545769472e-23	0.0009314078802858274	5.436164382444362e-20	J	Translation, ribosomal structure and biogenesis	INFORMATION STORAGE AND PROCESSING	INFORMATION STORAGE AND PROCESSING
COG2142	4.0	11347	274.0	455582	0.00035251608354631183	0.0006014285024430289	0.5861313225335614	0.4306453260804313	0.379466734926408	1.0	1.0	C	Energy production and conversion	METABOLISM	Not significant
COG1254	3.0	11347	394.0	455582	0.00026438706265973383	0.000864827846578662	0.30571062634681945	0.021966635538390625	0.04500750295070476	1.0	1.0	C	Energy production and conversion	METABOLISM	Not significant
COG1918	3.0	11347	1555.0	455582	0.00026438706265973383	0.0034132165010909124	0.07745979857276325	3.871361977814381e-13	1.4881179373663202e-08	2.1098922779088378e-10	8.110242758646446e-06	P	Inorganic ion transport and metabolism	METABOLISM	METABOLISM
COG3668	3.0	11347	495.0	455582	0.00026438706265973383	0.0010865222945594863	0.2433333066275694	0.003346304426185877	0.012257289584647418	1.0	1.0	X	Mobilome: prophages, transposons	CELLULAR PROCESSES AND SIGNALING	Not significant
COG1773	3.0	11347	783.0	455582	0.00026438706265973383	0.001718680720485006	0.15383140074156687	1.2305067924010327e-05	0.00029821532074883174	0.006706262018585628	0.1625273498081133	P	Inorganic ion transport and metabolism	METABOLISM	Not significant
COG2835	3.0	11347	197.0	455582	0.00026438706265973383	0.000432413923289331	0.6114212526936389	0.6409597963603928	0.5321132065738424	1.0	1.0	J	Translation, ribosomal structure and biogenesis	INFORMATION STORAGE AND PROCESSING	Not significant
COG3197	3.0	11347	12817.0	455582	0.00026438706265973383	0.02813324494822008	0.0093976739315477	1.5185544212866037e-132	8.853541264929188e-72	8.27612159601199e-130	4.825179989386408e-69	O	Posttranslational modification, protein turnover, chaperones	CELLULAR PROCESSES AND SIGNALING	CELLULAR PROCESSES AND SIGNALING
COG2827	3.0	11347	382.0	455582	0.00026438706265973383	0.0008384879121650987	0.31531410152001793	0.029938167210575305	0.0525012231172881	1.0	1.0	L	Replication, recombination and repair	INFORMATION STORAGE AND PROCESSING	Not significant
COG0401	3.0	11347	3683.0	455582	0.00026438706265973383	0.008084164870429473	0.032704313543482716	7.489861932973881e-35	2.381068402056935e-20	4.081974753470765e-32	1.2976822791210297e-17	C	Energy production and conversion	METABOLISM	METABOLISM
COG3152	3.0	11347	155.0	455582	0.00026438706265973383	0.00034022415284185937	0.7770966889073991	1.0	0.8606939551421376	1.0	1.0	S	Function unknown	POORLY CHARACTERIZED	Not significant
COG2012	3.0	11347	0.0	455582	0.00026438706265973383	0.0	inf	1.4347577554151031e-05	9.009913645417267e-20	0.007819429767012312	4.91040293675241e-17	K	Transcription	INFORMATION STORAGE AND PROCESSING	INFORMATION STORAGE AND PROCESSING
COG1476	2.0	11347	958.0	455582	0.00017625804177315592	0.002102804764016137	0.0838204500909164	4.0326833996219667e-08	1.2406759395351172e-05	2.197812452793972e-05	0.006761683870466388	K	Transcription	INFORMATION STORAGE AND PROCESSING	INFORMATION STORAGE AND PROCESSING
COG3360	2.0	11347	39.0	455582	0.00017625804177315592	8.560478684408075e-05	2.0589741330025104	0.2628644895704142	0.6094681277434456	1.0	1.0	R	General function prediction only	POORLY CHARACTERIZED	Not significant
COG0393	2.0	11347	33.0	455582	0.00017625804177315592	7.243481963729909e-05	2.4333330662756936	0.20878487470015067	0.4758786912809112	1.0	1.0	S	Function unknown	POORLY CHARACTERIZED	Not significant
COG2412	2.0	11347	0.0	455582	0.00017625804177315592	0.0	inf	0.0005905043053848953	2.6468919844629464e-11	0.32182484643476794	1.4425561315323058e-08	S	Function unknown	POORLY CHARACTERIZED	POORLY CHARACTERIZED
COG3369	2.0	11347	8.0	455582	0.00017625804177315592	1.7559956275708873e-05	10.03749889838724	0.023340554374670763	0.009838857035355137	1.0	1.0	S	Function unknown	POORLY CHARACTERIZED	Not significant
COG2929	2.0	11347	621.0	455582	0.00017625804177315592	0.0013630916059019012	0.12930755424653448	6.620997777924853e-05	0.000998776297554323	0.03608443788969045	0.5443330821671061	S	Function unknown	POORLY CHARACTERIZED	Not significant
COG1687	2.0	11347	783.0	455582	0.00017625804177315592	0.001718680720485006	0.10255426716104456	2.0152288241321017e-06	0.00012031141158289199	0.0010982997091519954	0.06556971931267613	E	Amino acid transport and metabolism	METABOLISM	Not significant
COG3357	2.0	11347	6.0	455582	0.00017625804177315592	1.3169967206781655e-05	13.383331864516318	0.014998524441180147	0.002719995618758369	1.0	1.0	K	Transcription	INFORMATION STORAGE AND PROCESSING	Not significant
COG2863	2.0	11347	2308.0	455582	0.00017625804177315592	0.00506604738554201	0.03479202391122093	5.425800049489572e-22	3.721384714315798e-13	2.9570610269718167e-19	2.0281546693021098e-10	C	Energy production and conversion	METABOLISM	METABOLISM
COG2139	2.0	11347	0.0	455582	0.00017625804177315592	0.0	inf	0.0005905043053848953	2.6468919844629464e-11	0.32182484643476794	1.4425561315323058e-08	J	Translation, ribosomal structure and biogenesis	INFORMATION STORAGE AND PROCESSING	INFORMATION STORAGE AND PROCESSING
COG5131	2.0	11347	4.0	455582	0.00017625804177315592	8.779978137854436e-06	20.07499779677448	0.008299145169817645	0.00033025881867936713	1.0	0.1799910561802551	O	Posttranslational modification, protein turnover, chaperones	CELLULAR PROCESSES AND SIGNALING	Not significant
COG3815	2.0	11347	15.0	455582	0.00017625804177315592	3.292491801695414e-05	5.353332745806527	0.06308727554976677	0.08690595355605447	1.0	1.0	S	Function unknown	POORLY CHARACTERIZED	Not significant
COG0640	2.0	11347	167.0	455582	0.00017625804177315592	0.0003665640872554227	0.4808382705814246	0.44920043691007466	0.4220359508327516	1.0	1.0	K	Transcription	INFORMATION STORAGE AND PROCESSING	Not significant
COG1358	2.0	11347	14.0	455582	0.00017625804177315592	3.072992348249053e-05	5.7357136562212805	0.0565544034416237	0.07121710093430764	1.0	1.0	J	Translation, ribosomal structure and biogenesis	INFORMATION STORAGE AND PROCESSING	Not significant
COG4327	2.0	11347	3728.0	455582	0.00017625804177315592	0.008182939624480336	0.02153969720683957	9.712418787817688e-37	4.9436542260661026e-21	5.29326823936064e-34	2.694291553206026e-18	S	Function unknown	POORLY CHARACTERIZED	POORLY CHARACTERIZED
COG1872	2.0	11347	39.0	455582	0.00017625804177315592	8.560478684408075e-05	2.0589741330025104	0.2628644895704142	0.6094681277434456	1.0	1.0	S	Function unknown	POORLY CHARACTERIZED	Not significant
COG3296	2.0	11347	167.0	455582	0.00017625804177315592	0.0003665640872554227	0.4808382705814246	0.44920043691007466	0.4220359508327516	1.0	1.0	R	General function prediction only	POORLY CHARACTERIZED	Not significant
COG1144	1.0	11347	59.0	455582	8.812902088657794e-05	0.00012950467753335295	0.6805083998906601	1.0	1.0	1.0	1.0	C	Energy production and conversion	METABOLISM	Not significant
COG4888	1.0	11347	0.0	455582	8.812902088657794e-05	0.0	inf	0.024301339175971118	0.002006318523709146	1.0	1.0	K	Transcription	INFORMATION STORAGE AND PROCESSING	Not significant
COG4545	1.0	11347	24.0	455582	8.812902088657794e-05	5.267986882712662e-05	1.6729164830645398	0.4593878865051426	1.0	1.0	1.0	O	Posttranslational modification, protein turnover, chaperones	CELLULAR PROCESSES AND SIGNALING	Not significant
COG4919	1.0	11347	1.0	455582	8.812902088657794e-05	2.194994534463609e-06	40.14999559354896	0.048012174049236585	0.038184430293447834	1.0	1.0	J	Translation, ribosomal structure and biogenesis	INFORMATION STORAGE AND PROCESSING	Not significant
COG2126	1.0	11347	0.0	455582	8.812902088657794e-05	0.0	inf	0.024301339175971118	0.002006318523709146	1.0	1.0	J	Translation, ribosomal structure and biogenesis	INFORMATION STORAGE AND PROCESSING	Not significant
COG2174	1.0	11347	0.0	455582	8.812902088657794e-05	0.0	inf	0.024301339175971118	0.002006318523709146	1.0	1.0	J	Translation, ribosomal structure and biogenesis	INFORMATION STORAGE AND PROCESSING	Not significant
COG3422	1.0	11347	50.0	455582	8.812902088657794e-05	0.00010974972672318046	0.8029999118709791	1.0	1.0	1.0	1.0	S	Function unknown	POORLY CHARACTERIZED	Not significant
COG2167	1.0	11347	0.0	455582	8.812902088657794e-05	0.0	inf	0.024301339175971118	0.002006318523709146	1.0	1.0	J	Translation, ribosomal structure and biogenesis	INFORMATION STORAGE AND PROCESSING	Not significant
COG0599	1.0	11347	1.0	455582	8.812902088657794e-05	2.194994534463609e-06	40.14999559354896	0.048012174049236585	0.038184430293447834	1.0	1.0	R	General function prediction only	POORLY CHARACTERIZED	Not significant
COG3339	1.0	11347	45.0	455582	8.812902088657794e-05	9.87747540508624e-05	0.8922221243010878	1.0	1.0	1.0	1.0	S	Function unknown	POORLY CHARACTERIZED	Not significant
COG3277	1.0	11347	0.0	455582	8.812902088657794e-05	0.0	inf	0.024301339175971118	0.002006318523709146	1.0	1.0	J	Translation, ribosomal structure and biogenesis	INFORMATION STORAGE AND PROCESSING	Not significant
COG0607	1.0	11347	35.0	455582	8.812902088657794e-05	7.682480870622632e-05	1.147142731244256	0.5875693568338191	1.0	1.0	1.0	P	Inorganic ion transport and metabolism	METABOLISM	Not significant
COG5272	1.0	11347	21.0	455582	8.812902088657794e-05	4.6094885223735795e-05	1.91190455207376	0.4179768695085227	1.0	1.0	1.0	O	Posttranslational modification, protein turnover, chaperones	CELLULAR PROCESSES AND SIGNALING	Not significant
COG1532	1.0	11347	3.0	455582	8.812902088657794e-05	6.584983603390827e-06	13.383331864516318	0.09371937260827233	0.19089900254758135	1.0	1.0	R	General function prediction only	POORLY CHARACTERIZED	Not significant
COG0828	1.0	11347	26.0	455582	8.812902088657794e-05	5.7069857896053844e-05	1.5442305997518828	0.4853452220958946	1.0	1.0	1.0	J	Translation, ribosomal structure and biogenesis	INFORMATION STORAGE AND PROCESSING	Not significant
COG4855	1.0	11347	4.0	455582	8.812902088657794e-05	8.779978137854436e-06	10.03749889838724	0.11574339419663578	0.2716523113395515	1.0	1.0	F	Nucleotide transport and metabolism	METABOLISM	Not significant
COG1997	1.0	11347	0.0	455582	8.812902088657794e-05	0.0	inf	0.024301339175971118	0.002006318523709146	1.0	1.0	J	Translation, ribosomal structure and biogenesis	INFORMATION STORAGE AND PROCESSING	Not significant
COG3162	1.0	11347	874.0	455582	8.812902088657794e-05	0.0019184252231211946	0.04593821006126883	1.721281998280477e-08	1.4049815375880908e-05	9.3809868906286e-06	0.007657149379855095	S	Function unknown	POORLY CHARACTERIZED	POORLY CHARACTERIZED
COG2892	1.0	11347	0.0	455582	8.812902088657794e-05	0.0	inf	0.024301339175971118	0.002006318523709146	1.0	1.0	J	Translation, ribosomal structure and biogenesis	INFORMATION STORAGE AND PROCESSING	Not significant
COG1669	1.0	11347	303.0	455582	8.812902088657794e-05	0.0006650833439424736	0.1325082362823398	0.008375542934311071	0.02825943356485655	1.0	1.0	R	General function prediction only	POORLY CHARACTERIZED	Not significant
COG1958	1.0	11347	3.0	455582	8.812902088657794e-05	6.584983603390827e-06	13.383331864516318	0.09371937260827233	0.19089900254758135	1.0	1.0	K	Transcription	INFORMATION STORAGE AND PROCESSING	Not significant
COG0316	1.0	11347	45.0	455582	8.812902088657794e-05	9.87747540508624e-05	0.8922221243010878	1.0	1.0	1.0	1.0	O	Posttranslational modification, protein turnover, chaperones	CELLULAR PROCESSES AND SIGNALING	Not significant
COG2092	1.0	11347	0.0	455582	8.812902088657794e-05	0.0	inf	0.024301339175971118	0.002006318523709146	1.0	1.0	J	Translation, ribosomal structure and biogenesis	INFORMATION STORAGE AND PROCESSING	Not significant
COG2880	1.0	11347	0.0	455582	8.812902088657794e-05	0.0	inf	0.024301339175971118	0.002006318523709146	1.0	1.0	R	General function prediction only	POORLY CHARACTERIZED	Not significant
COG1534	1.0	11347	84.0	455582	8.812902088657794e-05	0.00018437954089494318	0.4779761380184399	0.7263656006179697	0.6902962755726421	1.0	1.0	J	Translation, ribosomal structure and biogenesis	INFORMATION STORAGE AND PROCESSING	Not significant
COG1965	1.0	11347	0.0	455582	8.812902088657794e-05	0.0	inf	0.024301339175971118	0.002006318523709146	1.0	1.0	P	Inorganic ion transport and metabolism	METABOLISM	Not significant
COG5606	1.0	11347	17.0	455582	8.812902088657794e-05	3.731490708588136e-05	2.36176444667935	0.3577868176018762	0.9236898023221888	1.0	1.0	R	General function prediction only	POORLY CHARACTERIZED	Not significant
COG1343	1.0	11347	9.0	455582	8.812902088657794e-05	1.975495081017248e-05	4.461110621505441	0.2180912978173372	0.5976611029995418	1.0	1.0	V	Defense mechanisms	CELLULAR PROCESSES AND SIGNALING	Not significant
COG4272	1.0	11347	61.0	455582	8.812902088657794e-05	0.00013389466660228015	0.658196649074573	1.0	0.9956018378807584	1.0	1.0	S	Function unknown	POORLY CHARACTERIZED	Not significant
COG0762	1.0	11347	12979.0	455582	8.812902088657794e-05	0.02848883406280318	0.00309345832448948	1.187710111775034e-138	1.3139589697625452e-73	6.473020109173936e-136	7.1610763852058715e-71	O	Posttranslational modification, protein turnover, chaperones	CELLULAR PROCESSES AND SIGNALING	CELLULAR PROCESSES AND SIGNALING
COG3269	1.0	11347	0.0	455582	8.812902088657794e-05	0.0	inf	0.024301339175971118	0.002006318523709146	1.0	1.0	R	General function prediction only	POORLY CHARACTERIZED	Not significant
COG4828	1.0	11347	39.0	455582	8.812902088657794e-05	8.560478684408075e-05	1.0294870665012552	0.6262249692320817	1.0	1.0	1.0	S	Function unknown	POORLY CHARACTERIZED	Not significant
COG2456	1.0	11347	9.0	455582	8.812902088657794e-05	1.975495081017248e-05	4.461110621505441	0.2180912978173372	0.5976611029995418	1.0	1.0	S	Function unknown	POORLY CHARACTERIZED	Not significant
COG3293	1.0	11347	14.0	455582	8.812902088657794e-05	3.072992348249053e-05	2.8678568281106402	0.3085939090451379	0.8202865445251489	1.0	1.0	X	Mobilome: prophages, transposons	CELLULAR PROCESSES AND SIGNALING	Not significant
COG4980	1.0	11347	1378.0	455582	8.812902088657794e-05	0.003024702468490853	0.02913642641041288	1.2452800971821963e-13	2.0642819848981203e-08	6.78677652964297e-11	1.1250336817694755e-05	R	General function prediction only	POORLY CHARACTERIZED	POORLY CHARACTERIZED
COG2337	1.0	11347	63.0	455582	8.812902088657794e-05	0.00013828465567120734	0.6373015173579201	1.0	0.9642007474078392	1.0	1.0	V	Defense mechanisms	CELLULAR PROCESSES AND SIGNALING	Not significant
COG0185	1.0	11347	20.0	455582	8.812902088657794e-05	4.389989068927218e-05	2.007499779677448	0.4034799822660843	1.0	1.0	1.0	J	Translation, ribosomal structure and biogenesis	INFORMATION STORAGE AND PROCESSING	Not significant
COG4537	1.0	11347	321.0	455582	8.812902088657794e-05	0.0007045932455628187	0.12507786789267586	0.0058870254672775775	0.02202862415292537	1.0	1.0	X	Mobilome: prophages, transposons	CELLULAR PROCESSES AND SIGNALING	Not significant
COG2919	1.0	11347	2153.0	455582	8.812902088657794e-05	0.0047258232327001505	0.018648395538109132	9.514984098373732e-22	9.956181439408278e-13	5.185666333613683e-19	5.426118884477511e-10	D	Cell cycle control, cell division, chromosome partitioning	CELLULAR PROCESSES AND SIGNALING	CELLULAR PROCESSES AND SIGNALING
COG1598	1.0	11347	126.0	455582	8.812902088657794e-05	0.00027656931134241474	0.31865075867896003	0.3804389948167711	0.3605894626476556	1.0	1.0	V	Defense mechanisms	CELLULAR PROCESSES AND SIGNALING	Not significant
COG2442	1.0	11347	434.0	455582	8.812902088657794e-05	0.0009526276279572065	0.09251151058421417	0.0004800947390553178	0.004716030209327584	0.2616516327851482	1.0	V	Defense mechanisms	CELLULAR PROCESSES AND SIGNALING	Not significant
COG1369	1.0	11347	0.0	455582	8.812902088657794e-05	0.0	inf	0.024301339175971118	0.002006318523709146	1.0	1.0	J	Translation, ribosomal structure and biogenesis	INFORMATION STORAGE AND PROCESSING	Not significant
COG2036	1.0	11347	1.0	455582	8.812902088657794e-05	2.194994534463609e-06	40.14999559354896	0.048012174049236585	0.038184430293447834	1.0	1.0	B	Chromatin structure and dynamics	INFORMATION STORAGE AND PROCESSING	Not significant
COG4009	1.0	11347	0.0	455582	8.812902088657794e-05	0.0	inf	0.024301339175971118	0.002006318523709146	1.0	1.0	S	Function unknown	POORLY CHARACTERIZED	Not significant
COG1987	0.0	11347	24633.0	455582	0.0	0.054069300367442084	0.0	6.845286385464181e-271	1.2187421257297248e-142	3.730681080077979e-268	6.642144585227e-140	N	Cell motility	CELLULAR PROCESSES AND SIGNALING	CELLULAR PROCESSES AND SIGNALING
COG4794	0.0	11347	19919.0	455582	0.0	0.04372209613198063	0.0	5.466328576959078e-218	1.7628862758753247e-114	2.9791490744426974e-215	9.607730203520519e-112	U	Intracellular trafficking, secretion, and vesicular transport	CELLULAR PROCESSES AND SIGNALING	CELLULAR PROCESSES AND SIGNALING
COG0690	0.0	11347	16813.0	455582	0.0	0.03690444310793666	0.0	2.447865949008827e-183	3.057058273152433e-96	1.3340869422098107e-180	1.666096758868076e-93	U	Intracellular trafficking, secretion, and vesicular transport	CELLULAR PROCESSES AND SIGNALING	CELLULAR PROCESSES AND SIGNALING
COG1314	0.0	11347	11148.0	455582	0.0	0.024469799070200315	0.0	6.550695056076956e-121	1.3628709892736734e-63	3.570128805561941e-118	7.42764689154152e-61	U	Intracellular trafficking, secretion, and vesicular transport	CELLULAR PROCESSES AND SIGNALING	CELLULAR PROCESSES AND SIGNALING
COG3242	0.0	11347	9615.0	455582	0.0	0.021104872448867603	0.0	2.5165438044475974e-104	6.899934620802606e-55	1.3715163734239406e-101	3.76046436833742e-52	S	Function unknown	POORLY CHARACTERIZED	POORLY CHARACTERIZED
COG1862	0.0	11347	9060.0	455582	0.0	0.0198866504822403	0.0	3.088757760583147e-98	9.486185556763897e-52	1.6833729795178154e-95	5.1699711284363236e-49	U	Intracellular trafficking, secretion, and vesicular transport	CELLULAR PROCESSES AND SIGNALING	CELLULAR PROCESSES AND SIGNALING
COG4736	0.0	11347	5985.0	455582	0.0	0.0131370422887647	0.0	8.075085060831272e-65	1.7643672205856633e-34	4.4009213581530435e-62	9.615801352191865e-32	C	Energy production and conversion	METABOLISM	METABOLISM
COG5546	0.0	11347	3764.0	455582	0.0	0.008261959427721025	0.0	7.189999391650561e-41	4.1034520272517995e-22	3.918549668449556e-38	2.236381354852231e-19	S	Function unknown	POORLY CHARACTERIZED	POORLY CHARACTERIZED
COG3114	0.0	11347	3674.0	455582	0.0	0.0080644099196193	0.0	7.1769551845366436e-40	1.297000267012048e-21	3.911440575572471e-37	7.068651455215661e-19	U	Intracellular trafficking, secretion, and vesicular transport	CELLULAR PROCESSES AND SIGNALING	CELLULAR PROCESSES AND SIGNALING
COG5454	0.0	11347	3246.0	455582	0.0	0.007124952258868876	0.0	3.1714976233534286e-35	3.082830793473701e-19	1.7284662047276187e-32	1.680142782443167e-16	S	Function unknown	POORLY CHARACTERIZED	POORLY CHARACTERIZED
COG5268	0.0	11347	2739.0	455582	0.0	0.006012090029895826	0.0	9.112256366248947e-30	2.0081297059324964e-16	4.9661797196056766e-27	1.0944306897332106e-13	U	Intracellular trafficking, secretion, and vesicular transport	CELLULAR PROCESSES AND SIGNALING	CELLULAR PROCESSES AND SIGNALING
COG0759	0.0	11347	2538.0	455582	0.0	0.00557089612846864	0.0	1.2667682868887745e-27	2.6213698420699e-15	6.903887163543821e-25	1.4286465639280954e-12	M	Cell wall/membrane/envelope biogenesis	CELLULAR PROCESSES AND SIGNALING	CELLULAR PROCESSES AND SIGNALING
COG4890	0.0	11347	2056.0	455582	0.0	0.0045129087628571814	0.0	1.611484956737789e-22	1.2474637452043077e-12	8.78259301422095e-20	6.798677411363477e-10	S	Function unknown	POORLY CHARACTERIZED	POORLY CHARACTERIZED
COG5477	0.0	11347	1823.0	455582	0.0	0.004001475036327159	0.0	4.7909985790138676e-20	2.467325600475492e-11	2.6110942255625578e-17	1.3446924522591433e-08	S	Function unknown	POORLY CHARACTERIZED	POORLY CHARACTERIZED
COG3763	0.0	11347	1739.0	455582	0.0	0.0038170954954322173	0.0	4.831737725578335e-19	7.24440816740916e-11	2.6332970604401923e-16	3.948202451237992e-08	S	Function unknown	POORLY CHARACTERIZED	POORLY CHARACTERIZED
COG2771	0.0	11347	1343.0	455582	0.0	0.0029478776597846273	0.0	9.717052159820574e-15	1.1760462512941443e-08	5.295793427102213e-12	6.409452069553087e-06	K	Transcription	INFORMATION STORAGE AND PROCESSING	INFORMATION STORAGE AND PROCESSING
COG4298	0.0	11347	1332.0	455582	0.0	0.002923732719905528	0.0	9.046250062091912e-15	1.355148846917069e-08	4.930206283840092e-12	7.385561215698026e-06	S	Function unknown	POORLY CHARACTERIZED	POORLY CHARACTERIZED
COG5572	0.0	11347	1214.0	455582	0.0	0.002664723364838821	0.0	1.9176621913643609e-13	6.210569921550769e-08	1.0451258942935767e-10	3.384760607245169e-05	S	Function unknown	POORLY CHARACTERIZED	POORLY CHARACTERIZED
COG3169	0.0	11347	1129.0	455582	0.0	0.0024781488294094147	0.0	2.011227522946272e-12	1.8635832992796126e-07	1.0961190000057183e-09	0.00010156528981073889	S	Function unknown	POORLY CHARACTERIZED	POORLY CHARACTERIZED
COG5567	0.0	11347	1108.0	455582	0.0	0.002432053944185679	0.0	2.768063732440469e-12	2.445647533126887e-07	1.5085947341800555e-09	0.00013328779055541535	S	Function unknown	POORLY CHARACTERIZED	POORLY CHARACTERIZED
COG4317	0.0	11347	992.0	455582	0.0	0.0021774345781879	0.0	6.270814711624932e-11	1.1006555792489964e-06	3.417594017835588e-08	0.000599857290690703	F	Nucleotide transport and metabolism	METABOLISM	METABOLISM
COG3702	0.0	11347	939.0	455582	0.0	0.002061099867861329	0.0	1.810961298881376e-10	2.1922834671750267e-06	9.8697390789035e-08	0.0011947944896103894	U	Intracellular trafficking, secretion, and vesicular transport	CELLULAR PROCESSES AND SIGNALING	CELLULAR PROCESSES AND SIGNALING
COG3116	0.0	11347	926.0	455582	0.0	0.0020325649389133023	0.0	2.708344370038489e-10	2.5964565941434378e-06	1.4760476816709764e-07	0.0014150688438081735	D	Cell cycle control, cell division, chromosome partitioning	CELLULAR PROCESSES AND SIGNALING	CELLULAR PROCESSES AND SIGNALING
COG0333	0.0	11347	842.0	455582	0.0	0.001848185398018359	0.0	1.7251955543307651e-09	7.76436356548519e-06	9.40231577110267e-07	0.004231578143189428	J	Translation, ribosomal structure and biogenesis	INFORMATION STORAGE AND PROCESSING	INFORMATION STORAGE AND PROCESSING
COG0254	0.0	11347	730.0	455582	0.0	0.0016023460101584348	0.0	4.011585389788301e-08	3.3674732455351894e-05	2.1863140374346242e-05	0.018352729188166782	J	Translation, ribosomal structure and biogenesis	INFORMATION STORAGE AND PROCESSING	INFORMATION STORAGE AND PROCESSING
COG5569	0.0	11347	682.0	455582	0.0	0.0014969862725041814	0.0	1.2270185042355562e-07	6.33348996165254e-05	6.68725084808378e-05	0.03451752029100634	P	Inorganic ion transport and metabolism	METABOLISM	METABOLISM
COG5591	0.0	11347	670.0	455582	0.0	0.0014706463380906182	0.0	1.1271466202786153e-07	7.419343176531519e-05	6.142949080518454e-05	0.04043542031209678	S	Function unknown	POORLY CHARACTERIZED	POORLY CHARACTERIZED
COG4836	0.0	11347	652.0	455582	0.0	0.0014311364364702733	0.0	2.6586238015219216e-07	9.409368661125611e-05	0.00014489499718294474	0.05128105920313458	S	Function unknown	POORLY CHARACTERIZED	Not significant
COG5645	0.0	11347	542.0	455582	0.0	0.0011896870376792762	0.0	3.7427541744181585e-06	0.0004051166259729975	0.0020398010250578962	0.22078856115528364	S	Function unknown	POORLY CHARACTERIZED	Not significant
COG2501	0.0	11347	541.0	455582	0.0	0.0011874920431448127	0.0	3.7003091377494903e-06	0.0004105581211687273	0.0020166684800734724	0.22375417603695638	J	Translation, ribosomal structure and biogenesis	INFORMATION STORAGE AND PROCESSING	Not significant
COG3655	0.0	11347	534.0	455582	0.0	0.0011721270814035673	0.0	3.5099697684913497e-06	0.0004507694324234358	0.0019129335238277855	0.24566934067077253	K	Transcription	INFORMATION STORAGE AND PROCESSING	Not significant
COG5547	0.0	11347	518.0	455582	0.0	0.0011370071688521495	0.0	5.131059201341304e-06	0.0005582496613484658	0.0027964272647310108	0.3042460654349139	S	Function unknown	POORLY CHARACTERIZED	Not significant
COG4459	0.0	11347	509.0	455582	0.0	0.001117252218041977	0.0	7.853015847348015e-06	0.0006297186679804883	0.004279893636804668	0.34319667404936616	C	Energy production and conversion	METABOLISM	Not significant
COG4654	0.0	11347	509.0	455582	0.0	0.001117252218041977	0.0	7.853015847348015e-06	0.0006297186679804883	0.004279893636804668	0.34319667404936616	C	Energy production and conversion	METABOLISM	Not significant
COG3838	0.0	11347	496.0	455582	0.0	0.00108871728909395	0.0	1.1824403828499797e-05	0.000749582059066126	0.006444300086532389	0.4085222221910386	U	Intracellular trafficking, secretion, and vesicular transport	CELLULAR PROCESSES AND SIGNALING	Not significant
COG3924	0.0	11347	495.0	455582	0.0	0.0010865222945594863	0.0	1.1686885959103453e-05	0.0007597055498986477	0.006369352847711382	0.414039524694763	S	Function unknown	POORLY CHARACTERIZED	Not significant
COG1440	0.0	11347	467.0	455582	0.0	0.0010250624475945057	0.0	2.6049361570987188e-05	0.0011068587426367015	0.014196902056188017	0.6032380147370023	G	Carbohydrate transport and metabolism	METABOLISM	Not significant
COG0776	0.0	11347	464.0	455582	0.0	0.001018477463991115	0.0	2.5091274420763488e-05	0.0011525031684565886	0.013674744559316101	0.6281142268088408	L	Replication, recombination and repair	INFORMATION STORAGE AND PROCESSING	Not significant
COG3776	0.0	11347	428.0	455582	0.0	0.0009394576607504248	0.0	5.161642252249231e-05	0.00187442375678712	0.028130950274758308	1.0	S	Function unknown	POORLY CHARACTERIZED	Not significant
COG3237	0.0	11347	391.0	455582	0.0	0.0008582428629752713	0.0	0.0001087290129860933	0.0030996447044376032	0.05925731207742085	1.0	S	Function unknown	POORLY CHARACTERIZED	Not significant
COG3771	0.0	11347	373.0	455582	0.0	0.0008187329613549263	0.0	0.00025594238423437955	0.003964171384189731	0.13948859940773686	1.0	S	Function unknown	POORLY CHARACTERIZED	Not significant
COG0267	0.0	11347	373.0	455582	0.0	0.0008187329613549263	0.0	0.00025594238423437955	0.003964171384189731	0.13948859940773686	1.0	J	Translation, ribosomal structure and biogenesis	INFORMATION STORAGE AND PROCESSING	Not significant
COG2906	0.0	11347	364.0	455582	0.0	0.0007989780105447538	0.0	0.00023673176827925492	0.004484645716557353	0.12901881371219392	1.0	P	Inorganic ion transport and metabolism	METABOLISM	Not significant
COG2336	0.0	11347	364.0	455582	0.0	0.0007989780105447538	0.0	0.00023673176827925492	0.004484645716557353	0.12901881371219392	1.0	V	Defense mechanisms	CELLULAR PROCESSES AND SIGNALING	Not significant
COG1923	0.0	11347	316.0	455582	0.0	0.0006936182728905005	0.0	0.0007463045715071887	0.008698994644198096	0.40673599147141787	1.0	T	Signal transduction mechanisms	CELLULAR PROCESSES AND SIGNALING	Not significant
COG4104	0.0	11347	297.0	455582	0.0	0.000651913376735692	0.0	0.0010904624146866363	0.011335590301456457	0.5943020160042168	1.0	U	Intracellular trafficking, secretion, and vesicular transport	CELLULAR PROCESSES AND SIGNALING	Not significant
COG5336	0.0	11347	294.0	455582	0.0	0.0006453283931323013	0.0	0.0017260062093432625	0.011821217411524969	0.9406733840920781	1.0	C	Energy production and conversion	METABOLISM	Not significant
COG3790	0.0	11347	242.0	455582	0.0	0.0005311886773401934	0.0	0.005257689551519032	0.024644748062316403	1.0	1.0	S	Function unknown	POORLY CHARACTERIZED	Not significant
COG5548	0.0	11347	241.0	455582	0.0	0.0005289936828057298	0.0	0.00522442257930816	0.024999401330620608	1.0	1.0	S	Function unknown	POORLY CHARACTERIZED	Not significant
COG3759	0.0	11347	239.0	455582	0.0	0.0005246036937368026	0.0	0.005171614466313958	0.02572462392319902	1.0	1.0	S	Function unknown	POORLY CHARACTERIZED	Not significant
COG4238	0.0	11347	226.0	455582	0.0	0.0004960687647887757	0.0	0.007734866478104388	0.031001286935272744	1.0	1.0	M	Cell wall/membrane/envelope biogenesis	CELLULAR PROCESSES AND SIGNALING	Not significant
COG5416	0.0	11347	220.0	455582	0.0	0.00048289879758199404	0.0	0.007555209951394402	0.03380391077862807	1.0	1.0	S	Function unknown	POORLY CHARACTERIZED	Not significant
COG0011	0.0	11347	219.0	455582	0.0	0.00048070380304753035	0.0	0.007548095234844448	0.034296019009122256	1.0	1.0	H	Coenzyme transport and metabolism	METABOLISM	Not significant
COG5457	0.0	11347	211.0	455582	0.0	0.00046314384677182156	0.0	0.011466865041457356	0.038511383701963116	1.0	1.0	S	Function unknown	POORLY CHARACTERIZED	Not significant
COG1724	0.0	11347	202.0	455582	0.0	0.00044338889596164913	0.0	0.018027274275188902	0.04390580994442743	1.0	1.0	R	General function prediction only	POORLY CHARACTERIZED	Not significant
COG3695	0.0	11347	187.0	455582	0.0	0.00041046397794469486	0.0	0.016454265323314052	0.05472354684152324	1.0	1.0	K	Transcription	INFORMATION STORAGE AND PROCESSING	Not significant
COG3125	0.0	11347	178.0	455582	0.0	0.00039070902713452243	0.0	0.02481694397669979	0.06252813421610035	1.0	1.0	C	Energy production and conversion	METABOLISM	Not significant
COG1550	0.0	11347	162.0	455582	0.0	0.0003555891145831047	0.0	0.036720231393022426	0.0794500939505176	1.0	1.0	S	Function unknown	POORLY CHARACTERIZED	Not significant
COG3767	0.0	11347	158.0	455582	0.0	0.00034680913644525023	0.0	0.03617009208686217	0.08439950267721548	1.0	1.0	S	Function unknown	POORLY CHARACTERIZED	Not significant
COG3077	0.0	11347	157.0	455582	0.0	0.00034461414191078665	0.0	0.03610347575815041	0.08568751246182996	1.0	1.0	V	Defense mechanisms	CELLULAR PROCESSES AND SIGNALING	Not significant
COG2154	0.0	11347	154.0	455582	0.0	0.00033802915830739584	0.0	0.05791723962101024	0.08967900905641127	1.0	1.0	H	Coenzyme transport and metabolism	METABOLISM	Not significant
COG0236	0.0	11347	150.0	455582	0.0	0.00032924918016954133	0.0	0.05586663817224333	0.09531304033522872	1.0	1.0	I	Lipid transport and metabolism	METABOLISM	Not significant
COG3474	0.0	11347	149.0	455582	0.0	0.00032705418563507775	0.0	0.055452190674446164	0.0967800025486876	1.0	1.0	C	Energy production and conversion	METABOLISM	Not significant
COG3411	0.0	11347	146.0	455582	0.0	0.00032046920203168694	0.0	0.054446948731063385	0.10132812807021377	1.0	1.0	C	Energy production and conversion	METABOLISM	Not significant
COG3093	0.0	11347	143.0	455582	0.0	0.0003138842184282961	0.0	0.05380223837125666	0.10610677746419238	1.0	1.0	V	Defense mechanisms	CELLULAR PROCESSES AND SIGNALING	Not significant
COG3113	0.0	11347	143.0	455582	0.0	0.0003138842184282961	0.0	0.05380223837125666	0.10610677746419238	1.0	1.0	M	Cell wall/membrane/envelope biogenesis	CELLULAR PROCESSES AND SIGNALING	Not significant
COG5470	0.0	11347	140.0	455582	0.0	0.00030729923482490526	0.0	0.0535227276794237	0.11112906362174296	1.0	1.0	S	Function unknown	POORLY CHARACTERIZED	Not significant
COG3584	0.0	11347	130.0	455582	0.0	0.0002853492894802692	0.0	0.08093838296249645	0.12981660528445496	1.0	1.0	S	Function unknown	POORLY CHARACTERIZED	Not significant
COG4897	0.0	11347	130.0	455582	0.0	0.0002853492894802692	0.0	0.08093838296249645	0.12981660528445496	1.0	1.0	S	Function unknown	POORLY CHARACTERIZED	Not significant
COG0230	0.0	11347	130.0	455582	0.0	0.0002853492894802692	0.0	0.08093838296249645	0.12981660528445496	1.0	1.0	J	Translation, ribosomal structure and biogenesis	INFORMATION STORAGE AND PROCESSING	Not significant
COG3549	0.0	11347	129.0	455582	0.0	0.0002831542949458056	0.0	0.08057472620695716	0.1318652902475682	1.0	1.0	V	Defense mechanisms	CELLULAR PROCESSES AND SIGNALING	Not significant
COG3423	0.0	11347	125.0	455582	0.0	0.0002743743168079512	0.0	0.07969201042290971	0.14042001266037704	1.0	1.0	K	Transcription	INFORMATION STORAGE AND PROCESSING	Not significant
COG4453	0.0	11347	123.0	455582	0.0	0.000269984327739024	0.0	0.07959977968724688	0.14492350124280173	1.0	1.0	S	Function unknown	POORLY CHARACTERIZED	Not significant
COG0211	0.0	11347	117.0	455582	0.0	0.00025681436053224226	0.0	0.12273411029970233	0.15941365493706286	1.0	1.0	J	Translation, ribosomal structure and biogenesis	INFORMATION STORAGE AND PROCESSING	Not significant
COG2052	0.0	11347	113.0	455582	0.0	0.00024803438239438786	0.0	0.12018736132045373	0.16995925866411962	1.0	1.0	M	Cell wall/membrane/envelope biogenesis	CELLULAR PROCESSES AND SIGNALING	Not significant
COG1188	0.0	11347	107.0	455582	0.0	0.00023486441518760616	0.0	0.11875606529477604	0.18726077483954492	1.0	1.0	J	Translation, ribosomal structure and biogenesis	INFORMATION STORAGE AND PROCESSING	Not significant
COG1841	0.0	11347	97.0	455582	0.0	0.0002129144698429701	0.0	0.18003035689426733	0.2206646369319301	1.0	1.0	J	Translation, ribosomal structure and biogenesis	INFORMATION STORAGE AND PROCESSING	Not significant
COG1145	0.0	11347	86.0	455582	0.0	0.0001887695299638704	0.0	0.2778308164887806	0.2654920465434354	1.0	1.0	C	Energy production and conversion	METABOLISM	Not significant
COG3856	0.0	11347	85.0	455582	0.0	0.00018657453542940682	0.0	0.2762513492822982	0.2700643904602007	1.0	1.0	S	Function unknown	POORLY CHARACTERIZED	Not significant
COG1359	0.0	11347	83.0	455582	0.0	0.0001821845463604796	0.0	0.27347492539809026	0.27948710703264057	1.0	1.0	C	Energy production and conversion	METABOLISM	Not significant
COG2963	0.0	11347	80.0	455582	0.0	0.00017559956275708873	0.0	0.2703155152550862	0.294352454689374	1.0	1.0	X	Mobilome: prophages, transposons	CELLULAR PROCESSES AND SIGNALING	Not significant
COG1677	0.0	11347	77.0	455582	0.0	0.00016901457915369792	0.0	0.2684423657718228	0.3101579202280479	1.0	1.0	N	Cell motility	CELLULAR PROCESSES AND SIGNALING	Not significant
COG2088	0.0	11347	73.0	455582	0.0	0.00016023460101584347	0.0	0.427612489531176	0.3328296701591581	1.0	1.0	D	Cell cycle control, cell division, chromosome partitioning	CELLULAR PROCESSES AND SIGNALING	Not significant
COG3952	0.0	11347	71.0	455582	0.0	0.00015584461194691624	0.0	0.42289663256803134	0.34490858150256704	1.0	1.0	R	General function prediction only	POORLY CHARACTERIZED	Not significant
COG1366	0.0	11347	68.0	455582	0.0	0.00014925962834352543	0.0	0.41682198015669336	0.3640373592578364	1.0	1.0	T	Signal transduction mechanisms	CELLULAR PROCESSES AND SIGNALING	Not significant
COG4391	0.0	11347	67.0	455582	0.0	0.00014706463380906182	0.0	0.4150846966948024	0.3706990587150393	1.0	1.0	S	Function unknown	POORLY CHARACTERIZED	Not significant
COG0257	0.0	11347	65.0	455582	0.0	0.0001426746447401346	0.0	0.4120745947612857	0.38447664418142347	1.0	1.0	J	Translation, ribosomal structure and biogenesis	INFORMATION STORAGE AND PROCESSING	Not significant
COG0361	0.0	11347	64.0	455582	0.0	0.00014047965020567098	0.0	0.4108131837994563	0.3916018598667149	1.0	1.0	J	Translation, ribosomal structure and biogenesis	INFORMATION STORAGE AND PROCESSING	Not significant
COG2960	0.0	11347	62.0	455582	0.0	0.00013608966113674376	0.0	0.4088069906518289	0.4063500150629973	1.0	1.0	H	Coenzyme transport and metabolism	METABOLISM	Not significant
COG4118	0.0	11347	60.0	455582	0.0	0.00013169967206781656	0.0	0.4075300581746741	0.4217976296650103	1.0	1.0	V	Defense mechanisms	CELLULAR PROCESSES AND SIGNALING	Not significant
COG1950	0.0	11347	60.0	455582	0.0	0.00013169967206781656	0.0	0.4075300581746741	0.4217976296650103	1.0	1.0	S	Function unknown	POORLY CHARACTERIZED	Not significant
COG0633	0.0	11347	59.0	455582	0.0	0.00012950467753335295	0.0	0.4071806368052289	0.4297981101680029	1.0	1.0	C	Energy production and conversion	METABOLISM	Not significant
COG3794	0.0	11347	58.0	455582	0.0	0.00012730968299888934	0.0	0.4070324366945653	0.4379912535858021	1.0	1.0	C	Energy production and conversion	METABOLISM	Not significant
COG2093	0.0	11347	58.0	455582	0.0	0.00012730968299888934	0.0	0.4070324366945653	0.4379912535858021	1.0	1.0	K	Transcription	INFORMATION STORAGE AND PROCESSING	Not significant
COG2914	0.0	11347	57.0	455582	0.0	0.0001251146884644257	0.0	0.6506979194684333	0.4463835938222397	1.0	1.0	V	Defense mechanisms	CELLULAR PROCESSES AND SIGNALING	Not significant
COG5453	0.0	11347	56.0	455582	0.0	0.00012291969392996208	0.0	0.6482784495864312	0.45498198745854995	1.0	1.0	S	Function unknown	POORLY CHARACTERIZED	Not significant
COG0227	0.0	11347	55.0	455582	0.0	0.00012072469939549851	0.0	0.6459551729528177	0.4637936357897494	1.0	1.0	J	Translation, ribosomal structure and biogenesis	INFORMATION STORAGE AND PROCESSING	Not significant
COG4539	0.0	11347	54.0	455582	0.0	0.00011852970486103491	0.0	0.6437343816716421	0.4728261087994144	1.0	1.0	I	Lipid transport and metabolism	METABOLISM	Not significant
COG0234	0.0	11347	54.0	455582	0.0	0.00011852970486103491	0.0	0.6437343816716421	0.4728261087994144	1.0	1.0	O	Posttranslational modification, protein turnover, chaperones	CELLULAR PROCESSES AND SIGNALING	Not significant
COG2868	0.0	11347	53.0	455582	0.0	0.00011633471032657129	0.0	0.6416226218852997	0.48208737128141904	1.0	1.0	S	Function unknown	POORLY CHARACTERIZED	Not significant
COG4456	0.0	11347	53.0	455582	0.0	0.00011633471032657129	0.0	0.6416226218852997	0.48208737128141904	1.0	1.0	S	Function unknown	POORLY CHARACTERIZED	Not significant
COG5475	0.0	11347	51.0	455582	0.0	0.00011194472125764409	0.0	0.6377537017483319	0.5013302715598296	1.0	1.0	S	Function unknown	POORLY CHARACTERIZED	Not significant
COG4115	0.0	11347	50.0	455582	0.0	0.00010974972672318046	0.0	0.6360109821145427	0.5113300830683164	1.0	1.0	V	Defense mechanisms	CELLULAR PROCESSES AND SIGNALING	Not significant
COG0268	0.0	11347	49.0	455582	0.0	0.00010755473218871685	0.0	0.6344061939988817	0.5215951029616497	1.0	1.0	J	Translation, ribosomal structure and biogenesis	INFORMATION STORAGE AND PROCESSING	Not significant
COG3529	0.0	11347	49.0	455582	0.0	0.00010755473218871685	0.0	0.6344061939988817	0.5215951029616497	1.0	1.0	R	General function prediction only	POORLY CHARACTERIZED	Not significant
COG1970	0.0	11347	48.0	455582	0.0	0.00010535973765425324	0.0	0.6329472887614821	0.5321357553515407	1.0	1.0	M	Cell wall/membrane/envelope biogenesis	CELLULAR PROCESSES AND SIGNALING	Not significant
COG2127	0.0	11347	47.0	455582	0.0	0.00010316474311978964	0.0	0.6316425282229402	0.5429630765525426	1.0	1.0	O	Posttranslational modification, protein turnover, chaperones	CELLULAR PROCESSES AND SIGNALING	Not significant
COG5007	0.0	11347	47.0	455582	0.0	0.00010316474311978964	0.0	0.6316425282229402	0.5429630765525426	1.0	1.0	T	Signal transduction mechanisms	CELLULAR PROCESSES AND SIGNALING	Not significant
COG2331	0.0	11347	47.0	455582	0.0	0.00010316474311978964	0.0	0.6316425282229402	0.5429630765525426	1.0	1.0	R	General function prediction only	POORLY CHARACTERIZED	Not significant
COG0278	0.0	11347	45.0	455582	0.0	9.87747540508624e-05	0.0	0.6295301042958522	0.5655252356957768	1.0	1.0	O	Posttranslational modification, protein turnover, chaperones	CELLULAR PROCESSES AND SIGNALING	Not significant
COG5455	0.0	11347	45.0	455582	0.0	9.87747540508624e-05	0.0	0.6295301042958522	0.5655252356957768	1.0	1.0	P	Inorganic ion transport and metabolism	METABOLISM	Not significant
COG3831	0.0	11347	44.0	455582	0.0	9.657975951639879e-05	0.0	0.6287406133175242	0.5772856821952685	1.0	1.0	K	Transcription	INFORMATION STORAGE AND PROCESSING	Not significant
COG3062	0.0	11347	42.0	455582	0.0	9.218977044747159e-05	0.0	0.6277431469672146	0.6018355770065311	1.0	1.0	O	Posttranslational modification, protein turnover, chaperones	CELLULAR PROCESSES AND SIGNALING	Not significant
COG2359	0.0	11347	41.0	455582	0.0	8.999477591300798e-05	0.0	0.6275555083941952	0.6146559471177391	1.0	1.0	S	Function unknown	POORLY CHARACTERIZED	Not significant
COG3080	0.0	11347	41.0	455582	0.0	8.999477591300798e-05	0.0	0.6275555083941952	0.6146559471177391	1.0	1.0	C	Energy production and conversion	METABOLISM	Not significant
COG2879	0.0	11347	37.0	455582	0.0	8.121479777515354e-05	0.0	1.0	0.6699867239450562	1.0	1.0	S	Function unknown	POORLY CHARACTERIZED	Not significant
COG0838	0.0	11347	37.0	455582	0.0	8.121479777515354e-05	0.0	1.0	0.6699867239450562	1.0	1.0	C	Energy production and conversion	METABOLISM	Not significant
COG3245	0.0	11347	37.0	455582	0.0	8.121479777515354e-05	0.0	1.0	0.6699867239450562	1.0	1.0	C	Energy production and conversion	METABOLISM	Not significant
COG3024	0.0	11347	36.0	455582	0.0	7.901980324068993e-05	0.0	1.0	0.6849335447422753	1.0	1.0	L	Replication, recombination and repair	INFORMATION STORAGE AND PROCESSING	Not significant
COG2832	0.0	11347	35.0	455582	0.0	7.682480870622632e-05	0.0	1.0	0.7003722526856064	1.0	1.0	S	Function unknown	POORLY CHARACTERIZED	Not significant
COG4256	0.0	11347	34.0	455582	0.0	7.462981417176272e-05	0.0	1.0	0.7163291965903329	1.0	1.0	H	Coenzyme transport and metabolism	METABOLISM	Not significant
COG3123	0.0	11347	33.0	455582	0.0	7.243481963729909e-05	0.0	1.0	0.7328328969139353	1.0	1.0	F	Nucleotide transport and metabolism	METABOLISM	Not significant
COG5467	0.0	11347	33.0	455582	0.0	7.243481963729909e-05	0.0	1.0	0.7328328969139353	1.0	1.0	S	Function unknown	POORLY CHARACTERIZED	Not significant
COG4519	0.0	11347	30.0	455582	0.0	6.584983603390828e-05	0.0	1.0	0.7859477443121379	1.0	1.0	S	Function unknown	POORLY CHARACTERIZED	Not significant
COG4839	0.0	11347	29.0	455582	0.0	6.365484149944467e-05	0.0	1.0	0.8049765214881119	1.0	1.0	D	Cell cycle control, cell division, chromosome partitioning	CELLULAR PROCESSES AND SIGNALING	Not significant
COG3313	0.0	11347	27.0	455582	0.0	5.9264852430517456e-05	0.0	1.0	0.8452781064141102	1.0	1.0	R	General function prediction only	POORLY CHARACTERIZED	Not significant
COG2168	0.0	11347	27.0	455582	0.0	5.9264852430517456e-05	0.0	1.0	0.8452781064141102	1.0	1.0	J	Translation, ribosomal structure and biogenesis	INFORMATION STORAGE AND PROCESSING	Not significant
COG5004	0.0	11347	27.0	455582	0.0	5.9264852430517456e-05	0.0	1.0	0.8452781064141102	1.0	1.0	X	Mobilome: prophages, transposons	CELLULAR PROCESSES AND SIGNALING	Not significant
COG2149	0.0	11347	26.0	455582	0.0	5.7069857896053844e-05	0.0	1.0	0.8666522506417563	1.0	1.0	S	Function unknown	POORLY CHARACTERIZED	Not significant
COG2161	0.0	11347	26.0	455582	0.0	5.7069857896053844e-05	0.0	1.0	0.8666522506417563	1.0	1.0	V	Defense mechanisms	CELLULAR PROCESSES AND SIGNALING	Not significant
COG0089	0.0	11347	26.0	455582	0.0	5.7069857896053844e-05	0.0	1.0	0.8666522506417563	1.0	1.0	J	Translation, ribosomal structure and biogenesis	INFORMATION STORAGE AND PROCESSING	Not significant
COG3784	0.0	11347	25.0	455582	0.0	5.487486336159023e-05	0.0	1.0	0.8889183852229379	1.0	1.0	S	Function unknown	POORLY CHARACTERIZED	Not significant
COG0694	0.0	11347	25.0	455582	0.0	5.487486336159023e-05	0.0	1.0	0.8889183852229379	1.0	1.0	O	Posttranslational modification, protein turnover, chaperones	CELLULAR PROCESSES AND SIGNALING	Not significant
COG1558	0.0	11347	24.0	455582	0.0	5.267986882712662e-05	0.0	1.0	0.9121416162913027	1.0	1.0	N	Cell motility	CELLULAR PROCESSES AND SIGNALING	Not significant
COG0291	0.0	11347	24.0	455582	0.0	5.267986882712662e-05	0.0	1.0	0.9121416162913027	1.0	1.0	J	Translation, ribosomal structure and biogenesis	INFORMATION STORAGE AND PROCESSING	Not significant
COG4274	0.0	11347	23.0	455582	0.0	5.048487429266301e-05	0.0	1.0	0.936394384449498	1.0	1.0	S	Function unknown	POORLY CHARACTERIZED	Not significant
COG2388	0.0	11347	21.0	455582	0.0	4.6094885223735795e-05	0.0	1.0	0.98832187541523	1.0	1.0	R	General function prediction only	POORLY CHARACTERIZED	Not significant
COG2257	0.0	11347	21.0	455582	0.0	4.6094885223735795e-05	0.0	1.0	0.98832187541523	1.0	1.0	U	Intracellular trafficking, secretion, and vesicular transport	CELLULAR PROCESSES AND SIGNALING	Not significant
COG5605	0.0	11347	21.0	455582	0.0	4.6094885223735795e-05	0.0	1.0	0.98832187541523	1.0	1.0	C	Energy production and conversion	METABOLISM	Not significant
COG3136	0.0	11347	21.0	455582	0.0	4.6094885223735795e-05	0.0	1.0	0.98832187541523	1.0	1.0	S	Function unknown	POORLY CHARACTERIZED	Not significant
COG5544	0.0	11347	20.0	455582	0.0	4.389989068927218e-05	0.0	1.0	1.0	1.0	1.0	S	Function unknown	POORLY CHARACTERIZED	Not significant
COG1582	0.0	11347	20.0	455582	0.0	4.389989068927218e-05	0.0	1.0	1.0	1.0	1.0	N	Cell motility	CELLULAR PROCESSES AND SIGNALING	Not significant
COG3895	0.0	11347	19.0	455582	0.0	4.1704896154808576e-05	0.0	1.0	1.0	1.0	1.0	M	Cell wall/membrane/envelope biogenesis	CELLULAR PROCESSES AND SIGNALING	Not significant
COG0186	0.0	11347	19.0	455582	0.0	4.1704896154808576e-05	0.0	1.0	1.0	1.0	1.0	J	Translation, ribosomal structure and biogenesis	INFORMATION STORAGE AND PROCESSING	Not significant
COG1445	0.0	11347	18.0	455582	0.0	3.950990162034496e-05	0.0	1.0	1.0	1.0	1.0	G	Carbohydrate transport and metabolism	METABOLISM	Not significant
COG4481	0.0	11347	18.0	455582	0.0	3.950990162034496e-05	0.0	1.0	1.0	1.0	1.0	S	Function unknown	POORLY CHARACTERIZED	Not significant
COG3870	0.0	11347	18.0	455582	0.0	3.950990162034496e-05	0.0	1.0	1.0	1.0	1.0	T	Signal transduction mechanisms	CELLULAR PROCESSES AND SIGNALING	Not significant
COG3609	0.0	11347	18.0	455582	0.0	3.950990162034496e-05	0.0	1.0	1.0	1.0	1.0	K	Transcription	INFORMATION STORAGE AND PROCESSING	Not significant
COG0727	0.0	11347	17.0	455582	0.0	3.731490708588136e-05	0.0	1.0	1.0	1.0	1.0	R	General function prediction only	POORLY CHARACTERIZED	Not significant
COG3809	0.0	11347	16.0	455582	0.0	3.5119912551417746e-05	0.0	1.0	1.0	1.0	1.0	R	General function prediction only	POORLY CHARACTERIZED	Not significant
COG4877	0.0	11347	16.0	455582	0.0	3.5119912551417746e-05	0.0	1.0	1.0	1.0	1.0	S	Function unknown	POORLY CHARACTERIZED	Not significant
COG3592	0.0	11347	15.0	455582	0.0	3.292491801695414e-05	0.0	1.0	1.0	1.0	1.0	S	Function unknown	POORLY CHARACTERIZED	Not significant
COG0222	0.0	11347	15.0	455582	0.0	3.292491801695414e-05	0.0	1.0	1.0	1.0	1.0	J	Translation, ribosomal structure and biogenesis	INFORMATION STORAGE AND PROCESSING	Not significant
COG3323	0.0	11347	15.0	455582	0.0	3.292491801695414e-05	0.0	1.0	1.0	1.0	1.0	S	Function unknown	POORLY CHARACTERIZED	Not significant
COG1837	0.0	11347	14.0	455582	0.0	3.072992348249053e-05	0.0	1.0	1.0	1.0	1.0	R	General function prediction only	POORLY CHARACTERIZED	Not significant
COG2965	0.0	11347	14.0	455582	0.0	3.072992348249053e-05	0.0	1.0	1.0	1.0	1.0	L	Replication, recombination and repair	INFORMATION STORAGE AND PROCESSING	Not significant
COG1393	0.0	11347	14.0	455582	0.0	3.072992348249053e-05	0.0	1.0	1.0	1.0	1.0	P	Inorganic ion transport and metabolism	METABOLISM	Not significant
COG1388	0.0	11347	14.0	455582	0.0	3.072992348249053e-05	0.0	1.0	1.0	1.0	1.0	M	Cell wall/membrane/envelope biogenesis	CELLULAR PROCESSES AND SIGNALING	Not significant
COG2740	0.0	11347	14.0	455582	0.0	3.072992348249053e-05	0.0	1.0	1.0	1.0	1.0	R	General function prediction only	POORLY CHARACTERIZED	Not significant
COG4842	0.0	11347	13.0	455582	0.0	2.8534928948026922e-05	0.0	1.0	1.0	1.0	1.0	V	Defense mechanisms	CELLULAR PROCESSES AND SIGNALING	Not significant
COG1996	0.0	11347	13.0	455582	0.0	2.8534928948026922e-05	0.0	1.0	1.0	1.0	1.0	K	Transcription	INFORMATION STORAGE AND PROCESSING	Not significant
COG4197	0.0	11347	13.0	455582	0.0	2.8534928948026922e-05	0.0	1.0	1.0	1.0	1.0	K	Transcription	INFORMATION STORAGE AND PROCESSING	Not significant
COG5584	0.0	11347	13.0	455582	0.0	2.8534928948026922e-05	0.0	1.0	1.0	1.0	1.0	S	Function unknown	POORLY CHARACTERIZED	Not significant
COG5570	0.0	11347	13.0	455582	0.0	2.8534928948026922e-05	0.0	1.0	1.0	1.0	1.0	S	Function unknown	POORLY CHARACTERIZED	Not significant
COG4844	0.0	11347	13.0	455582	0.0	2.8534928948026922e-05	0.0	1.0	1.0	1.0	1.0	S	Function unknown	POORLY CHARACTERIZED	Not significant
COG2363	0.0	11347	12.0	455582	0.0	2.633993441356331e-05	0.0	1.0	1.0	1.0	1.0	S	Function unknown	POORLY CHARACTERIZED	Not significant
COG4466	0.0	11347	12.0	455582	0.0	2.633993441356331e-05	0.0	1.0	1.0	1.0	1.0	S	Function unknown	POORLY CHARACTERIZED	Not significant
COG5509	0.0	11347	12.0	455582	0.0	2.633993441356331e-05	0.0	1.0	1.0	1.0	1.0	S	Function unknown	POORLY CHARACTERIZED	Not significant
COG1654	0.0	11347	12.0	455582	0.0	2.633993441356331e-05	0.0	1.0	1.0	1.0	1.0	K	Transcription	INFORMATION STORAGE AND PROCESSING	Not significant
COG3636	0.0	11347	12.0	455582	0.0	2.633993441356331e-05	0.0	1.0	1.0	1.0	1.0	X	Mobilome: prophages, transposons	CELLULAR PROCESSES AND SIGNALING	Not significant
COG4679	0.0	11347	12.0	455582	0.0	2.633993441356331e-05	0.0	1.0	1.0	1.0	1.0	X	Mobilome: prophages, transposons	CELLULAR PROCESSES AND SIGNALING	Not significant
COG1722	0.0	11347	12.0	455582	0.0	2.633993441356331e-05	0.0	1.0	1.0	1.0	1.0	L	Replication, recombination and repair	INFORMATION STORAGE AND PROCESSING	Not significant
COG2900	0.0	11347	11.0	455582	0.0	2.4144939879099697e-05	0.0	1.0	1.0	1.0	1.0	S	Function unknown	POORLY CHARACTERIZED	Not significant
COG2510	0.0	11347	11.0	455582	0.0	2.4144939879099697e-05	0.0	1.0	1.0	1.0	1.0	H	Coenzyme transport and metabolism	METABOLISM	Not significant
COG2732	0.0	11347	11.0	455582	0.0	2.4144939879099697e-05	0.0	1.0	1.0	1.0	1.0	K	Transcription	INFORMATION STORAGE AND PROCESSING	Not significant
COG0718	0.0	11347	10.0	455582	0.0	2.194994534463609e-05	0.0	1.0	1.0	1.0	1.0	K	Transcription	INFORMATION STORAGE AND PROCESSING	Not significant
COG3905	0.0	11347	10.0	455582	0.0	2.194994534463609e-05	0.0	1.0	1.0	1.0	1.0	K	Transcription	INFORMATION STORAGE AND PROCESSING	Not significant
COG3070	0.0	11347	10.0	455582	0.0	2.194994534463609e-05	0.0	1.0	1.0	1.0	1.0	K	Transcription	INFORMATION STORAGE AND PROCESSING	Not significant
COG1324	0.0	11347	9.0	455582	0.0	1.975495081017248e-05	0.0	1.0	1.0	1.0	1.0	P	Inorganic ion transport and metabolism	METABOLISM	Not significant
COG1430	0.0	11347	9.0	455582	0.0	1.975495081017248e-05	0.0	1.0	1.0	1.0	1.0	S	Function unknown	POORLY CHARACTERIZED	Not significant
COG0517	0.0	11347	9.0	455582	0.0	1.975495081017248e-05	0.0	1.0	1.0	1.0	1.0	T	Signal transduction mechanisms	CELLULAR PROCESSES AND SIGNALING	Not significant
COG5565	0.0	11347	9.0	455582	0.0	1.975495081017248e-05	0.0	1.0	1.0	1.0	1.0	X	Mobilome: prophages, transposons	CELLULAR PROCESSES AND SIGNALING	Not significant
COG2913	0.0	11347	9.0	455582	0.0	1.975495081017248e-05	0.0	1.0	1.0	1.0	1.0	M	Cell wall/membrane/envelope biogenesis	CELLULAR PROCESSES AND SIGNALING	Not significant
COG4691	0.0	11347	9.0	455582	0.0	1.975495081017248e-05	0.0	1.0	1.0	1.0	1.0	V	Defense mechanisms	CELLULAR PROCESSES AND SIGNALING	Not significant
COG5450	0.0	11347	8.0	455582	0.0	1.7559956275708873e-05	0.0	1.0	1.0	1.0	1.0	K	Transcription	INFORMATION STORAGE AND PROCESSING	Not significant
COG3530	0.0	11347	8.0	455582	0.0	1.7559956275708873e-05	0.0	1.0	1.0	1.0	1.0	S	Function unknown	POORLY CHARACTERIZED	Not significant
COG1264	0.0	11347	8.0	455582	0.0	1.7559956275708873e-05	0.0	1.0	1.0	1.0	1.0	G	Carbohydrate transport and metabolism	METABOLISM	Not significant
COG4311	0.0	11347	8.0	455582	0.0	1.7559956275708873e-05	0.0	1.0	1.0	1.0	1.0	E	Amino acid transport and metabolism	METABOLISM	Not significant
COG5471	0.0	11347	8.0	455582	0.0	1.7559956275708873e-05	0.0	1.0	1.0	1.0	1.0	X	Mobilome: prophages, transposons	CELLULAR PROCESSES AND SIGNALING	Not significant
COG3036	0.0	11347	8.0	455582	0.0	1.7559956275708873e-05	0.0	1.0	1.0	1.0	1.0	J	Translation, ribosomal structure and biogenesis	INFORMATION STORAGE AND PROCESSING	Not significant
COG4829	0.0	11347	8.0	455582	0.0	1.7559956275708873e-05	0.0	1.0	1.0	1.0	1.0	Q	Secondary metabolites biosynthesis, transport and catabolism	METABOLISM	Not significant
COG0140	0.0	11347	8.0	455582	0.0	1.7559956275708873e-05	0.0	1.0	1.0	1.0	1.0	E	Amino acid transport and metabolism	METABOLISM	Not significant
COG0721	0.0	11347	8.0	455582	0.0	1.7559956275708873e-05	0.0	1.0	1.0	1.0	1.0	J	Translation, ribosomal structure and biogenesis	INFORMATION STORAGE AND PROCESSING	Not significant
COG3251	0.0	11347	7.0	455582	0.0	1.5364961741245264e-05	0.0	1.0	1.0	1.0	1.0	Q	Secondary metabolites biosynthesis, transport and catabolism	METABOLISM	Not significant
COG4338	0.0	11347	7.0	455582	0.0	1.5364961741245264e-05	0.0	1.0	1.0	1.0	1.0	S	Function unknown	POORLY CHARACTERIZED	Not significant
COG5481	0.0	11347	7.0	455582	0.0	1.5364961741245264e-05	0.0	1.0	1.0	1.0	1.0	S	Function unknown	POORLY CHARACTERIZED	Not significant
COG1551	0.0	11347	7.0	455582	0.0	1.5364961741245264e-05	0.0	1.0	1.0	1.0	1.0	T	Signal transduction mechanisms	CELLULAR PROCESSES AND SIGNALING	Not significant
COG5294	0.0	11347	7.0	455582	0.0	1.5364961741245264e-05	0.0	1.0	1.0	1.0	1.0	S	Function unknown	POORLY CHARACTERIZED	Not significant
COG0594	0.0	11347	7.0	455582	0.0	1.5364961741245264e-05	0.0	1.0	1.0	1.0	1.0	J	Translation, ribosomal structure and biogenesis	INFORMATION STORAGE AND PROCESSING	Not significant
COG2440	0.0	11347	7.0	455582	0.0	1.5364961741245264e-05	0.0	1.0	1.0	1.0	1.0	C	Energy production and conversion	METABOLISM	Not significant
COG1694	0.0	11347	7.0	455582	0.0	1.5364961741245264e-05	0.0	1.0	1.0	1.0	1.0	V	Defense mechanisms	CELLULAR PROCESSES AND SIGNALING	Not significant
COG3100	0.0	11347	7.0	455582	0.0	1.5364961741245264e-05	0.0	1.0	1.0	1.0	1.0	S	Function unknown	POORLY CHARACTERIZED	Not significant
COG4423	0.0	11347	6.0	455582	0.0	1.3169967206781655e-05	0.0	1.0	1.0	1.0	1.0	S	Function unknown	POORLY CHARACTERIZED	Not significant
COG2198	0.0	11347	6.0	455582	0.0	1.3169967206781655e-05	0.0	1.0	1.0	1.0	1.0	T	Signal transduction mechanisms	CELLULAR PROCESSES AND SIGNALING	Not significant
COG5460	0.0	11347	6.0	455582	0.0	1.3169967206781655e-05	0.0	1.0	1.0	1.0	1.0	S	Function unknown	POORLY CHARACTERIZED	Not significant
COG5508	0.0	11347	6.0	455582	0.0	1.3169967206781655e-05	0.0	1.0	1.0	1.0	1.0	S	Function unknown	POORLY CHARACTERIZED	Not significant
COG4495	0.0	11347	6.0	455582	0.0	1.3169967206781655e-05	0.0	1.0	1.0	1.0	1.0	S	Function unknown	POORLY CHARACTERIZED	Not significant
COG2151	0.0	11347	6.0	455582	0.0	1.3169967206781655e-05	0.0	1.0	1.0	1.0	1.0	O	Posttranslational modification, protein turnover, chaperones	CELLULAR PROCESSES AND SIGNALING	Not significant
COG3304	0.0	11347	6.0	455582	0.0	1.3169967206781655e-05	0.0	1.0	1.0	1.0	1.0	S	Function unknown	POORLY CHARACTERIZED	Not significant
COG0073	0.0	11347	6.0	455582	0.0	1.3169967206781655e-05	0.0	1.0	1.0	1.0	1.0	J	Translation, ribosomal structure and biogenesis	INFORMATION STORAGE AND PROCESSING	Not significant
COG2372	0.0	11347	6.0	455582	0.0	1.3169967206781655e-05	0.0	1.0	1.0	1.0	1.0	P	Inorganic ion transport and metabolism	METABOLISM	Not significant
COG1569	0.0	11347	5.0	455582	0.0	1.0974972672318047e-05	0.0	1.0	1.0	1.0	1.0	R	General function prediction only	POORLY CHARACTERIZED	Not significant
COG2329	0.0	11347	5.0	455582	0.0	1.0974972672318047e-05	0.0	1.0	1.0	1.0	1.0	H	Coenzyme transport and metabolism	METABOLISM	Not significant
COG4895	0.0	11347	5.0	455582	0.0	1.0974972672318047e-05	0.0	1.0	1.0	1.0	1.0	S	Function unknown	POORLY CHARACTERIZED	Not significant
COG2886	0.0	11347	5.0	455582	0.0	1.0974972672318047e-05	0.0	1.0	1.0	1.0	1.0	R	General function prediction only	POORLY CHARACTERIZED	Not significant
COG0228	0.0	11347	5.0	455582	0.0	1.0974972672318047e-05	0.0	1.0	1.0	1.0	1.0	J	Translation, ribosomal structure and biogenesis	INFORMATION STORAGE AND PROCESSING	Not significant
COG3052	0.0	11347	5.0	455582	0.0	1.0974972672318047e-05	0.0	1.0	1.0	1.0	1.0	C	Energy production and conversion	METABOLISM	Not significant
COG5349	0.0	11347	5.0	455582	0.0	1.0974972672318047e-05	0.0	1.0	1.0	1.0	1.0	S	Function unknown	POORLY CHARACTERIZED	Not significant
COG1605	0.0	11347	5.0	455582	0.0	1.0974972672318047e-05	0.0	1.0	1.0	1.0	1.0	E	Amino acid transport and metabolism	METABOLISM	Not significant
COG0199	0.0	11347	5.0	455582	0.0	1.0974972672318047e-05	0.0	1.0	1.0	1.0	1.0	J	Translation, ribosomal structure and biogenesis	INFORMATION STORAGE AND PROCESSING	Not significant
COG3657	0.0	11347	5.0	455582	0.0	1.0974972672318047e-05	0.0	1.0	1.0	1.0	1.0	V	Defense mechanisms	CELLULAR PROCESSES AND SIGNALING	Not significant
COG1733	0.0	11347	5.0	455582	0.0	1.0974972672318047e-05	0.0	1.0	1.0	1.0	1.0	K	Transcription	INFORMATION STORAGE AND PROCESSING	Not significant
COG5568	0.0	11347	5.0	455582	0.0	1.0974972672318047e-05	0.0	1.0	1.0	1.0	1.0	S	Function unknown	POORLY CHARACTERIZED	Not significant
COG3254	0.0	11347	5.0	455582	0.0	1.0974972672318047e-05	0.0	1.0	1.0	1.0	1.0	M	Cell wall/membrane/envelope biogenesis	CELLULAR PROCESSES AND SIGNALING	Not significant
COG4416	0.0	11347	5.0	455582	0.0	1.0974972672318047e-05	0.0	1.0	1.0	1.0	1.0	X	Mobilome: prophages, transposons	CELLULAR PROCESSES AND SIGNALING	Not significant
COG1396	0.0	11347	5.0	455582	0.0	1.0974972672318047e-05	0.0	1.0	1.0	1.0	1.0	K	Transcription	INFORMATION STORAGE AND PROCESSING	Not significant
COG4891	0.0	11347	4.0	455582	0.0	8.779978137854436e-06	0.0	1.0	1.0	1.0	1.0	S	Function unknown	POORLY CHARACTERIZED	Not significant
COG2975	0.0	11347	4.0	455582	0.0	8.779978137854436e-06	0.0	1.0	1.0	1.0	1.0	O	Posttranslational modification, protein turnover, chaperones	CELLULAR PROCESSES AND SIGNALING	Not significant
COG2259	0.0	11347	4.0	455582	0.0	8.779978137854436e-06	0.0	1.0	1.0	1.0	1.0	S	Function unknown	POORLY CHARACTERIZED	Not significant
COG4710	0.0	11347	4.0	455582	0.0	8.779978137854436e-06	0.0	1.0	1.0	1.0	1.0	R	General function prediction only	POORLY CHARACTERIZED	Not significant
COG0238	0.0	11347	4.0	455582	0.0	8.779978137854436e-06	0.0	1.0	1.0	1.0	1.0	J	Translation, ribosomal structure and biogenesis	INFORMATION STORAGE AND PROCESSING	Not significant
COG0394	0.0	11347	4.0	455582	0.0	8.779978137854436e-06	0.0	1.0	1.0	1.0	1.0	T	Signal transduction mechanisms	CELLULAR PROCESSES AND SIGNALING	Not significant
COG1828	0.0	11347	4.0	455582	0.0	8.779978137854436e-06	0.0	1.0	1.0	1.0	1.0	F	Nucleotide transport and metabolism	METABOLISM	Not significant
COG4309	0.0	11347	4.0	455582	0.0	8.779978137854436e-06	0.0	1.0	1.0	1.0	1.0	R	General function prediction only	POORLY CHARACTERIZED	Not significant
COG5302	0.0	11347	4.0	455582	0.0	8.779978137854436e-06	0.0	1.0	1.0	1.0	1.0	X	Mobilome: prophages, transposons	CELLULAR PROCESSES AND SIGNALING	Not significant
COG5583	0.0	11347	4.0	455582	0.0	8.779978137854436e-06	0.0	1.0	1.0	1.0	1.0	S	Function unknown	POORLY CHARACTERIZED	Not significant
COG4746	0.0	11347	4.0	455582	0.0	8.779978137854436e-06	0.0	1.0	1.0	1.0	1.0	S	Function unknown	POORLY CHARACTERIZED	Not significant
COG3309	0.0	11347	4.0	455582	0.0	8.779978137854436e-06	0.0	1.0	1.0	1.0	1.0	V	Defense mechanisms	CELLULAR PROCESSES AND SIGNALING	Not significant
COG0091	0.0	11347	4.0	455582	0.0	8.779978137854436e-06	0.0	1.0	1.0	1.0	1.0	J	Translation, ribosomal structure and biogenesis	INFORMATION STORAGE AND PROCESSING	Not significant
COG0360	0.0	11347	4.0	455582	0.0	8.779978137854436e-06	0.0	1.0	1.0	1.0	1.0	J	Translation, ribosomal structure and biogenesis	INFORMATION STORAGE AND PROCESSING	Not significant
COG3324	0.0	11347	3.0	455582	0.0	6.584983603390827e-06	0.0	1.0	1.0	1.0	1.0	R	General function prediction only	POORLY CHARACTERIZED	Not significant
COG0375	0.0	11347	3.0	455582	0.0	6.584983603390827e-06	0.0	1.0	1.0	1.0	1.0	O	Posttranslational modification, protein turnover, chaperones	CELLULAR PROCESSES AND SIGNALING	Not significant
COG3848	0.0	11347	3.0	455582	0.0	6.584983603390827e-06	0.0	1.0	1.0	1.0	1.0	T	Signal transduction mechanisms	CELLULAR PROCESSES AND SIGNALING	Not significant
COG0848	0.0	11347	3.0	455582	0.0	6.584983603390827e-06	0.0	1.0	1.0	1.0	1.0	U	Intracellular trafficking, secretion, and vesicular transport	CELLULAR PROCESSES AND SIGNALING	Not significant
COG1990	0.0	11347	3.0	455582	0.0	6.584983603390827e-06	0.0	1.0	1.0	1.0	1.0	J	Translation, ribosomal structure and biogenesis	INFORMATION STORAGE AND PROCESSING	Not significant
COG0203	0.0	11347	3.0	455582	0.0	6.584983603390827e-06	0.0	1.0	1.0	1.0	1.0	J	Translation, ribosomal structure and biogenesis	INFORMATION STORAGE AND PROCESSING	Not significant
COG3686	0.0	11347	3.0	455582	0.0	6.584983603390827e-06	0.0	1.0	1.0	1.0	1.0	S	Function unknown	POORLY CHARACTERIZED	Not significant
COG2051	0.0	11347	3.0	455582	0.0	6.584983603390827e-06	0.0	1.0	1.0	1.0	1.0	J	Translation, ribosomal structure and biogenesis	INFORMATION STORAGE AND PROCESSING	Not significant
COG4634	0.0	11347	3.0	455582	0.0	6.584983603390827e-06	0.0	1.0	1.0	1.0	1.0	R	General function prediction only	POORLY CHARACTERIZED	Not significant
COG3908	0.0	11347	3.0	455582	0.0	6.584983603390827e-06	0.0	1.0	1.0	1.0	1.0	S	Function unknown	POORLY CHARACTERIZED	Not significant
COG0023	0.0	11347	3.0	455582	0.0	6.584983603390827e-06	0.0	1.0	1.0	1.0	1.0	J	Translation, ribosomal structure and biogenesis	INFORMATION STORAGE AND PROCESSING	Not significant
COG4367	0.0	11347	3.0	455582	0.0	6.584983603390827e-06	0.0	1.0	1.0	1.0	1.0	S	Function unknown	POORLY CHARACTERIZED	Not significant
COG0784	0.0	11347	3.0	455582	0.0	6.584983603390827e-06	0.0	1.0	1.0	1.0	1.0	T	Signal transduction mechanisms	CELLULAR PROCESSES AND SIGNALING	Not significant
COG3750	0.0	11347	3.0	455582	0.0	6.584983603390827e-06	0.0	1.0	1.0	1.0	1.0	S	Function unknown	POORLY CHARACTERIZED	Not significant
COG3089	0.0	11347	3.0	455582	0.0	6.584983603390827e-06	0.0	1.0	1.0	1.0	1.0	S	Function unknown	POORLY CHARACTERIZED	Not significant
COG0792	0.0	11347	3.0	455582	0.0	6.584983603390827e-06	0.0	1.0	1.0	1.0	1.0	L	Replication, recombination and repair	INFORMATION STORAGE AND PROCESSING	Not significant
COG0093	0.0	11347	3.0	455582	0.0	6.584983603390827e-06	0.0	1.0	1.0	1.0	1.0	J	Translation, ribosomal structure and biogenesis	INFORMATION STORAGE AND PROCESSING	Not significant
COG3671	0.0	11347	3.0	455582	0.0	6.584983603390827e-06	0.0	1.0	1.0	1.0	1.0	S	Function unknown	POORLY CHARACTERIZED	Not significant
COG2018	0.0	11347	3.0	455582	0.0	6.584983603390827e-06	0.0	1.0	1.0	1.0	1.0	T	Signal transduction mechanisms	CELLULAR PROCESSES AND SIGNALING	Not significant
COG1708	0.0	11347	3.0	455582	0.0	6.584983603390827e-06	0.0	1.0	1.0	1.0	1.0	R	General function prediction only	POORLY CHARACTERIZED	Not significant
COG2944	0.0	11347	3.0	455582	0.0	6.584983603390827e-06	0.0	1.0	1.0	1.0	1.0	K	Transcription	INFORMATION STORAGE AND PROCESSING	Not significant
COG2921	0.0	11347	3.0	455582	0.0	6.584983603390827e-06	0.0	1.0	1.0	1.0	1.0	T	Signal transduction mechanisms	CELLULAR PROCESSES AND SIGNALING	Not significant
COG0295	0.0	11347	2.0	455582	0.0	4.389989068927218e-06	0.0	1.0	1.0	1.0	1.0	F	Nucleotide transport and metabolism	METABOLISM	Not significant
COG2010	0.0	11347	2.0	455582	0.0	4.389989068927218e-06	0.0	1.0	1.0	1.0	1.0	C	Energy production and conversion	METABOLISM	Not significant
COG1302	0.0	11347	2.0	455582	0.0	4.389989068927218e-06	0.0	1.0	1.0	1.0	1.0	S	Function unknown	POORLY CHARACTERIZED	Not significant
COG0818	0.0	11347	2.0	455582	0.0	4.389989068927218e-06	0.0	1.0	1.0	1.0	1.0	I	Lipid transport and metabolism	METABOLISM	Not significant
COG5428	0.0	11347	2.0	455582	0.0	4.389989068927218e-06	0.0	1.0	1.0	1.0	1.0	V	Defense mechanisms	CELLULAR PROCESSES AND SIGNALING	Not significant
COG4568	0.0	11347	2.0	455582	0.0	4.389989068927218e-06	0.0	1.0	1.0	1.0	1.0	K	Transcription	INFORMATION STORAGE AND PROCESSING	Not significant
COG4572	0.0	11347	2.0	455582	0.0	4.389989068927218e-06	0.0	1.0	1.0	1.0	1.0	P	Inorganic ion transport and metabolism	METABOLISM	Not significant
COG5626	0.0	11347	2.0	455582	0.0	4.389989068927218e-06	0.0	1.0	1.0	1.0	1.0	S	Function unknown	POORLY CHARACTERIZED	Not significant
COG1553	0.0	11347	2.0	455582	0.0	4.389989068927218e-06	0.0	1.0	1.0	1.0	1.0	P	Inorganic ion transport and metabolism	METABOLISM	Not significant
COG4824	0.0	11347	2.0	455582	0.0	4.389989068927218e-06	0.0	1.0	1.0	1.0	1.0	X	Mobilome: prophages, transposons	CELLULAR PROCESSES AND SIGNALING	Not significant
COG4454	0.0	11347	2.0	455582	0.0	4.389989068927218e-06	0.0	1.0	1.0	1.0	1.0	R	General function prediction only	POORLY CHARACTERIZED	Not significant
COG0255	0.0	11347	2.0	455582	0.0	4.389989068927218e-06	0.0	1.0	1.0	1.0	1.0	J	Translation, ribosomal structure and biogenesis	INFORMATION STORAGE AND PROCESSING	Not significant
COG1487	0.0	11347	2.0	455582	0.0	4.389989068927218e-06	0.0	1.0	1.0	1.0	1.0	V	Defense mechanisms	CELLULAR PROCESSES AND SIGNALING	Not significant
COG1981	0.0	11347	2.0	455582	0.0	4.389989068927218e-06	0.0	1.0	1.0	1.0	1.0	H	Coenzyme transport and metabolism	METABOLISM	Not significant
COG3556	0.0	11347	2.0	455582	0.0	4.389989068927218e-06	0.0	1.0	1.0	1.0	1.0	S	Function unknown	POORLY CHARACTERIZED	Not significant
COG4837	0.0	11347	2.0	455582	0.0	4.389989068927218e-06	0.0	1.0	1.0	1.0	1.0	O	Posttranslational modification, protein turnover, chaperones	CELLULAR PROCESSES AND SIGNALING	Not significant
COG1888	0.0	11347	2.0	455582	0.0	4.389989068927218e-06	0.0	1.0	1.0	1.0	1.0	S	Function unknown	POORLY CHARACTERIZED	Not significant
COG1993	0.0	11347	2.0	455582	0.0	4.389989068927218e-06	0.0	1.0	1.0	1.0	1.0	T	Signal transduction mechanisms	CELLULAR PROCESSES AND SIGNALING	Not significant
COG3860	0.0	11347	2.0	455582	0.0	4.389989068927218e-06	0.0	1.0	1.0	1.0	1.0	S	Function unknown	POORLY CHARACTERIZED	Not significant
COG4830	0.0	11347	2.0	455582	0.0	4.389989068927218e-06	0.0	1.0	1.0	1.0	1.0	J	Translation, ribosomal structure and biogenesis	INFORMATION STORAGE AND PROCESSING	Not significant
COG2033	0.0	11347	2.0	455582	0.0	4.389989068927218e-06	0.0	1.0	1.0	1.0	1.0	C	Energy production and conversion	METABOLISM	Not significant
COG3130	0.0	11347	2.0	455582	0.0	4.389989068927218e-06	0.0	1.0	1.0	1.0	1.0	J	Translation, ribosomal structure and biogenesis	INFORMATION STORAGE AND PROCESSING	Not significant
COG3813	0.0	11347	2.0	455582	0.0	4.389989068927218e-06	0.0	1.0	1.0	1.0	1.0	S	Function unknown	POORLY CHARACTERIZED	Not significant
COG0292	0.0	11347	2.0	455582	0.0	4.389989068927218e-06	0.0	1.0	1.0	1.0	1.0	J	Translation, ribosomal structure and biogenesis	INFORMATION STORAGE AND PROCESSING	Not significant
COG2938	0.0	11347	2.0	455582	0.0	4.389989068927218e-06	0.0	1.0	1.0	1.0	1.0	O	Posttranslational modification, protein turnover, chaperones	CELLULAR PROCESSES AND SIGNALING	Not significant
COG3564	0.0	11347	2.0	455582	0.0	4.389989068927218e-06	0.0	1.0	1.0	1.0	1.0	S	Function unknown	POORLY CHARACTERIZED	Not significant
COG5341	0.0	11347	2.0	455582	0.0	4.389989068927218e-06	0.0	1.0	1.0	1.0	1.0	S	Function unknown	POORLY CHARACTERIZED	Not significant
COG0261	0.0	11347	2.0	455582	0.0	4.389989068927218e-06	0.0	1.0	1.0	1.0	1.0	J	Translation, ribosomal structure and biogenesis	INFORMATION STORAGE AND PROCESSING	Not significant
COG4259	0.0	11347	2.0	455582	0.0	4.389989068927218e-06	0.0	1.0	1.0	1.0	1.0	S	Function unknown	POORLY CHARACTERIZED	Not significant
COG4768	0.0	11347	2.0	455582	0.0	4.389989068927218e-06	0.0	1.0	1.0	1.0	1.0	S	Function unknown	POORLY CHARACTERIZED	Not significant
COG0251	0.0	11347	2.0	455582	0.0	4.389989068927218e-06	0.0	1.0	1.0	1.0	1.0	V	Defense mechanisms	CELLULAR PROCESSES AND SIGNALING	Not significant
COG2009	0.0	11347	2.0	455582	0.0	4.389989068927218e-06	0.0	1.0	1.0	1.0	1.0	C	Energy production and conversion	METABOLISM	Not significant
COG5552	0.0	11347	2.0	455582	0.0	4.389989068927218e-06	0.0	1.0	1.0	1.0	1.0	S	Function unknown	POORLY CHARACTERIZED	Not significant
COG0242	0.0	11347	1.0	455582	0.0	2.194994534463609e-06	0.0	1.0	1.0	1.0	1.0	J	Translation, ribosomal structure and biogenesis	INFORMATION STORAGE AND PROCESSING	Not significant
COG3502	0.0	11347	1.0	455582	0.0	2.194994534463609e-06	0.0	1.0	1.0	1.0	1.0	S	Function unknown	POORLY CHARACTERIZED	Not significant
COG3193	0.0	11347	1.0	455582	0.0	2.194994534463609e-06	0.0	1.0	1.0	1.0	1.0	T	Signal transduction mechanisms	CELLULAR PROCESSES AND SIGNALING	Not significant
COG5550	0.0	11347	1.0	455582	0.0	2.194994534463609e-06	0.0	1.0	1.0	1.0	1.0	O	Posttranslational modification, protein turnover, chaperones	CELLULAR PROCESSES AND SIGNALING	Not significant
COG1447	0.0	11347	1.0	455582	0.0	2.194994534463609e-06	0.0	1.0	1.0	1.0	1.0	G	Carbohydrate transport and metabolism	METABOLISM	Not significant
COG1825	0.0	11347	1.0	455582	0.0	2.194994534463609e-06	0.0	1.0	1.0	1.0	1.0	J	Translation, ribosomal structure and biogenesis	INFORMATION STORAGE AND PROCESSING	Not significant
COG3476	0.0	11347	1.0	455582	0.0	2.194994534463609e-06	0.0	1.0	1.0	1.0	1.0	T	Signal transduction mechanisms	CELLULAR PROCESSES AND SIGNALING	Not significant
COG5304	0.0	11347	1.0	455582	0.0	2.194994534463609e-06	0.0	1.0	1.0	1.0	1.0	K	Transcription	INFORMATION STORAGE AND PROCESSING	Not significant
COG3133	0.0	11347	1.0	455582	0.0	2.194994534463609e-06	0.0	1.0	1.0	1.0	1.0	M	Cell wall/membrane/envelope biogenesis	CELLULAR PROCESSES AND SIGNALING	Not significant
COG4922	0.0	11347	1.0	455582	0.0	2.194994534463609e-06	0.0	1.0	1.0	1.0	1.0	R	General function prediction only	POORLY CHARACTERIZED	Not significant
COG1734	0.0	11347	1.0	455582	0.0	2.194994534463609e-06	0.0	1.0	1.0	1.0	1.0	K	Transcription	INFORMATION STORAGE AND PROCESSING	Not significant
COG5439	0.0	11347	1.0	455582	0.0	2.194994534463609e-06	0.0	1.0	1.0	1.0	1.0	R	General function prediction only	POORLY CHARACTERIZED	Not significant
COG1594	0.0	11347	1.0	455582	0.0	2.194994534463609e-06	0.0	1.0	1.0	1.0	1.0	K	Transcription	INFORMATION STORAGE AND PROCESSING	Not significant
COG5447	0.0	11347	1.0	455582	0.0	2.194994534463609e-06	0.0	1.0	1.0	1.0	1.0	S	Function unknown	POORLY CHARACTERIZED	Not significant
COG4390	0.0	11347	1.0	455582	0.0	2.194994534463609e-06	0.0	1.0	1.0	1.0	1.0	S	Function unknown	POORLY CHARACTERIZED	Not significant
COG5478	0.0	11347	1.0	455582	0.0	2.194994534463609e-06	0.0	1.0	1.0	1.0	1.0	P	Inorganic ion transport and metabolism	METABOLISM	Not significant
COG3865	0.0	11347	1.0	455582	0.0	2.194994534463609e-06	0.0	1.0	1.0	1.0	1.0	R	General function prediction only	POORLY CHARACTERIZED	Not significant
COG4933	0.0	11347	1.0	455582	0.0	2.194994534463609e-06	0.0	1.0	1.0	1.0	1.0	K	Transcription	INFORMATION STORAGE AND PROCESSING	Not significant
COG5488	0.0	11347	1.0	455582	0.0	2.194994534463609e-06	0.0	1.0	1.0	1.0	1.0	S	Function unknown	POORLY CHARACTERIZED	Not significant
COG5559	0.0	11347	1.0	455582	0.0	2.194994534463609e-06	0.0	1.0	1.0	1.0	1.0	S	Function unknown	POORLY CHARACTERIZED	Not significant
COG3370	0.0	11347	1.0	455582	0.0	2.194994534463609e-06	0.0	1.0	1.0	1.0	1.0	R	General function prediction only	POORLY CHARACTERIZED	Not significant
COG1998	0.0	11347	1.0	455582	0.0	2.194994534463609e-06	0.0	1.0	1.0	1.0	1.0	J	Translation, ribosomal structure and biogenesis	INFORMATION STORAGE AND PROCESSING	Not significant
COG3586	0.0	11347	1.0	455582	0.0	2.194994534463609e-06	0.0	1.0	1.0	1.0	1.0	R	General function prediction only	POORLY CHARACTERIZED	Not significant
COG3729	0.0	11347	1.0	455582	0.0	2.194994534463609e-06	0.0	1.0	1.0	1.0	1.0	R	General function prediction only	POORLY CHARACTERIZED	Not significant
COG5469	0.0	11347	1.0	455582	0.0	2.194994534463609e-06	0.0	1.0	1.0	1.0	1.0	S	Function unknown	POORLY CHARACTERIZED	Not significant
COG4840	0.0	11347	1.0	455582	0.0	2.194994534463609e-06	0.0	1.0	1.0	1.0	1.0	S	Function unknown	POORLY CHARACTERIZED	Not significant
COG0757	0.0	11347	1.0	455582	0.0	2.194994534463609e-06	0.0	1.0	1.0	1.0	1.0	E	Amino acid transport and metabolism	METABOLISM	Not significant
COG2044	0.0	11347	1.0	455582	0.0	2.194994534463609e-06	0.0	1.0	1.0	1.0	1.0	R	General function prediction only	POORLY CHARACTERIZED	Not significant
COG3783	0.0	11347	1.0	455582	0.0	2.194994534463609e-06	0.0	1.0	1.0	1.0	1.0	C	Energy production and conversion	METABOLISM	Not significant
COG3978	0.0	11347	1.0	455582	0.0	2.194994534463609e-06	0.0	1.0	1.0	1.0	1.0	E	Amino acid transport and metabolism	METABOLISM	Not significant
COG3744	0.0	11347	1.0	455582	0.0	2.194994534463609e-06	0.0	1.0	1.0	1.0	1.0	V	Defense mechanisms	CELLULAR PROCESSES AND SIGNALING	Not significant
COG2361	0.0	11347	1.0	455582	0.0	2.194994534463609e-06	0.0	1.0	1.0	1.0	1.0	V	Defense mechanisms	CELLULAR PROCESSES AND SIGNALING	Not significant
COG4892	0.0	11347	1.0	455582	0.0	2.194994534463609e-06	0.0	1.0	1.0	1.0	1.0	R	General function prediction only	POORLY CHARACTERIZED	Not significant
COG3514	0.0	11347	1.0	455582	0.0	2.194994534463609e-06	0.0	1.0	1.0	1.0	1.0	S	Function unknown	POORLY CHARACTERIZED	Not significant
COG3111	0.0	11347	1.0	455582	0.0	2.194994534463609e-06	0.0	1.0	1.0	1.0	1.0	S	Function unknown	POORLY CHARACTERIZED	Not significant
COG2058	0.0	11347	1.0	455582	0.0	2.194994534463609e-06	0.0	1.0	1.0	1.0	1.0	J	Translation, ribosomal structure and biogenesis	INFORMATION STORAGE AND PROCESSING	Not significant
COG4859	0.0	11347	1.0	455582	0.0	2.194994534463609e-06	0.0	1.0	1.0	1.0	1.0	S	Function unknown	POORLY CHARACTERIZED	Not significant
COG1585	0.0	11347	1.0	455582	0.0	2.194994534463609e-06	0.0	1.0	1.0	1.0	1.0	O	Posttranslational modification, protein turnover, chaperones	CELLULAR PROCESSES AND SIGNALING	Not significant
COG1959	0.0	11347	1.0	455582	0.0	2.194994534463609e-06	0.0	1.0	1.0	1.0	1.0	K	Transcription	INFORMATION STORAGE AND PROCESSING	Not significant
COG4270	0.0	11347	1.0	455582	0.0	2.194994534463609e-06	0.0	1.0	1.0	1.0	1.0	S	Function unknown	POORLY CHARACTERIZED	Not significant
COG1546	0.0	11347	1.0	455582	0.0	2.194994534463609e-06	0.0	1.0	1.0	1.0	1.0	H	Coenzyme transport and metabolism	METABOLISM	Not significant
COG3742	0.0	11347	1.0	455582	0.0	2.194994534463609e-06	0.0	1.0	1.0	1.0	1.0	V	Defense mechanisms	CELLULAR PROCESSES AND SIGNALING	Not significant
COG2351	0.0	11347	1.0	455582	0.0	2.194994534463609e-06	0.0	1.0	1.0	1.0	1.0	F	Nucleotide transport and metabolism	METABOLISM	Not significant
COG2004	0.0	11347	1.0	455582	0.0	2.194994534463609e-06	0.0	1.0	1.0	1.0	1.0	J	Translation, ribosomal structure and biogenesis	INFORMATION STORAGE AND PROCESSING	Not significant
COG1815	0.0	11347	1.0	455582	0.0	2.194994534463609e-06	0.0	1.0	1.0	1.0	1.0	N	Cell motility	CELLULAR PROCESSES AND SIGNALING	Not significant
COG4570	0.0	11347	1.0	455582	0.0	2.194994534463609e-06	0.0	1.0	1.0	1.0	1.0	L	Replication, recombination and repair	INFORMATION STORAGE AND PROCESSING	Not significant
COG1416	0.0	11347	1.0	455582	0.0	2.194994534463609e-06	0.0	1.0	1.0	1.0	1.0	P	Inorganic ion transport and metabolism	METABOLISM	Not significant
COG4803	0.0	11347	1.0	455582	0.0	2.194994534463609e-06	0.0	1.0	1.0	1.0	1.0	S	Function unknown	POORLY CHARACTERIZED	Not significant
COG5614	0.0	11347	1.0	455582	0.0	2.194994534463609e-06	0.0	1.0	1.0	1.0	1.0	X	Mobilome: prophages, transposons	CELLULAR PROCESSES AND SIGNALING	Not significant
COG5462	0.0	11347	1.0	455582	0.0	2.194994534463609e-06	0.0	1.0	1.0	1.0	1.0	S	Function unknown	POORLY CHARACTERIZED	Not significant
COG4852	0.0	11347	1.0	455582	0.0	2.194994534463609e-06	0.0	1.0	1.0	1.0	1.0	S	Function unknown	POORLY CHARACTERIZED	Not significant
COG2315	0.0	11347	1.0	455582	0.0	2.194994534463609e-06	0.0	1.0	1.0	1.0	1.0	K	Transcription	INFORMATION STORAGE AND PROCESSING	Not significant
COG4551	0.0	11347	1.0	455582	0.0	2.194994534463609e-06	0.0	1.0	1.0	1.0	1.0	R	General function prediction only	POORLY CHARACTERIZED	Not significant
COG1683	0.0	11347	1.0	455582	0.0	2.194994534463609e-06	0.0	1.0	1.0	1.0	1.0	S	Function unknown	POORLY CHARACTERIZED	Not significant
COG0344	0.0	11347	1.0	455582	0.0	2.194994534463609e-06	0.0	1.0	1.0	1.0	1.0	I	Lipid transport and metabolism	METABOLISM	Not significant
COG3038	0.0	11347	1.0	455582	0.0	2.194994534463609e-06	0.0	1.0	1.0	1.0	1.0	C	Energy production and conversion	METABOLISM	Not significant
COG1371	0.0	11347	1.0	455582	0.0	2.194994534463609e-06	0.0	1.0	1.0	1.0	1.0	J	Translation, ribosomal structure and biogenesis	INFORMATION STORAGE AND PROCESSING	Not significant
COG3862	0.0	11347	1.0	455582	0.0	2.194994534463609e-06	0.0	1.0	1.0	1.0	1.0	S	Function unknown	POORLY CHARACTERIZED	Not significant
COG5515	0.0	11347	1.0	455582	0.0	2.194994534463609e-06	0.0	1.0	1.0	1.0	1.0	S	Function unknown	POORLY CHARACTERIZED	Not significant
COG3238	0.0	11347	1.0	455582	0.0	2.194994534463609e-06	0.0	1.0	1.0	1.0	1.0	S	Function unknown	POORLY CHARACTERIZED	Not significant
COG3615	0.0	11347	1.0	455582	0.0	2.194994534463609e-06	0.0	1.0	1.0	1.0	1.0	P	Inorganic ion transport and metabolism	METABOLISM	Not significant
COG3788	0.0	11347	1.0	455582	0.0	2.194994534463609e-06	0.0	1.0	1.0	1.0	1.0	S	Function unknown	POORLY CHARACTERIZED	Not significant
COG3189	0.0	11347	1.0	455582	0.0	2.194994534463609e-06	0.0	1.0	1.0	1.0	1.0	S	Function unknown	POORLY CHARACTERIZED	Not significant
COG5500	0.0	11347	1.0	455582	0.0	2.194994534463609e-06	0.0	1.0	1.0	1.0	1.0	S	Function unknown	POORLY CHARACTERIZED	Not significant
COG0711	0.0	11347	1.0	455582	0.0	2.194994534463609e-06	0.0	1.0	1.0	1.0	1.0	C	Energy production and conversion	METABOLISM	Not significant
COG3811	0.0	11347	1.0	455582	0.0	2.194994534463609e-06	0.0	1.0	1.0	1.0	1.0	S	Function unknown	POORLY CHARACTERIZED	Not significant
COG4704	0.0	11347	1.0	455582	0.0	2.194994534463609e-06	0.0	1.0	1.0	1.0	1.0	S	Function unknown	POORLY CHARACTERIZED	Not significant
COG2402	0.0	11347	1.0	455582	0.0	2.194994534463609e-06	0.0	1.0	1.0	1.0	1.0	R	General function prediction only	POORLY CHARACTERIZED	Not significant
COG4954	0.0	11347	1.0	455582	0.0	2.194994534463609e-06	0.0	1.0	1.0	1.0	1.0	S	Function unknown	POORLY CHARACTERIZED	Not significant
COG2105	0.0	11347	1.0	455582	0.0	2.194994534463609e-06	0.0	1.0	1.0	1.0	1.0	E	Amino acid transport and metabolism	METABOLISM	Not significant
COG1937	0.0	11347	1.0	455582	0.0	2.194994534463609e-06	0.0	1.0	1.0	1.0	1.0	K	Transcription	INFORMATION STORAGE AND PROCESSING	Not significant
COG3134	0.0	11347	1.0	455582	0.0	2.194994534463609e-06	0.0	1.0	1.0	1.0	1.0	S	Function unknown	POORLY CHARACTERIZED	Not significant
COG1846	0.0	11347	1.0	455582	0.0	2.194994534463609e-06	0.0	1.0	1.0	1.0	1.0	K	Transcription	INFORMATION STORAGE AND PROCESSING	Not significant
COG5433	0.0	11347	1.0	455582	0.0	2.194994534463609e-06	0.0	1.0	1.0	1.0	1.0	X	Mobilome: prophages, transposons	CELLULAR PROCESSES AND SIGNALING	Not significant
COG2910	0.0	11347	1.0	455582	0.0	2.194994534463609e-06	0.0	1.0	1.0	1.0	1.0	R	General function prediction only	POORLY CHARACTERIZED	Not significant
COG0736	0.0	11347	1.0	455582	0.0	2.194994534463609e-06	0.0	1.0	1.0	1.0	1.0	I	Lipid transport and metabolism	METABOLISM	Not significant
COG3526	0.0	11347	1.0	455582	0.0	2.194994534463609e-06	0.0	1.0	1.0	1.0	1.0	R	General function prediction only	POORLY CHARACTERIZED	Not significant
