k	smorfs
1	2935
2	3089
3	7032
4	7601
5	21280
6	38537
7	49068
8	57084
9	58709
10	63125
11	68143
12	68591
13	94596
14	101859
15	102806
16	107199
17	107277
18	141031
19	142723
20	186391
21	205916
22	234939
23	237629
24	239389
25	241565
26	245950
27	249830
28	270782
29	277205
30	290934
31	295965
32	299268
33	308918
34	309632
35	316152
36	326889
37	339759
38	340860
39	346994
40	348459
41	351389
42	352368
43	353787
44	358726
45	359081
46	365144
47	365626
48	369156
49	371356
50	396243
51	397030
52	402464
53	428396
54	436952
55	437015
56	444769
57	445164
58	454965
59	456867
60	459038
61	461611
62	463084
63	488043
64	491621
65	491774
66	500934
67	503142
68	517320
69	519559
70	527472
71	530901
72	540834
73	574647
74	591341
75	624119
76	637306
77	643071
78	643453
79	646749
80	653350
81	657020
82	662913
83	670399
84	681384
85	714981
86	725880
87	760524
88	762740
89	764681
90	766443
91	769982
92	782510
93	782531
94	783974
95	816080
96	816295
97	820010
98	832539
99	833711
100	835585
101	835979
102	837421
103	842950
104	851176
105	851723
106	883608
107	884289
108	900119
109	921103
110	934894
111	961123
112	964589
113	964951
114	1000506
115	1004816
116	1008392
117	1012459
118	1012483
119	1020419
120	1042791
121	1045849
122	1052998
123	1058233
124	1073942
125	1077100
126	1092128
127	1094296
128	1094320
129	1109438
130	1138799
131	1140967
132	1141745
133	1156379
134	1157562
135	1157720
136	1160076
137	1160696
138	1182362
139	1186627
140	1194893
141	1217000
142	1217305
143	1220061
144	1220283
145	1238831
146	1244703
147	1272837
148	1274053
149	1289159
150	1289250
151	1291044
152	1291073
153	1292495
154	1295327
155	1298130
156	1306923
157	1337445
158	1343442
159	1353063
160	1360383
161	1362173
162	1365419
163	1365486
164	1367240
165	1367785
166	1369946
167	1370002
168	1385486
169	1389743
170	1393089
171	1393404
172	1393511
173	1394704
174	1396587
175	1397977
176	1403236
177	1406855
178	1407906
179	1417038
180	1417418
181	1452867
182	1454770
183	1457505
184	1460327
185	1463756
186	1469490
187	1470069
188	1473162
189	1495137
190	1508851
191	1509521
192	1510771
193	1519008
194	1519919
195	1534350
196	1536839
197	1563934
198	1566864
199	1569669
200	1572515
201	1599704
202	1601230
203	1603060
204	1605052
205	1616017
206	1616217
207	1617775
208	1625445
209	1628593
210	1635752
211	1635802
212	1636667
213	1637525
214	1641811
215	1650926
216	1670513
217	1670966
218	1671200
219	1672334
220	1674175
221	1696127
222	1717863
223	1720504
224	1721821
225	1735261
226	1775424
227	1784983
228	1785591
229	1786043
230	1788040
231	1790031
232	1793212
233	1793839
234	1793987
235	1795821
236	1797723
237	1806916
238	1809294
239	1814305
240	1815278
241	1817172
242	1826013
243	1826542
244	1827940
245	1843874
246	1846863
247	1857804
248	1860467
249	1861486
250	1865418
251	1865678
252	1868519
253	1883569
254	1886085
255	1897271
256	1904604
257	1908044
258	1909717
259	1910617
260	1920085
261	1920520
262	1921753
263	1923054
264	1933927
265	1935242
266	1954832
267	1955172
268	1955277
269	1978821
270	1981130
271	1983190
272	1985025
273	1985901
274	1986474
275	1987261
276	1987574
277	1989569
278	1992661
279	1996817
280	2003593
281	2004323
282	2006310
283	2015609
284	2016159
285	2018091
286	2018416
287	2018717
288	2019119
289	2024755
290	2026091
291	2026861
292	2030823
293	2054610
294	2061839
295	2063257
296	2071292
297	2073130
298	2082241
299	2097792
300	2097891
301	2098674
302	2106740
303	2110889
304	2111946
305	2130383
306	2138061
307	2170631
308	2185728
309	2185935
310	2195972
311	2196205
312	2196488
313	2196677
314	2196897
315	2198150
316	2213312
317	2218700
318	2230804
319	2231357
320	2231596
321	2233718
322	2236403
323	2247274
324	2250494
325	2292522
326	2307002
327	2325826
328	2329089
329	2332372
330	2341957
331	2375946
332	2393945
333	2394508
334	2395700
335	2417313
336	2417355
337	2417401
338	2432909
339	2436775
340	2455301
341	2466762
342	2466765
343	2468030
344	2490565
345	2498866
346	2498922
347	2503579
348	2504932
349	2513211
350	2514031
351	2515143
352	2518535
353	2532618
354	2533240
355	2539551
356	2540901
357	2541740
358	2542911
359	2561887
360	2570390
361	2574501
362	2586697
363	2588502
364	2589271
365	2591689
366	2593751
367	2593774
368	2597544
369	2602379
370	2614538
371	2615174
372	2617845
373	2618300
374	2647827
375	2675451
376	2695717
377	2701352
378	2702371
379	2719664
380	2726436
381	2727219
382	2730705
383	2732254
384	2735144
385	2738102
386	2738434
387	2739387
388	2749167
389	2749498
390	2751578
391	2754329
392	2756166
393	2769545
394	2774411
395	2778022
396	2800243
397	2821524
398	2822619
399	2834133
400	2841295
401	2849139
402	2865887
403	2866618
404	2882647
405	2882668
406	2884712
407	2894618
408	2894838
409	2912534
410	2924128
411	2932850
412	2942932
413	2944361
414	2956769
415	2956778
416	2966665
417	2969495
418	2977660
419	2978680
420	2980758
421	2998802
422	2998853
423	3002400
424	3008020
425	3020810
426	3021283
427	3021591
428	3021679
429	3022776
430	3026950
431	3033355
432	3036517
433	3045495
434	3057702
435	3058280
436	3083375
437	3085101
438	3088597
439	3090986
440	3094130
441	3096278
442	3098129
443	3109885
444	3133540
445	3134773
446	3137482
447	3141455
448	3146131
449	3150178
450	3164067
451	3164374
452	3165608
453	3181200
454	3181927
455	3182569
456	3190142
457	3209169
458	3228541
459	3237812
460	3239360
461	3240476
462	3241204
463	3245849
464	3246502
465	3246765
466	3247220
467	3250014
468	3259992
469	3262290
470	3263984
471	3267187
472	3267333
473	3277159
474	3279311
475	3280028
476	3283227
477	3293328
478	3293660
479	3294321
480	3307404
481	3331042
482	3332651
483	3333065
484	3338083
485	3340722
486	3359389
487	3369877
488	3371605
489	3373484
490	3388258
491	3397015
492	3397624
493	3400593
494	3401156
495	3410329
496	3422007
497	3450203
498	3458513
499	3458646
500	3459905
501	3461388
502	3469006
503	3469067
504	3470993
505	3471338
506	3472885
507	3473620
508	3475309
509	3499095
510	3499096
511	3500708
512	3501535
513	3503219
514	3521203
515	3521991
516	3522871
517	3527196
518	3527321
519	3530737
520	3531087
521	3539161
522	3563897
523	3568599
524	3569419
525	3569916
526	3585302
527	3588249
528	3588435
529	3611013
530	3611650
531	3631138
532	3633443
533	3634838
534	3639458
535	3639685
536	3644664
537	3661126
538	3661342
539	3662623
540	3683578
541	3691691
542	3710328
543	3710791
544	3713248
545	3713882
546	3713985
547	3737463
548	3737535
549	3755137
550	3755569
551	3764815
552	3768342
553	3781403
554	3785173
555	3785511
556	3789893
557	3790168
558	3806977
559	3807143
560	3807183
561	3819501
562	3820314
563	3820547
564	3821267
565	3832185
566	3837305
567	3845247
568	3847058
569	3871271
570	3875517
571	3888332
572	3888630
573	3890056
574	3890986
575	3908020
576	3908947
577	3909390
578	3909761
579	3910256
580	3913632
581	3913952
582	3938467
583	3952182
584	3952774
585	3952794
586	3953072
587	3961950
588	3962386
589	3968978
590	3969100
591	3971361
592	4000358
593	4000899
594	4004809
595	4005502
596	4006272
597	4011121
598	4021682
599	4023539
600	4029683
601	4051034
602	4066011
603	4067479
604	4068177
605	4073998
606	4075093
607	4076892
608	4078654
609	4083903
610	4083965
611	4089922
612	4107683
613	4115777
614	4115959
615	4116485
616	4118096
617	4119372
618	4120345
619	4121253
620	4121363
621	4131696
622	4131721
623	4157503
624	4165455
625	4165741
626	4172449
627	4184882
628	4186529
629	4191542
630	4193563
631	4193744
632	4196386
633	4215174
634	4219637
635	4220104
636	4220408
637	4220553
638	4226121
639	4227156
640	4227595
641	4229215
642	4229809
643	4245957
644	4247600
645	4249491
646	4250057
647	4250605
648	4258319
649	4260621
650	4263238
651	4272756
652	4274669
653	4290821
654	4291625
655	4307616
656	4313236
657	4327165
658	4328177
659	4331635
660	4332108
661	4335151
662	4351563
663	4359795
664	4359929
665	4394200
666	4404048
667	4405335
668	4417527
669	4417577
670	4430768
671	4432175
672	4455183
673	4456011
674	4457965
675	4461322
676	4463136
677	4470591
678	4491584
679	4491590
680	4492139
681	4494263
682	4497542
683	4507083
684	4512300
685	4516185
686	4517011
687	4517258
688	4541649
689	4544114
690	4544919
691	4546071
692	4556806
693	4557479
694	4570829
695	4571333
696	4571847
697	4578457
698	4579263
699	4579344
700	4580146
701	4590769
702	4594481
703	4614454
704	4632459
705	4648716
706	4648957
707	4654605
708	4654741
709	4655385
710	4656602
711	4657361
712	4657369
713	4659134
714	4667738
715	4674645
716	4686697
717	4687273
718	4687800
719	4687941
720	4690791
721	4692697
722	4693349
723	4708445
724	4710604
725	4710666
726	4714188
727	4716562
728	4722092
729	4722682
730	4728990
731	4732247
732	4733198
733	4733398
734	4736945
735	4751973
736	4753130
737	4773309
738	4787547
739	4796885
740	4797107
741	4817122
742	4821181
743	4825865
744	4825902
745	4826309
746	4838754
747	4839551
748	4839601
749	4842541
750	4843156
751	4857852
752	4858393
753	4859985
754	4860668
755	4861950
756	4868123
757	4884663
758	4888874
759	4889054
760	4905264
761	4907629
762	4908305
763	4909064
764	4910643
765	4914403
766	4928396
767	4937054
768	4939020
769	4939028
770	4943472
771	4944137
772	4944399
773	4944411
774	4944608
775	4944643
776	4944811
777	4948386
778	4957297
779	4971814
780	4972154
781	4972724
782	4974413
783	4977527
784	4984339
785	4993118
786	4995798
787	4999908
788	4999947
789	5015980
790	5018188
791	5029582
792	5040159
793	5041605
794	5042129
795	5043346
796	5049263
797	5057227
798	5076033
799	5095331
800	5099889
801	5100351
802	5100707
803	5100937
804	5103376
805	5120373
806	5122126
807	5164116
808	5169330
809	5170288
810	5171380
811	5176234
812	5179639
813	5187584
814	5203926
815	5210215
816	5221290
817	5221321
818	5221493
819	5222120
820	5222196
821	5229938
822	5239693
823	5240726
824	5245287
825	5252338
826	5255285
827	5260103
828	5267877
829	5267967
830	5289107
831	5305627
832	5316208
833	5316575
834	5323550
835	5335794
836	5336953
837	5343693
838	5356298
839	5365831
840	5365959
841	5366158
842	5384049
843	5384166
844	5385348
845	5402025
846	5423318
847	5436500
848	5436659
849	5439065
850	5448855
851	5449141
852	5457719
853	5457783
854	5461799
855	5468034
856	5468315
857	5470898
858	5471385
859	5473219
860	5480531
861	5480546
862	5482088
863	5482851
864	5483540
865	5483985
866	5493300
867	5495873
868	5496095
869	5497426
870	5515704
871	5515977
872	5520651
873	5527206
874	5542077
875	5542088
876	5543799
877	5544952
878	5546398
879	5546535
880	5548233
881	5560324
882	5563174
883	5564559
884	5566533
885	5587308
886	5587474
887	5599879
888	5619822
889	5620981
890	5630810
891	5632205
892	5637536
893	5645548
894	5645596
895	5645620
896	5646953
897	5647411
898	5655613
899	5656046
900	5665872
901	5668284
902	5668534
903	5669540
904	5674764
905	5681078
906	5681408
907	5682264
908	5682922
909	5683381
910	5683569
911	5695028
912	5696611
913	5696659
914	5697552
915	5698449
916	5711613
917	5712029
918	5724547
919	5724562
920	5730265
921	5733730
922	5740067
923	5740447
924	5742553
925	5742815
926	5751570
927	5757902
928	5758048
929	5759757
930	5760892
931	5765272
932	5774316
933	5793672
934	5810065
935	5811554
936	5812462
937	5813099
938	5820065
939	5822802
940	5829582
941	5840275
942	5843087
943	5852667
944	5874018
945	5889938
946	5896210
947	5904278
948	5924918
949	5926628
950	5931117
951	5945294
952	5945675
953	5946385
954	5952773
955	5954938
956	5955047
957	5966402
958	5976125
959	5993703
960	5995232
961	6006755
962	6010262
963	6016342
964	6030230
965	6044994
966	6045237
967	6051403
968	6062201
969	6062991
970	6066769
971	6067074
972	6076492
973	6087973
974	6089996
975	6101763
976	6114700
977	6142615
978	6144950
979	6156743
980	6156757
981	6160742
982	6161317
983	6164784
984	6166516
985	6168035
986	6169829
987	6172045
988	6181094
989	6182910
990	6183576
991	6184600
992	6184965
993	6185614
994	6187242
995	6187986
996	6188414
997	6213003
998	6213813
999	6225328
1000	6226758
1001	6228685
1002	6230589
1003	6242647
1004	6242949
1005	6248711
1006	6249477
1007	6253441
1008	6259334
1009	6273834
1010	6275946
1011	6278176
1012	6279001
1013	6279977
1014	6280016
1015	6290067
1016	6290592
1017	6292289
1018	6292838
1019	6300892
1020	6306698
1021	6323092
1022	6324076
1023	6342714
1024	6359944
1025	6360059
1026	6371803
1027	6374986
1028	6392812
1029	6396598
1030	6396838
1031	6402685
1032	6402883
1033	6404750
1034	6420807
1035	6435543
1036	6439149
1037	6458693
1038	6459275
1039	6462095
1040	6464571
1041	6467092
1042	6467767
1043	6478173
1044	6478562
1045	6479376
1046	6479391
1047	6480538
1048	6484225
1049	6496616
1050	6506373
1051	6519091
1052	6522248
1053	6528528
1054	6532775
1055	6533353
1056	6539339
1057	6542546
1058	6543614
1059	6543662
1060	6550394
1061	6556725
1062	6557369
1063	6576394
1064	6576821
1065	6581600
1066	6583113
1067	6593877
1068	6599112
1069	6600888
1070	6608317
1071	6615481
1072	6617039
1073	6617812
1074	6619878
1075	6628172
1076	6628323
1077	6632102
1078	6632990
1079	6644485
1080	6644613
1081	6649535
1082	6653428
1083	6655697
1084	6659640
1085	6667356
1086	6668756
1087	6669416
1088	6676125
1089	6683025
1090	6683055
1091	6703873
1092	6706725
1093	6710686
1094	6711232
1095	6711398
1096	6711776
1097	6717092
1098	6727013
1099	6742343
1100	6760215
1101	6763134
1102	6767054
1103	6776307
1104	6776497
1105	6784672
1106	6785564
1107	6796003
1108	6796285
1109	6798800
1110	6799734
1111	6815977
1112	6831002
1113	6831366
1114	6832230
1115	6833229
1116	6836082
1117	6837260
1118	6837367
1119	6837420
1120	6838115
1121	6844525
1122	6854558
1123	6860495
1124	6860971
1125	6861656
1126	6861704
1127	6861710
1128	6884000
1129	6891416
1130	6892588
1131	6892722
1132	6896363
1133	6898550
1134	6900763
1135	6901780
1136	6906933
1137	6911950
1138	6915876
1139	6923504
1140	6923922
1141	6925963
1142	6926559
1143	6927899
1144	6933252
1145	6934908
1146	6935548
1147	6943238
1148	6948109
1149	6950183
1150	6950627
1151	6953997
1152	6956898
1153	6958313
1154	6972360
1155	6972383
1156	6972908
1157	6974453
1158	6979477
1159	6986095
1160	6986534
1161	6988654
1162	6989039
1163	6996452
1164	7012207
1165	7017051
1166	7019157
1167	7023989
1168	7024352
1169	7036707
1170	7038450
1171	7041396
1172	7041795
1173	7042043
1174	7042202
1175	7048055
1176	7048119
1177	7048473
1178	7060362
1179	7061298
1180	7063394
1181	7065361
1182	7066345
1183	7071012
1184	7074297
1185	7074404
1186	7078554
1187	7080928
1188	7087010
1189	7088715
1190	7089837
1191	7100525
1192	7100952
1193	7102038
1194	7102096
1195	7115128
1196	7125155
1197	7133517
1198	7137393
1199	7140035
1200	7140920
1201	7141167
1202	7141374
1203	7142518
1204	7142597
1205	7158641
1206	7180147
1207	7192874
1208	7199519
1209	7200557
1210	7200741
1211	7212954
1212	7217330
1213	7228104
1214	7235808
1215	7247555
1216	7249489
1217	7254126
1218	7254811
1219	7257409
1220	7280220
1221	7280401
1222	7286620
1223	7287673
1224	7288883
1225	7290178
1226	7291055
1227	7298622
1228	7303080
1229	7304016
1230	7314106
1231	7314793
1232	7322798
1233	7323335
1234	7327808
1235	7328179
1236	7328370
1237	7328652
1238	7329144
1239	7329753
1240	7330086
1241	7335981
1242	7335981
1243	7338705
1244	7340167
1245	7359359
1246	7397392
1247	7411856
1248	7414031
1249	7416176
1250	7418462
1251	7419168
1252	7420879
1253	7424557
1254	7433714
1255	7444749
1256	7445378
1257	7448365
1258	7450254
1259	7451227
1260	7463096
1261	7468293
1262	7468534
1263	7469997
1264	7470191
1265	7470758
1266	7478358
1267	7479335
1268	7480055
1269	7480849
1270	7506565
1271	7508788
1272	7517049
1273	7517759
1274	7518169
1275	7523831
1276	7530655
1277	7531861
1278	7542755
1279	7549097
1280	7554860
1281	7562328
1282	7562415
1283	7565761
1284	7566291
1285	7578323
1286	7595116
1287	7595975
1288	7603781
1289	7604087
1290	7613679
1291	7616974
1292	7619895
1293	7621178
1294	7622673
1295	7622780
1296	7623448
1297	7623720
1298	7625423
1299	7625607
1300	7625872
1301	7627478
1302	7633475
1303	7641427
1304	7643536
1305	7649060
1306	7650180
1307	7650300
1308	7654387
1309	7680330
1310	7680345
1311	7680368
1312	7681885
1313	7681894
1314	7697496
1315	7701376
1316	7724973
1317	7725440
1318	7725943
1319	7730567
1320	7730573
1321	7730591
1322	7730978
1323	7738089
1324	7739086
1325	7749131
1326	7750689
1327	7752129
1328	7755632
1329	7755803
1330	7758031
1331	7766585
1332	7766829
1333	7772215
1334	7774485
1335	7795999
1336	7811777
1337	7819620
1338	7821120
1339	7826943
1340	7827223
1341	7839071
1342	7842569
1343	7843043
1344	7856866
1345	7857161
1346	7858009
1347	7858063
1348	7858072
1349	7862253
1350	7867902
1351	7870873
1352	7873378
1353	7874038
1354	7875193
1355	7875366
1356	7883200
1357	7883255
1358	7885114
1359	7885314
1360	7897070
1361	7897372
1362	7901500
1363	7910931
1364	7913447
1365	7913848
1366	7923458
1367	7925558
1368	7934182
1369	7941288
1370	7943531
1371	7943559
1372	7943656
1373	7943806
1374	7945382
1375	7945651
1376	7946164
1377	7950169
1378	7950760
1379	7952864
1380	7954304
1381	7955495
1382	7959166
1383	7960249
1384	7961546
1385	7967127
1386	7968876
1387	7971212
1388	7971334
1389	7972414
1390	7972499
1391	7975565
1392	7982125
1393	7988563
1394	8001282
1395	8002559
1396	8020501
1397	8025832
1398	8029543
1399	8031979
1400	8040102
1401	8043519
1402	8046326
1403	8059161
1404	8062888
1405	8075626
1406	8076794
1407	8077127
1408	8077285
1409	8077470
1410	8079066
1411	8081558
1412	8081873
1413	8087484
1414	8087724
1415	8087739
1416	8088467
1417	8088631
1418	8089084
1419	8089264
1420	8090230
1421	8090980
1422	8092280
1423	8093635
1424	8097991
1425	8098925
1426	8102362
1427	8102533
1428	8102605
1429	8105744
1430	8106011
1431	8106414
1432	8108262
1433	8118004
1434	8120692
1435	8120797
1436	8123874
1437	8124522
1438	8124552
1439	8125091
1440	8251910
1441	8252733
1442	8256407
1443	8269769
1444	8270636
1445	8277121
1446	8284524
1447	8284724
1448	8285346
1449	8292986
1450	8298676
1451	8298783
1452	8299109
1453	8299616
1454	8301008
1455	8301014
1456	8312875
1457	8315747
1458	8331130
1459	8331170
1460	8333052
1461	8333544
1462	8337731
1463	8338769
1464	8340842
1465	8341103
1466	8341171
1467	8344198
1468	8345701
1469	8353402
1470	8361998
1471	8362434
1472	8367064
1473	8373074
1474	8375365
1475	8375898
1476	8376092
1477	8376930
1478	8377999
1479	8379722
1480	8380112
1481	8380558
1482	8401294
1483	8403770
1484	8407926
1485	8415246
1486	8428147
1487	8434282
1488	8446202
1489	8447860
1490	8447897
1491	8451464
1492	8452573
1493	8462550
1494	8471860
1495	8472996
1496	8475906
1497	8476187
1498	8484000
1499	8502500
1500	8503293
1501	8503509
1502	8505321
1503	8505335
1504	8512114
1505	8514353
1506	8520548
1507	8531006
1508	8546275
1509	8560361
1510	8564584
1511	8579707
1512	8579754
1513	8587284
1514	8588656
1515	8590536
1516	8594703
1517	8595729
1518	8596086
1519	8596660
1520	8598816
1521	8598904
1522	8598969
1523	8599532
1524	8613587
1525	8619110
1526	8621460
1527	8623930
1528	8626538
1529	8628454
1530	8628744
1531	8628772
1532	8633171
1533	8648926
1534	8662777
1535	8669792
1536	8670493
1537	8671497
1538	8682005
1539	8683686
1540	8687954
1541	8698824
1542	8699032
1543	8707230
1544	8707371
1545	8708347
1546	8708347
1547	8711178
1548	8711551
1549	8712377
1550	8712869
1551	8724172
1552	8724230
1553	8728629
1554	8739649
1555	8739716
1556	8740130
1557	8755063
1558	8755088
1559	8755316
1560	8767520
1561	8774045
1562	8776314
1563	8788097
1564	8789389
1565	8793554
1566	8796377
1567	8799368
1568	8799631
1569	8799679
1570	8802260
1571	8802289
1572	8813841
1573	8815432
1574	8821271
1575	8834863
1576	8834913
1577	8839060
1578	8840976
1579	8844595
1580	8844597
1581	8845374
1582	8845860
1583	8847392
1584	8854018
1585	8854182
1586	8866505
1587	8874463
1588	8875117
1589	8878309
1590	8890673
1591	8891002
1592	8896730
1593	8898433
1594	8916411
1595	8920267
1596	8920422
1597	8920816
1598	8921037
1599	8925940
1600	8934903
1601	8937760
1602	8944842
1603	8946986
1604	8954104
1605	8958867
1606	8973459
1607	8977584
1608	8980063
1609	8980124
1610	8984908
1611	8987013
1612	8990356
1613	8990369
1614	8990427
1615	8992301
1616	8992348
1617	8994863
1618	8995437
1619	8995863
1620	9016512
1621	9016980
1622	9028720
1623	9029302
1624	9030801
1625	9038797
1626	9044342
1627	9049194
1628	9050821
1629	9053325
1630	9056385
1631	9057201
1632	9059856
1633	9077329
1634	9077341
1635	9078436
1636	9079430
1637	9079670
1638	9081851
1639	9081860
1640	9082790
1641	9087276
1642	9087315
1643	9087524
1644	9091604
1645	9094876
1646	9096538
1647	9106573
1648	9109747
1649	9110264
1650	9119588
1651	9147119
1652	9147317
1653	9147931
1654	9151303
1655	9151467
1656	9152057
1657	9169338
1658	9170653
1659	9182528
1660	9183423
1661	9186976
1662	9196189
1663	9207167
1664	9214263
1665	9216141
1666	9216316
1667	9232942
1668	9233225
1669	9233226
1670	9234322
1671	9236968
1672	9239772
1673	9245846
1674	9246886
1675	9248059
1676	9248128
1677	9250782
1678	9250984
1679	9257690
1680	9257695
1681	9258328
1682	9271766
1683	9298963
1684	9304601
1685	9312598
1686	9313179
1687	9319577
1688	9320568
1689	9329799
1690	9330459
1691	9348374
1692	9350790
1693	9359651
1694	9365503
1695	9365859
1696	9368499
1697	9369795
1698	9374089
1699	9375744
1700	9383108
1701	9386124
1702	9386982
1703	9397628
1704	9399653
1705	9409603
1706	9411399
1707	9419205
1708	9425100
1709	9427064
1710	9430558
1711	9434254
1712	9450060
1713	9455450
1714	9455470
1715	9456093
1716	9466404
1717	9466463
1718	9477359
1719	9477851
1720	9484305
1721	9491087
1722	9491158
1723	9501425
1724	9501557
1725	9509652
1726	9523704
1727	9538905
1728	9539829
1729	9539829
1730	9546666
1731	9547562
1732	9557618
1733	9558512
1734	9560331
1735	9560814
1736	9565158
1737	9566703
1738	9576644
1739	9582347
1740	9583823
1741	9586029
1742	9586911
1743	9586969
1744	9592757
1745	9597358
1746	9598004
1747	9602246
1748	9602718
1749	9603566
1750	9623707
1751	9624982
1752	9625843
1753	9628701
1754	9628881
1755	9636726
1756	9637031
1757	9637266
1758	9639360
1759	9645807
1760	9646802
1761	9653366
1762	9653429
1763	9653900
1764	9654174
1765	9661133
1766	9674051
1767	9687177
1768	9687632
1769	9692177
1770	9692365
1771	9693846
1772	9697933
1773	9702353
1774	9702775
1775	9706033
1776	9709828
1777	9719318
1778	9723091
1779	9725467
1780	9725491
1781	9732013
1782	9732021
1783	9732906
1784	9741615
1785	9742204
1786	9745228
1787	9747419
1788	9755812
1789	9756178
1790	9756994
1791	9757808
1792	9763944
1793	9767882
1794	9776236
1795	9778103
1796	9779134
1797	9781471
1798	9781526
1799	9781677
1800	9783263
1801	9796615
1802	9799166
1803	9813555
1804	9813576
1805	9813653
1806	9827333
1807	9834612
1808	9847108
1809	9847496
1810	9848291
1811	9848545
1812	9849385
1813	9849616
1814	9850311
1815	9850838
1816	9856038
1817	9857075
1818	9857758
1819	9858117
1820	9859678
1821	9859779
1822	9860846
1823	9862487
1824	9862566
1825	9862668
1826	9862901
1827	9863207
1828	9864498
1829	9864887
1830	9865001
1831	9870830
1832	9871210
1833	9872396
1834	9872414
1835	9874566
1836	9875161
1837	9877560
1838	9880043
1839	9881748
1840	9890084
1841	9901965
1842	9902155
1843	9902930
1844	9908337
1845	9909313
1846	9910098
1847	9910840
1848	9911237
1849	9912985
1850	9913821
1851	9915995
1852	9917489
1853	9926370
1854	9931588
1855	9937288
1856	9937692
1857	9939176
1858	9948717
1859	9954802
1860	9961609
1861	9962033
1862	9962163
1863	9962350
1864	9969713
1865	9971111
1866	9972149
1867	9984284
1868	9984380
1869	9985066
1870	9995045
1871	9997397
1872	9997726
1873	9998269
1874	10000033
1875	10000278
1876	10009564
1877	10013124
1878	10020114
1879	10022302
1880	10029975
1881	10036760
1882	10037197
1883	10037426
1884	10039851
1885	10041090
1886	10052671
1887	10054802
1888	10054811
1889	10063429
1890	10063625
1891	10069448
1892	10072937
1893	10081545
1894	10100031
1895	10103622
1896	10111248
1897	10113144
1898	10113355
1899	10122910
1900	10122938
1901	10123560
1902	10124163
1903	10125956
1904	10127693
1905	10128231
1906	10129672
1907	10129794
1908	10135817
1909	10149617
1910	10150017
1911	10151668
1912	10152037
1913	10152496
1914	10161329
1915	10172075
1916	10172910
1917	10180810
1918	10181402
1919	10182976
1920	10189156
1921	10200595
1922	10201059
1923	10202169
1924	10203062
1925	10203429
1926	10217084
1927	10217807
1928	10218605
1929	10218963
1930	10219192
1931	10223948
1932	10232318
1933	10233166
1934	10233967
1935	10241699
1936	10243349
1937	10245034
1938	10248508
1939	10250623
1940	10258067
1941	10258242
1942	10259499
1943	10259499
1944	10259842
1945	10262506
1946	10263219
1947	10280659
1948	10283316
1949	10284110
1950	10285235
1951	10286017
1952	10288507
1953	10288591
1954	10294277
1955	10298732
1956	10302260
1957	10313601
1958	10314723
1959	10323091
1960	10323156
1961	10323209
1962	10323324
1963	10327942
1964	10327955
1965	10328959
1966	10330251
1967	10336036
1968	10337146
1969	10342598
1970	10345800
1971	10348691
1972	10349138
1973	10349249
1974	10349844
1975	10349919
1976	10360535
1977	10367523
1978	10367540
1979	10368111
1980	10368654
1981	10369389
1982	10370668
1983	10371372
1984	10371621
1985	10375688
1986	10376886
1987	10386299
1988	10387085
1989	10388182
1990	10388256
1991	10388843
1992	10393467
1993	10394577
1994	10395138
1995	10395713
1996	10396016
1997	10396842
1998	10399485
1999	10399767
2000	10400688
2001	10402417
2002	10405976
2003	10406026
2004	10406052
2005	10407863
2006	10408045
2007	10408060
2008	10410643
2009	10416630
2010	10417842
2011	10425897
2012	10438353
2013	10443459
2014	10455905
2015	10455908
2016	10457179
2017	10458082
2018	10464078
2019	10464177
2020	10470838
2021	10479603
2022	10485914
2023	10485927
2024	10495822
2025	10497576
2026	10497977
2027	10498244
2028	10500873
2029	10501862
2030	10501985
2031	10507974
2032	10509405
2033	10519697
2034	10529893
2035	10530232
2036	10533748
2037	10535127
2038	10538221
2039	10547148
2040	10560882
2041	10575090
2042	10575755
2043	10578378
2044	10587586
2045	10589526
2046	10589612
2047	10589688
2048	10593621
2049	10595184
2050	10595813
2051	10597461
2052	10601559
2053	10601596
2054	10601683
2055	10607754
2056	10686096
2057	10686489
2058	10687834
2059	10707004
2060	10713078
2061	10713353
2062	10714046
2063	10714047
2064	10721372
2065	10721711
2066	10722593
2067	10723127
2068	10731902
2069	10735264
2070	10737621
2071	10738528
2072	10755175
2073	10755196
2074	10763757
2075	10769541
2076	10772914
2077	10773566
2078	10790618
2079	10792770
2080	10802163
2081	10803366
2082	10809237
2083	10818701
2084	10823182
2085	10824163
2086	10824358
2087	10824364
2088	10825141
2089	10825218
2090	10825567
2091	10825993
2092	10826386
2093	10830788
2094	10836019
2095	10839025
2096	10839483
2097	10839788
2098	10843515
2099	10845073
2100	10845605
2101	10846390
2102	10846749
2103	10847818
2104	10848631
2105	10857460
2106	10859266
2107	10859346
2108	10860306
2109	10861379
2110	10861655
2111	10863534
2112	10870821
2113	10873068
2114	10875170
2115	10875422
2116	10881597
2117	10887163
2118	10887837
2119	10887924
2120	10906005
2121	10919944
2122	10923782
2123	10923873
2124	10928275
2125	10928965
2126	10930791
2127	10930811
2128	10934543
2129	10938370
2130	10940187
2131	10941698
2132	10942712
2133	10943020
2134	10944258
2135	10944397
2136	10948114
2137	10948881
2138	10951153
2139	10951155
2140	10951498
2141	10952219
2142	10961683
2143	10974819
2144	10980245
2145	10983064
2146	10983247
2147	10984690
2148	10984739
2149	10990255
2150	10999635
2151	11000168
2152	11000511
2153	11000541
2154	11004187
2155	11004264
2156	11004475
2157	11007753
2158	11008887
2159	11010187
2160	11016357
2161	11024029
2162	11032505
2163	11032612
2164	11040770
2165	11052512
2166	11056564
2167	11059307
2168	11061045
2169	11064321
2170	11064760
2171	11070230
2172	11077231
2173	11086375
2174	11093527
2175	11098262
2176	11101219
2177	11106931
2178	11107181
2179	11112830
2180	11123965
2181	11137035
2182	11138012
2183	11148361
2184	11148718
2185	11157907
2186	11157913
2187	11172849
2188	11173930
2189	11173930
2190	11186770
2191	11197874
2192	11206835
2193	11207081
2194	11211710
2195	11216144
2196	11216304
2197	11216537
2198	11222737
2199	11224337
2200	11225014
2201	11225880
2202	11238874
2203	11239245
2204	11248443
2205	11249594
2206	11258391
2207	11258794
2208	11267827
2209	11268241
2210	11276210
2211	11288148
2212	11289424
2213	11290656
2214	11303521
2215	11303578
2216	11303962
2217	11305922
2218	11314554
2219	11324911
2220	11326102
2221	11327174
2222	11327609
2223	11327776
2224	11327972
2225	11334658
2226	11340228
2227	11340677
2228	11340746
2229	11348465
2230	11350416
2231	11350588
2232	11357477
2233	11365108
2234	11365395
2235	11367445
2236	11367648
2237	11383803
2238	11388981
2239	11389370
2240	11405326
2241	11405396
2242	11405402
2243	11410666
2244	11424853
2245	11425591
2246	11426201
2247	11429507
2248	11431851
2249	11435180
2250	11436730
2251	11436804
2252	11438095
2253	11439864
2254	11440016
2255	11440855
2256	11440883
2257	11442331
2258	11442708
2259	11449550
2260	11449894
2261	11452257
2262	11465488
2263	11466468
2264	11471522
2265	11472819
2266	11474381
2267	11485644
2268	11486718
2269	11490149
2270	11497736
2271	11497979
2272	11503254
2273	11503417
2274	11509187
2275	11520226
2276	11520724
2277	11526502
2278	11527295
2279	11528400
2280	11529929
2281	11530719
2282	11532820
2283	11533758
2284	11547681
2285	11551710
2286	11561888
2287	11566159
2288	11570707
2289	11571275
2290	11571565
2291	11571596
2292	11578011
2293	11578833
2294	11579730
2295	11583848
2296	11584411
2297	11585006
2298	11585462
2299	11586001
2300	11596516
2301	11596702
2302	11598013
2303	11628296
2304	11630641
2305	11633700
2306	11633896
2307	11635564
2308	11637684
2309	11640193
2310	11642318
2311	11644422
2312	11652243
2313	11659471
2314	11664020
2315	11666502
2316	11673709
2317	11673756
2318	11676552
2319	11676804
2320	11678193
2321	11678572
2322	11680150
2323	11691660
2324	11693106
2325	11694071
2326	11697539
2327	11697818
2328	11708166
2329	11709561
2330	11709588
2331	11712155
2332	11712218
2333	11716533
2334	11723067
2335	11723879
2336	11724911
2337	11724944
2338	11725631
2339	11729875
2340	11730471
2341	11731567
2342	11735273
2343	11735634
2344	11736297
2345	11737500
2346	11739816
2347	11739853
2348	11746310
2349	11747586
2350	11747591
2351	11755460
2352	11783113
2353	11784218
2354	11784224
2355	11785354
2356	11786119
2357	11786135
2358	11787124
2359	11794128
2360	11799643
2361	11799730
2362	11812357
2363	11816971
2364	11823469
2365	11824095
2366	11827345
2367	11828516
2368	11835734
2369	11835735
2370	11836079
2371	11848118
2372	11848604
2373	11849907
2374	11857249
2375	11861395
2376	11861539
2377	11865580
2378	11885210
2379	11886716
2380	11887905
2381	11900422
2382	11901692
2383	11904359
2384	11917195
2385	11920743
2386	11923763
2387	11935118
2388	11938087
2389	11947134
2390	11949919
2391	11950770
2392	11952681
2393	11969742
2394	11970912
2395	11987799
2396	11991762
2397	11999008
2398	11999340
2399	12005646
2400	12011545
2401	12011681
2402	12013322
2403	12027812
2404	12028509
2405	12030403
2406	12030460
2407	12031538
2408	12035231
2409	12044913
2410	12059029
2411	12061607
2412	12068302
2413	12078043
2414	12081144
2415	12082741
2416	12084466
2417	12095099
2418	12096253
2419	12096608
2420	12111510
2421	12117866
2422	12118714
2423	12122093
2424	12126115
2425	12130880
2426	12131197
2427	12131459
2428	12146904
2429	12154254
2430	12159000
2431	12160163
2432	12160248
2433	12171105
2434	12181553
2435	12184934
2436	12194349
2437	12194669
2438	12201924
2439	12206640
2440	12207836
2441	12208101
2442	12209822
2443	12209943
2444	12212139
2445	12215158
2446	12220520
2447	12220808
2448	12228078
2449	12231416
2450	12246935
2451	12247003
2452	12248641
2453	12252391
2454	12253515
2455	12263364
2456	12266394
2457	12276434
2458	12276647
2459	12276720
2460	12280269
2461	12281333
2462	12281646
2463	12281702
2464	12287313
2465	12287342
2466	12291805
2467	12292485
2468	12294124
2469	12295477
2470	12296915
2471	12297002
2472	12304738
2473	12305752
2474	12310285
2475	12310300
2476	12335513
2477	12335983
2478	12336885
2479	12344075
2480	12346011
2481	12356844
2482	12380730
2483	12381606
2484	12382998
2485	12383249
2486	12395455
2487	12395713
2488	12395739
2489	12402122
2490	12402748
2491	12403735
2492	12407387
2493	12408163
2494	12412084
2495	12412470
2496	12413662
2497	12413719
2498	12422749
2499	12429764
2500	12430593
2501	12432295
2502	12432988
2503	12438511
2504	12438609
2505	12442873
2506	12444680
2507	12456541
2508	12467964
2509	12472494
2510	12473362
2511	12474215
2512	12477845
2513	12478150
2514	12492887
2515	12494099
2516	12500911
2517	12506085
2518	12510877
2519	12511299
2520	12517034
2521	12531249
2522	12533422
2523	12543759
2524	12546223
2525	12546253
2526	12546764
2527	12552366
2528	12556496
2529	12556862
2530	12558673
2531	12558927
2532	12571378
2533	12574698
2534	12580223
2535	12580676
2536	12580692
2537	12581319
2538	12585913
2539	12586506
2540	12592572
2541	12592621
2542	12593309
2543	12601056
2544	12608584
2545	12611633
2546	12612041
2547	12619375
2548	12625805
2549	12629521
2550	12630362
2551	12631659
2552	12632736
2553	12633916
2554	12639728
2555	12642927
2556	12643061
2557	12645930
2558	12645954
2559	12645980
2560	12650541
2561	12650907
2562	12652106
2563	12659484
2564	12661176
2565	12671555
2566	12671711
2567	12671715
2568	12676837
2569	12681702
2570	12682049
2571	12689957
2572	12694845
2573	12695576
2574	12700434
2575	12704501
2576	12705833
2577	12705948
2578	12706235
2579	12707052
2580	12715832
2581	12717029
2582	12717860
2583	12719829
2584	12720376
2585	12723067
2586	12731806
2587	12737502
2588	12738772
2589	12739570
2590	12739640
2591	12743303
2592	12744343
2593	12744618
2594	12750110
2595	12751598
2596	12751785
2597	12752637
2598	12755869
2599	12756872
2600	12762291
2601	12769167
2602	12769368
2603	12770340
2604	12776919
2605	12783032
2606	12784225
2607	12786809
2608	12787407
2609	12788583
2610	12788884
2611	12791046
2612	12798392
2613	12799907
2614	12800028
2615	12800140
2616	12804876
2617	12812354
2618	12815538
2619	12816041
2620	12819426
2621	12819971
2622	12827218
2623	12827549
2624	12828155
2625	12828978
2626	12830310
2627	12836940
2628	12837099
2629	12837643
2630	12837710
2631	12844820
2632	12852650
2633	12852695
2634	12852921
2635	12860435
2636	12868314
2637	12869898
2638	12876213
2639	12876719
2640	12879924
2641	12880283
2642	12880403
2643	12886711
2644	12891461
2645	12902774
2646	12903249
2647	12906119
2648	12906419
2649	12919468
2650	12937040
2651	12937426
2652	12937718
2653	12948568
2654	12950205
2655	12950322
2656	12959553
2657	12966302
2658	12971548
2659	12971689
2660	12975721
2661	12975869
2662	12981061
2663	12988241
2664	12991300
2665	12993689
2666	12993933
2667	12999179
2668	12999186
2669	13002060
2670	13004244
2671	13005417
2672	13010317
2673	13017273
2674	13017616
2675	13017626
2676	13029147
2677	13032642
2678	13033184
2679	13046174
2680	13048283
2681	13052682
2682	13053022
2683	13061387
2684	13061534
2685	13061826
2686	13062322
2687	13071303
2688	13083531
2689	13084817
2690	13089613
2691	13102371
2692	13103013
2693	13104489
2694	13104612
2695	13114293
2696	13117686
2697	13118574
2698	13121386
2699	13126454
2700	13127030
2701	13127334
2702	13127958
2703	13138015
2704	13142744
2705	13146884
2706	13147226
2707	13147241
2708	13149293
2709	13152656
2710	13152877
2711	13153180
2712	13155625
2713	13155804
2714	13155895
2715	13160329
2716	13165825
2717	13166234
2718	13166721
2719	13171207
2720	13177236
2721	13183140
2722	13187389
2723	13191611
2724	13191653
2725	13209622
2726	13209781
2727	13235248
2728	13235326
2729	13240637
2730	13241635
2731	13242009
2732	13242091
2733	13243203
2734	13243222
2735	13247945
2736	13250877
2737	13250927
2738	13251749
2739	13259142
2740	13262199
2741	13263086
2742	13263090
2743	13273621
2744	13275510
2745	13275590
2746	13283307
2747	13283373
2748	13284018
2749	13284288
2750	13284355
2751	13288264
2752	13291116
2753	13293274
2754	13293635
2755	13293724
2756	13294121
2757	13301407
2758	13305341
2759	13311080
2760	13311365
2761	13316936
2762	13317038
2763	13317246
2764	13317922
2765	13323034
2766	13324426
2767	13324973
2768	13327831
2769	13328103
2770	13330460
2771	13331604
2772	13332172
2773	13332560
2774	13332805
2775	13333324
2776	13333419
2777	13334761
2778	13335332
2779	13346574
2780	13347238
2781	13348028
2782	13348052
2783	13348699
2784	13349173
2785	13349558
2786	13356491
2787	13357106
2788	13369798
2789	13376046
2790	13376352
2791	13380484
2792	13381490
2793	13386483
2794	13389872
2795	13392125
2796	13395156
2797	13396198
2798	13406842
2799	13416142
2800	13427340
2801	13428169
2802	13434727
2803	13442686
2804	13445500
2805	13456248
2806	13461353
2807	13464525
2808	13473051
2809	13488991
2810	13489966
2811	13490044
2812	13492525
2813	13497867
2814	13504441
2815	13509126
2816	13518645
2817	13519134
2818	13519538
2819	13519762
2820	13523608
2821	13529145
2822	13529153
2823	13529355
2824	13529473
2825	13529806
2826	13531102
2827	13532288
2828	13534023
2829	13535067
2830	13545509
2831	13545701
2832	13545917
2833	13562314
2834	13567150
2835	13568075
2836	13568257
2837	13572977
2838	13582921
2839	13585288
2840	13592322
2841	13592372
2842	13597087
2843	13598200
2844	13613024
2845	13615997
2846	13621344
2847	13628182
2848	13628988
2849	13633025
2850	13633047
2851	13633049
2852	13633236
2853	13634387
2854	13634425
2855	13641266
2856	13641279
2857	13653634
2858	13658388
2859	13659721
2860	13662027
2861	13662803
2862	13669569
2863	13670254
2864	13670421
2865	13670534
2866	13670546
2867	13670547
2868	13671195
2869	13673426
2870	13673640
2871	13682388
2872	13683092
2873	13686255
2874	13687748
2875	13687827
2876	13693009
2877	13696313
2878	13699014
2879	13702128
2880	13706828
2881	13710102
2882	13711881
2883	13712218
2884	13712243
2885	13712887
2886	13714153
2887	13717549
2888	13718697
2889	13718699
2890	13727402
2891	13728065
2892	13728438
2893	13728632
2894	13733141
2895	13738914
2896	13738931
2897	13739817
2898	13740381
2899	13741687
2900	13750014
2901	13750375
2902	13751264
2903	13753968
2904	13754405
2905	13762594
2906	13767976
2907	13772341
2908	13772344
2909	13777395
2910	13779610
2911	13784510
2912	13785021
2913	13785681
2914	13786127
2915	13788250
2916	13788280
2917	13793379
2918	13793659
2919	13798304
2920	13799505
2921	13799658
2922	13811633
2923	13822184
2924	13826573
2925	13834199
2926	13836726
2927	13840168
2928	13841401
2929	13841849
2930	13851712
2931	13851789
2932	13854913
2933	13855289
2934	13855965
2935	13856842
2936	13856995
2937	13862392
2938	13868472
2939	13868553
2940	13876552
2941	13878303
2942	13883564
2943	13883740
2944	13895504
2945	13896198
2946	13899622
2947	13899662
2948	13900305
2949	13900346
2950	13901327
2951	13901751
2952	13905260
2953	13905280
2954	13918045
2955	13918519
2956	13919181
2957	13920432
2958	13923187
2959	13933312
2960	13940232
2961	13940452
2962	13940835
2963	13943454
2964	13944180
2965	13955125
2966	13962917
2967	13963138
2968	13963909
2969	13968362
2970	13979844
2971	13980222
2972	13981044
2973	13982834
2974	13982838
2975	13983109
2976	13984141
2977	13984917
2978	13984972
2979	13985014
2980	13987987
2981	13990076
2982	13994935
2983	13999637
2984	14000376
2985	14006066
2986	14007550
2987	14008446
2988	14015611
2989	14015889
2990	14018575
2991	14023903
2992	14023932
2993	14026324
2994	14026985
2995	14030115
2996	14033068
2997	14033165
2998	14037198
2999	14044927
3000	14048782
3001	14053084
3002	14053422
3003	14054049
3004	14055233
3005	14056062
3006	14060549
3007	14071762
3008	14074199
3009	14076500
3010	14077021
3011	14077962
3012	14079228
3013	14086198
3014	14089900
3015	14090140
3016	14091164
3017	14091461
3018	14098397
3019	14102158
3020	14112724
3021	14112761
3022	14115751
3023	14120242
3024	14122360
3025	14123122
3026	14128182
3027	14133493
3028	14133559
3029	14133830
3030	14140431
3031	14141038
3032	14142896
3033	14143565
3034	14144377
3035	14146923
3036	14147078
3037	14150614
3038	14157605
3039	14158469
3040	14158763
3041	14158987
3042	14160582
3043	14170666
3044	14173787
3045	14180181
3046	14180258
3047	14207730
3048	14207982
3049	14208515
3050	14212458
3051	14217029
3052	14217419
3053	14218064
3054	14218152
3055	14219986
3056	14221272
3057	14223466
3058	14223494
3059	14223649
3060	14229386
3061	14229528
3062	14230405
3063	14242943
3064	14251009
3065	14251324
3066	14254150
3067	14256399
3068	14256616
3069	14261358
3070	14263394
3071	14264268
3072	14265204
3073	14265250
3074	14266242
3075	14266485
3076	14270600
3077	14272072
3078	14273742
3079	14273827
3080	14273917
3081	14274265
3082	14274391
3083	14274643
3084	14274958
3085	14278632
3086	14279072
3087	14280361
3088	14280807
3089	14284026
3090	14292781
3091	14293000
3092	14305494
3093	14311440
3094	14315656
3095	14317670
3096	14319395
3097	14325339
3098	14328584
3099	14328658
3100	14334352
3101	14335479
3102	14335603
3103	14338076
3104	14338095
3105	14338392
3106	14338841
3107	14339799
3108	14340165
3109	14341375
3110	14341737
3111	14351362
3112	14351391
3113	14351400
3114	14357041
3115	14357378
3116	14357618
3117	14366254
3118	14370505
3119	14370582
3120	14370817
3121	14374304
3122	14377565
3123	14379989
3124	14381234
3125	14381860
3126	14382106
3127	14395871
3128	14397053
3129	14402235
3130	14411306
3131	14423350
3132	14423712
3133	14424158
3134	14425499
3135	14425770
3136	14425989
3137	14436823
3138	14437215
3139	14447975
3140	14451040
3141	14451563
3142	14452235
3143	14454271
3144	14468079
3145	14468812
3146	14469204
3147	14469532
3148	14472202
3149	14472346
3150	14472998
3151	14473740
3152	14474714
3153	14475762
3154	14481211
3155	14485607
3156	14486665
3157	14486829
3158	14487188
3159	14487287
3160	14492934
3161	14499996
3162	14505386
3163	14513179
3164	14518251
3165	14527756
3166	14532131
3167	14535263
3168	14535545
3169	14536140
3170	14536314
3171	14538102
3172	14541889
3173	14541935
3174	14541943
3175	14545283
3176	14546288
3177	14553510
3178	14567087
3179	14576392
3180	14577147
3181	14577180
3182	14579642
3183	14582156
3184	14582624
3185	14599063
3186	14601575
3187	14605242
3188	14606844
3189	14614737
3190	14627945
3191	14628113
3192	14635196
3193	14636329
3194	14637002
3195	14637131
3196	14637140
3197	14639299
3198	14639705
3199	14640023
3200	14641829
3201	14642503
3202	14648094
3203	14654670
3204	14655064
3205	14655747
3206	14655822
3207	14656304
3208	14659783
3209	14662512
3210	14672956
3211	14675439
3212	14677846
3213	14678230
3214	14680216
3215	14686695
3216	14695567
3217	14699059
3218	14699147
3219	14702561
3220	14708697
3221	14709899
3222	14711528
3223	14713767
3224	14723454
3225	14723498
3226	14724506
3227	14728742
3228	14739259
3229	14746336
3230	14746810
3231	14750129
3232	14750962
3233	14751146
3234	14758564
3235	14758710
3236	14759081
3237	14760128
3238	14761467
3239	14762523
3240	14763379
3241	14763868
3242	14763986
3243	14769237
3244	14773650
3245	14776885
3246	14777221
3247	14777308
3248	14777465
3249	14788232
3250	14789724
3251	14790626
3252	14790985
3253	14791999
3254	14805118
3255	14805526
3256	14807662
3257	14817597
3258	14817923
3259	14818022
3260	14818848
3261	14818983
3262	14825705
3263	14831267
3264	14831926
3265	14839792
3266	14841636
3267	14846122
3268	14847477
3269	14847769
3270	14847970
3271	14848066
3272	14853433
3273	14860247
3274	14872063
3275	14872478
3276	14872519
3277	14874219
3278	14886046
3279	14888605
3280	14894333
3281	14896916
3282	14897056
3283	14906527
3284	14907991
3285	14908291
3286	14913863
3287	14915244
3288	14915456
3289	14915969
3290	14916522
3291	14926478
3292	14926538
3293	14929781
3294	14931445
3295	14931453
3296	14936429
3297	14937891
3298	14938439
3299	14938625
3300	14938853
3301	14947224
3302	14951906
3303	14952134
3304	14952184
3305	14955839
3306	14971060
3307	14976451
3308	14976507
3309	14981109
3310	14984661
3311	14987842
3312	14988893
3313	14989612
3314	14992189
3315	15002144
3316	15005484
3317	15008471
3318	15011514
3319	15012165
3320	15013930
3321	15013932
3322	15014175
3323	15023141
3324	15032990
3325	15033194
3326	15034614
3327	15035098
3328	15041419
3329	15041501
3330	15046701
3331	15047112
3332	15057386
3333	15067219
3334	15067710
3335	15075776
3336	15084027
3337	15084647
3338	15090711
3339	15092154
3340	15095596
3341	15103936
3342	15103950
3343	15107338
3344	15110472
3345	15112146
3346	15114357
3347	15115100
3348	15116054
3349	15116130
3350	15116228
3351	15125029
3352	15125254
3353	15133263
3354	15133263
3355	15133649
3356	15136455
3357	15149298
3358	15151227
3359	15152141
3360	15152687
3361	15152752
3362	15154264
3363	15154313
3364	15156979
3365	15157091
3366	15158975
3367	15163631
3368	15165180
3369	15166813
3370	15170691
3371	15178492
3372	15184281
3373	15184312
3374	15187612
3375	15187881
3376	15188327
3377	15188706
3378	15191615
3379	15192106
3380	15192151
3381	15192719
3382	15193600
3383	15203017
3384	15203907
3385	15204541
3386	15209812
3387	15210712
3388	15211282
3389	15214130
3390	15216245
3391	15225156
3392	15229100
3393	15236330
3394	15246492
3395	15246541
3396	15246565
3397	15250238
3398	15261299
3399	15266937
3400	15270258
3401	15277195
3402	15279587
3403	15281856
3404	15282199
3405	15282224
3406	15284487
3407	15284710
3408	15285317
3409	15302318
3410	15308714
3411	15309750
3412	15311042
3413	15311341
3414	15314700
3415	15316210
3416	15317407
3417	15318785
3418	15320708
3419	15323370
3420	15324095
3421	15324130
3422	15329192
3423	15329551
3424	15330259
3425	15333575
3426	15333575
3427	15340148
3428	15342247
3429	15348140
3430	15348541
3431	15349922
3432	15351834
3433	15360769
3434	15360863
3435	15364203
3436	15367085
3437	15369171
3438	15373262
3439	15377995
3440	15378030
3441	15379422
3442	15380944
3443	15381568
3444	15383844
3445	15385369
3446	15391130
3447	15398377
3448	15399317
3449	15407057
3450	15417594
3451	15418389
3452	15421735
3453	15422235
3454	15422264
3455	15423485
3456	15425721
3457	15425922
3458	15439815
3459	15440103
3460	15440476
3461	15449303
3462	15461644
3463	15464916
3464	15465246
3465	15465755
3466	15467101
3467	15467740
3468	15469837
3469	15470084
3470	15474556
3471	15475492
3472	15476289
3473	15484214
3474	15484267
3475	15486501
3476	15492631
3477	15492666
3478	15495573
3479	15496493
3480	15506448
3481	15506461
3482	15506813
3483	15510392
3484	15510448
3485	15522603
3486	15527095
3487	15527108
3488	15527250
3489	15528632
3490	15529065
3491	15529095
3492	15529392
3493	15530367
3494	15530993
3495	15533448
3496	15534129
3497	15537581
3498	15539471
3499	15541539
3500	15541661
3501	15542947
3502	15547122
3503	15549587
3504	15561583
3505	15562063
3506	15566209
3507	15566410
3508	15568567
3509	15572171
3510	15572775
3511	15586443
3512	15587437
3513	15596913
3514	15601901
3515	15602207
3516	15602281
3517	15603655
3518	15603661
3519	15606911
3520	15613400
3521	15619420
3522	15620024
3523	15620057
3524	15628560
3525	15629147
3526	15629736
3527	15634322
3528	15634959
3529	15637250
3530	15638302
3531	15638384
3532	15640048
3533	15640123
3534	15640132
3535	15641761
3536	15642723
3537	15644964
3538	15645096
3539	15645350
3540	15648175
3541	15659600
3542	15661650
3543	15667365
3544	15667490
3545	15668842
3546	15669895
3547	15671491
3548	15671758
3549	15684408
3550	15684719
3551	15698747
3552	15699419
3553	15708843
3554	15721848
3555	15721856
3556	15722250
3557	15722423
3558	15723953
3559	15729203
3560	15732403
3561	15742951
3562	15744160
3563	15745292
3564	15757037
3565	15757044
3566	15757093
3567	15758521
3568	15758781
3569	15760042
3570	15760366
3571	15760701
3572	15760813
3573	15769951
3574	15773003
3575	15778458
3576	15780944
3577	15784226
3578	15784511
3579	15784529
3580	15784887
3581	15785747
3582	15786458
3583	15792682
3584	15792792
3585	15793521
3586	15794996
3587	15811344
3588	15818983
3589	15827675
3590	15831161
3591	15834825
3592	15839272
3593	15839351
3594	15840223
3595	15842549
3596	15844108
3597	15845874
3598	15849272
3599	15851267
3600	15851667
3601	15852818
3602	15853398
3603	15854205
3604	15854504
3605	15866536
3606	15867450
3607	15869395
3608	15869547
3609	15869561
3610	15876483
3611	15876820
3612	15877672
3613	15878207
3614	15879419
3615	15879565
3616	15887623
3617	15887627
3618	15887712
3619	15889713
3620	15889713
3621	15892509
3622	15897996
3623	15898430
3624	15902975
3625	15906944
3626	15914024
3627	15914161
3628	15914935
3629	15919766
3630	15932378
3631	15933953
3632	15933969
3633	15934077
3634	15939243
3635	15941708
3636	15942015
3637	15947789
3638	15948177
3639	15954117
3640	15956591
3641	15958362
3642	15959522
3643	15959907
3644	15963752
3645	15970746
3646	15970784
3647	15974699
3648	15974759
3649	15977940
3650	15977951
3651	15986401
3652	15986780
3653	15987699
3654	15994355
3655	15995139
3656	15995245
3657	15995626
3658	15999833
3659	16002187
3660	16004676
3661	16005455
3662	16006435
3663	16006440
3664	16013806
3665	16017501
3666	16029076
3667	16038144
3668	16040064
3669	16040353
3670	16040722
3671	16043978
3672	16044589
3673	16044626
3674	16051346
3675	16054219
3676	16055213
3677	16056416
3678	16056533
3679	16060628
3680	16060971
3681	16066839
3682	16066862
3683	16070238
3684	16076048
3685	16079435
3686	16080363
3687	16083284
3688	16090985
3689	16091079
3690	16091150
3691	16092307
3692	16100498
3693	16101039
3694	16104639
3695	16107631
3696	16109440
3697	16109693
3698	16110304
3699	16110629
3700	16111675
3701	16125291
3702	16126776
3703	16127464
3704	16142214
3705	16143229
3706	16143571
3707	16143585
3708	16148572
3709	16149013
3710	16149581
3711	16150221
3712	16160006
3713	16160594
3714	16166128
3715	16167175
3716	16170302
3717	16173387
3718	16179955
3719	16186393
3720	16186618
3721	16187728
3722	16187815
3723	16195536
3724	16195538
3725	16196465
3726	16197700
3727	16198106
3728	16198399
3729	16198468
3730	16198710
3731	16203766
3732	16208159
3733	16208576
3734	16208917
3735	16212394
3736	16212489
3737	16214764
3738	16217149
3739	16217394
3740	16221451
3741	16221997
3742	16222103
3743	16222889
3744	16223536
3745	16223632
3746	16231139
3747	16234107
3748	16234152
3749	16234430
3750	16234648
3751	16234684
3752	16248240
3753	16258328
3754	16258337
3755	16260057
3756	16263903
3757	16263937
3758	16263950
3759	16269042
3760	16269762
3761	16279990
3762	16280326
3763	16280839
3764	16282520
3765	16283380
3766	16283846
3767	16284713
3768	16285766
3769	16287935
3770	16288668
3771	16293128
3772	16295177
3773	16300289
3774	16301588
3775	16304130
3776	16304980
3777	16311091
3778	16321469
3779	16325317
3780	16326551
3781	16327306
3782	16327662
3783	16328050
3784	16328056
3785	16328313
3786	16332997
3787	16333146
3788	16343624
3789	16343638
3790	16344185
3791	16344289
3792	16344302
3793	16350931
3794	16352139
3795	16352666
3796	16353196
3797	16353374
3798	16355309
3799	16358984
3800	16359415
3801	16372768
3802	16373207
3803	16379828
3804	16380009
3805	16382507
3806	16382619
3807	16383245
3808	16391328
3809	16391330
3810	16394224
3811	16394548
3812	16394584
3813	16398267
3814	16398729
3815	16399758
3816	16410838
3817	16414954
3818	16415966
3819	16423053
3820	16423085
3821	16423296
3822	16424598
3823	16427023
3824	16427626
3825	16427672
3826	16430301
3827	16430315
3828	16430591
3829	16431047
3830	16431197
3831	16434918
3832	16442752
3833	16444123
3834	16444618
3835	16451832
3836	16455035
3837	16459892
3838	16461439
3839	16461477
3840	16466328
3841	16466330
3842	16472357
3843	16475507
3844	16476412
3845	16476486
3846	16478129
3847	16478262
3848	16486686
3849	16486720
3850	16497121
3851	16505118
3852	16505769
3853	16514158
3854	16516912
3855	16517072
3856	16520867
3857	16523940
3858	16525107
3859	16525703
3860	16526168
3861	16530057
3862	16536103
3863	16545045
3864	16551492
3865	16552949
3866	16553664
3867	16556117
3868	16567845
3869	16568270
3870	16568650
3871	16569211
3872	16571389
3873	16575864
3874	16575916
3875	16577490
3876	16578328
3877	16589091
3878	16590155
3879	16595458
3880	16595518
3881	16606937
3882	16608631
3883	16608687
3884	16608751
3885	16615284
3886	16616388
3887	16616389
3888	16618328
3889	16622138
3890	16631679
3891	16633704
3892	16633820
3893	16635778
3894	16636304
3895	16639589
3896	16650771
3897	16655987
3898	16657054
3899	16659403
3900	16661886
3901	16666046
3902	16675529
3903	16679699
3904	16680280
3905	16681614
3906	16682048
3907	16684772
3908	16694347
3909	16695072
3910	16697225
3911	16697225
3912	16698395
3913	16707339
3914	16712682
3915	16716415
3916	16725410
3917	16726856
3918	16727103
3919	16727156
3920	16727790
3921	16727932
3922	16728220
3923	16729773
3924	16730566
3925	16733806
3926	16733955
3927	16741713
3928	16743950
3929	16748548
3930	16753698
3931	16755943
3932	16756779
3933	16758109
3934	16762377
3935	16763301
3936	16763561
3937	16764532
3938	16764799
3939	16769749
3940	16774248
3941	16774514
3942	16776493
3943	16780955
3944	16792164
3945	16798962
3946	16802808
3947	16803071
3948	16810747
3949	16811481
3950	16816031
3951	16818326
3952	16820050
3953	16823356
3954	16825671
3955	16825722
3956	16827093
3957	16827273
3958	16828396
3959	16834773
3960	16837149
3961	16839770
3962	16846742
3963	16848101
3964	16850669
3965	16851786
3966	16853095
3967	16855122
3968	16855697
3969	16857060
3970	16857528
3971	16858215
3972	16861533
3973	16865383
3974	16868460
3975	16870406
3976	16870423
3977	16870739
3978	16882394
3979	16883748
3980	16884761
3981	16885518
3982	16885799
3983	16886845
3984	16888723
3985	16896394
3986	16899727
3987	16900301
3988	16904508
3989	16904761
3990	16905273
3991	16905685
3992	16905838
3993	16906669
3994	16907313
3995	16917402
3996	16921366
3997	16921447
3998	16921886
3999	16924183
4000	16927690
4001	16928393
4002	16928426
4003	16935221
4004	16940899
4005	16940931
4006	16940947
4007	16941049
4008	16946042
4009	16954933
4010	16956197
4011	16957181
4012	16957497
4013	16961543
4014	16970737
4015	16971016
4016	16971128
4017	16973481
4018	16986362
4019	16986778
4020	16988535
4021	16995262
4022	16995316
4023	16998973
4024	17000520
4025	17000534
4026	17000949
4027	17001104
4028	17001932
4029	17002612
4030	17003393
4031	17004561
4032	17004860
4033	17005445
4034	17006045
4035	17006063
4036	17007364
4037	17007673
4038	17008685
4039	17014617
4040	17016263
4041	17018454
4042	17019537
4043	17031095
4044	17031518
4045	17036301
4046	17036407
4047	17041151
4048	17045647
4049	17048825
4050	17053705
4051	17057723
4052	17059479
4053	17059968
4054	17060562
4055	17066625
4056	17071683
4057	17072648
4058	17072985
4059	17073880
4060	17081725
4061	17082845
4062	17083335
4063	17086945
4064	17089421
4065	17094831
4066	17094995
4067	17104302
4068	17105405
4069	17105439
4070	17106597
4071	17110970
4072	17115983
4073	17116983
4074	17127786
4075	17132903
4076	17133276
4077	17137513
4078	17138618
4079	17151263
4080	17151882
4081	17165172
4082	17165967
4083	17168579
4084	17171722
4085	17171981
4086	17172166
4087	17172717
4088	17173822
4089	17174529
4090	17179450
4091	17180451
4092	17180998
4093	17185537
4094	17188781
4095	17191738
4096	17193518
4097	17193865
4098	17203026
4099	17203177
4100	17209512
4101	17221717
4102	17225453
4103	17238958
4104	17241026
4105	17246288
4106	17246290
4107	17248348
4108	17249134
4109	17255159
4110	17256109
4111	17256833
4112	17259919
4113	17259960
4114	17260830
4115	17263731
4116	17264562
4117	17265274
4118	17266858
4119	17270473
4120	17271163
4121	17273983
4122	17276788
4123	17276927
4124	17278020
4125	17278630
4126	17278742
4127	17282728
4128	17283710
4129	17287964
4130	17289033
4131	17292775
4132	17299806
4133	17300237
4134	17302806
4135	17303745
4136	17304049
4137	17306006
4138	17309187
4139	17309252
4140	17310698
4141	17315715
4142	17315807
4143	17316167
4144	17316243
4145	17321687
4146	17321761
4147	17326345
4148	17331226
4149	17331905
4150	17332196
4151	17332529
4152	17332769
4153	17333675
4154	17338538
4155	17342623
4156	17343539
4157	17344480
4158	17344896
4159	17345034
4160	17345372
4161	17355614
4162	17355647
4163	17357369
4164	17361223
4165	17362476
4166	17366606
4167	17369720
4168	17369825
4169	17370124
4170	17370272
4171	17370311
4172	17370464
4173	17372006
4174	17378770
4175	17378866
4176	17378882
4177	17379714
4178	17381878
4179	17384982
4180	17389077
4181	17390135
4182	17397425
4183	17398445
4184	17399408
4185	17407113
4186	17407509
4187	17409127
4188	17409431
4189	17410176
4190	17411057
4191	17411199
4192	17412771
4193	17413845
4194	17414319
4195	17414847
4196	17418378
4197	17426139
4198	17429530
4199	17430329
4200	17430868
4201	17435800
4202	17437639
4203	17438431
4204	17440694
4205	17447410
4206	17452995
4207	17460852
4208	17467934
4209	17468256
4210	17468459
4211	17470088
4212	17470346
4213	17470360
4214	17470975
4215	17497304
4216	17497677
4217	17501272
4218	17516754
4219	17516940
4220	17516961
4221	17525541
4222	17525625
4223	17526076
4224	17536001
4225	17536173
4226	17536637
4227	17546066
4228	17548441
4229	17550328
4230	17550454
4231	17551619
4232	17551822
4233	17556930
4234	17557576
4235	17565499
4236	17576828
4237	17577864
4238	17581452
4239	17582981
4240	17584469
4241	17584580
4242	17584710
4243	17592531
4244	17594490
4245	17597270
4246	17601860
4247	17601877
4248	17601941
4249	17602308
4250	17602706
4251	17603333
4252	17603720
4253	17603757
4254	17604051
4255	17610414
4256	17610502
4257	17611150
4258	17611159
4259	17611398
4260	17611588
4261	17612034
4262	17612152
4263	17613219
4264	17614991
4265	17618349
4266	17618541
4267	17626194
4268	17637089
4269	17639999
4270	17640392
4271	17640440
4272	17640474
4273	17641214
4274	17647867
4275	17653059
4276	17653426
4277	17653605
4278	17656718
4279	17658079
4280	17658103
4281	17670199
4282	17675681
4283	17676522
4284	17677405
4285	17678080
4286	17681615
4287	17686849
4288	17692773
4289	17692920
4290	17694317
4291	17694497
4292	17695343
4293	17698670
4294	17698835
4295	17698859
4296	17699066
4297	17699350
4298	17699429
4299	17702688
4300	17704213
4301	17704256
4302	17705331
4303	17706139
4304	17706209
4305	17706222
4306	17709308
4307	17713771
4308	17714231
4309	17727956
4310	17728292
4311	17737675
4312	17738012
4313	17744051
4314	17749142
4315	17749527
4316	17751552
4317	17751815
4318	17752583
4319	17753757
4320	17759195
4321	17760529
4322	17762010
4323	17762605
4324	17762762
4325	17764526
4326	17765105
4327	17775385
4328	17775565
4329	17776604
4330	17776902
4331	17777291
4332	17779948
4333	17780562
4334	17784144
4335	17789499
4336	17790485
4337	17799553
4338	17810573
4339	17812036
4340	17813218
4341	17813761
4342	17820459
4343	17820534
4344	17832803
4345	17836387
4346	17845691
4347	17845761
4348	17846634
4349	17848528
4350	17848883
4351	17852315
4352	17853584
4353	17867578
4354	17867801
4355	17875244
4356	17878767
4357	17888255
4358	17889359
4359	17890281
4360	17896340
4361	17898900
4362	17899446
4363	17899520
4364	17902419
4365	17902888
4366	17909334
4367	17909346
4368	17909558
4369	17912201
4370	17912633
4371	17912798
4372	17913003
4373	17918544
4374	17919196
4375	17922629
4376	17923472
4377	17926628
4378	17929260
4379	17930402
4380	17932610
4381	17937430
4382	17937574
4383	17942194
4384	17942216
4385	17946451
4386	17957809
4387	17961110
4388	17967151
4389	17967437
4390	17972651
4391	17975790
4392	17979677
4393	17980160
4394	17981015
4395	17983034
4396	17987401
4397	17991672
4398	17996032
4399	17996723
4400	17996810
4401	17997256
4402	17997267
4403	17999727
4404	18005674
4405	18005903
4406	18006115
4407	18008796
4408	18011474
4409	18022640
4410	18022643
4411	18023753
4412	18027124
4413	18033711
4414	18034239
4415	18035709
4416	18038781
4417	18040312
4418	18040949
4419	18046539
4420	18052671
4421	18056298
4422	18057911
4423	18089424
4424	18092507
4425	18092690
4426	18093351
4427	18096784
4428	18101029
4429	18101601
4430	18107617
4431	18111442
4432	18111696
4433	18115883
4434	18118176
4435	18119525
4436	18122782
4437	18124903
4438	18127314
4439	18127486
4440	18133035
4441	18133366
4442	18133521
4443	18139483
4444	18141707
4445	18141723
4446	18148087
4447	18148310
4448	18163236
4449	18163488
4450	18171327
4451	18179195
4452	18180986
4453	18187266
4454	18190595
4455	18194453
4456	18197769
4457	18198531
4458	18199074
4459	18199764
4460	18202469
4461	18207518
4462	18208132
4463	18208184
4464	18208298
4465	18211791
4466	18211849
4467	18212300
4468	18212631
4469	18213473
4470	18215471
4471	18217048
4472	18217202
4473	18229860
4474	18231117
4475	18231721
4476	18232704
4477	18237442
4478	18240972
4479	18242187
4480	18246036
4481	18246270
4482	18246778
